h,item_i,item_j,wins,count,losses,win_rate,dataset,reference
1,4,124,1,1,0,1,atp_2011,full_data
1,16,93,1,1,0,1,atp_2011,full_data
1,16,165,0,1,1,0,atp_2011,full_data
1,16,313,1,1,0,1,atp_2011,full_data
1,16,356,1,1,0,1,atp_2011,full_data
1,18,180,1,1,0,1,atp_2011,full_data
1,18,295,1,1,0,1,atp_2011,full_data
1,20,40,1,1,0,1,atp_2011,full_data
1,20,62,1,1,0,1,atp_2011,full_data
1,20,122,1,1,0,1,atp_2011,full_data
1,20,127,0,1,1,0,atp_2011,full_data
1,20,163,1,1,0,1,atp_2011,full_data
1,20,202,1,1,0,1,atp_2011,full_data
1,20,266,1,1,0,1,atp_2011,full_data
1,20,286,0,1,1,0,atp_2011,full_data
1,20,365,1,1,0,1,atp_2011,full_data
1,20,408,0,1,1,0,atp_2011,full_data
1,23,34,2,2,0,1,atp_2011,full_data
1,23,68,1,1,0,1,atp_2011,full_data
1,23,78,1,1,0,1,atp_2011,full_data
1,23,89,0,1,1,0,atp_2011,full_data
1,23,147,0,1,1,0,atp_2011,full_data
1,23,261,0,1,1,0,atp_2011,full_data
1,23,310,1,1,0,1,atp_2011,full_data
1,23,340,1,1,0,1,atp_2011,full_data
1,23,366,1,2,1,0.5,atp_2011,full_data
1,23,425,0,1,1,0,atp_2011,full_data
1,30,11,1,1,0,1,atp_2011,full_data
1,30,40,0,1,1,0,atp_2011,full_data
1,30,87,1,1,0,1,atp_2011,full_data
1,30,90,1,1,0,1,atp_2011,full_data
1,30,94,1,1,0,1,atp_2011,full_data
1,30,146,0,1,1,0,atp_2011,full_data
1,30,173,1,1,0,1,atp_2011,full_data
1,30,177,1,1,0,1,atp_2011,full_data
1,30,189,1,1,0,1,atp_2011,full_data
1,30,193,1,1,0,1,atp_2011,full_data
1,30,201,1,1,0,1,atp_2011,full_data
1,30,202,1,1,0,1,atp_2011,full_data
1,30,215,1,1,0,1,atp_2011,full_data
1,30,231,1,1,0,1,atp_2011,full_data
1,30,239,1,1,0,1,atp_2011,full_data
1,30,249,1,1,0,1,atp_2011,full_data
1,30,282,1,1,0,1,atp_2011,full_data
1,30,294,0,1,1,0,atp_2011,full_data
1,30,295,2,2,0,1,atp_2011,full_data
1,30,311,1,1,0,1,atp_2011,full_data
1,30,366,1,1,0,1,atp_2011,full_data
1,30,388,1,1,0,1,atp_2011,full_data
1,34,64,1,1,0,1,atp_2011,full_data
1,34,68,1,1,0,1,atp_2011,full_data
1,34,87,1,1,0,1,atp_2011,full_data
1,34,97,1,1,0,1,atp_2011,full_data
1,34,218,1,1,0,1,atp_2011,full_data
1,34,222,1,1,0,1,atp_2011,full_data
1,34,293,1,2,1,0.5,atp_2011,full_data
1,34,294,0,1,1,0,atp_2011,full_data
1,35,30,0,1,1,0,atp_2011,full_data
1,35,41,1,1,0,1,atp_2011,full_data
1,35,59,1,1,0,1,atp_2011,full_data
1,35,84,0,1,1,0,atp_2011,full_data
1,35,121,1,1,0,1,atp_2011,full_data
1,35,143,1,1,0,1,atp_2011,full_data
1,35,162,1,1,0,1,atp_2011,full_data
1,35,164,1,1,0,1,atp_2011,full_data
1,35,197,0,1,1,0,atp_2011,full_data
1,35,202,1,1,0,1,atp_2011,full_data
1,35,214,1,1,0,1,atp_2011,full_data
1,35,215,1,1,0,1,atp_2011,full_data
1,35,235,2,2,0,1,atp_2011,full_data
1,35,269,1,1,0,1,atp_2011,full_data
1,35,270,1,1,0,1,atp_2011,full_data
1,35,293,1,1,0,1,atp_2011,full_data
1,35,294,1,1,0,1,atp_2011,full_data
1,35,295,1,1,0,1,atp_2011,full_data
1,35,297,1,1,0,1,atp_2011,full_data
1,35,304,1,1,0,1,atp_2011,full_data
1,35,356,2,2,0,1,atp_2011,full_data
1,38,235,1,1,0,1,atp_2011,full_data
1,38,261,1,1,0,1,atp_2011,full_data
1,38,314,1,1,0,1,atp_2011,full_data
1,40,78,1,1,0,1,atp_2011,full_data
1,40,163,1,1,0,1,atp_2011,full_data
1,40,180,1,1,0,1,atp_2011,full_data
1,40,199,1,1,0,1,atp_2011,full_data
1,40,218,1,1,0,1,atp_2011,full_data
1,40,221,1,1,0,1,atp_2011,full_data
1,40,222,1,1,0,1,atp_2011,full_data
1,40,313,1,1,0,1,atp_2011,full_data
1,40,315,1,1,0,1,atp_2011,full_data
1,40,321,1,1,0,1,atp_2011,full_data
1,40,408,0,1,1,0,atp_2011,full_data
1,40,415,1,1,0,1,atp_2011,full_data
1,41,292,1,1,0,1,atp_2011,full_data
1,42,228,1,1,0,1,atp_2011,full_data
1,46,23,1,1,0,1,atp_2011,full_data
1,46,44,0,1,1,0,atp_2011,full_data
1,46,62,1,1,0,1,atp_2011,full_data
1,46,70,1,1,0,1,atp_2011,full_data
1,46,75,1,1,0,1,atp_2011,full_data
1,46,87,1,1,0,1,atp_2011,full_data
1,46,136,1,1,0,1,atp_2011,full_data
1,46,146,0,1,1,0,atp_2011,full_data
1,46,215,1,2,1,0.5,atp_2011,full_data
1,46,219,1,1,0,1,atp_2011,full_data
1,46,227,1,1,0,1,atp_2011,full_data
1,46,282,1,1,0,1,atp_2011,full_data
1,46,305,1,1,0,1,atp_2011,full_data
1,46,313,1,2,1,0.5,atp_2011,full_data
1,46,314,1,1,0,1,atp_2011,full_data
1,46,331,1,1,0,1,atp_2011,full_data
1,46,342,1,1,0,1,atp_2011,full_data
1,48,437,1,1,0,1,atp_2011,full_data
1,50,35,1,1,0,1,atp_2011,full_data
1,50,63,1,1,0,1,atp_2011,full_data
1,50,97,1,1,0,1,atp_2011,full_data
1,50,107,0,1,1,0,atp_2011,full_data
1,50,121,2,2,0,1,atp_2011,full_data
1,50,136,1,1,0,1,atp_2011,full_data
1,50,141,1,1,0,1,atp_2011,full_data
1,50,145,1,1,0,1,atp_2011,full_data
1,50,152,1,1,0,1,atp_2011,full_data
1,50,164,1,1,0,1,atp_2011,full_data
1,50,178,0,1,1,0,atp_2011,full_data
1,50,185,0,1,1,0,atp_2011,full_data
1,50,237,2,2,0,1,atp_2011,full_data
1,50,245,2,2,0,1,atp_2011,full_data
1,50,260,1,1,0,1,atp_2011,full_data
1,50,298,1,1,0,1,atp_2011,full_data
1,50,314,1,1,0,1,atp_2011,full_data
1,50,342,0,1,1,0,atp_2011,full_data
1,50,344,0,1,1,0,atp_2011,full_data
1,50,350,0,1,1,0,atp_2011,full_data
1,50,397,1,1,0,1,atp_2011,full_data
1,51,386,1,1,0,1,atp_2011,full_data
1,51,466,1,1,0,1,atp_2011,full_data
1,54,437,1,1,0,1,atp_2011,full_data
1,58,272,1,1,0,1,atp_2011,full_data
1,59,16,0,1,1,0,atp_2011,full_data
1,59,40,1,1,0,1,atp_2011,full_data
1,59,63,1,1,0,1,atp_2011,full_data
1,59,70,1,1,0,1,atp_2011,full_data
1,59,86,1,1,0,1,atp_2011,full_data
1,59,89,1,1,0,1,atp_2011,full_data
1,59,103,2,2,0,1,atp_2011,full_data
1,59,121,2,2,0,1,atp_2011,full_data
1,59,153,1,1,0,1,atp_2011,full_data
1,59,162,1,1,0,1,atp_2011,full_data
1,59,221,1,1,0,1,atp_2011,full_data
1,59,249,1,1,0,1,atp_2011,full_data
1,59,267,1,1,0,1,atp_2011,full_data
1,59,304,1,1,0,1,atp_2011,full_data
1,59,311,1,1,0,1,atp_2011,full_data
1,60,13,1,1,0,1,atp_2011,full_data
1,60,18,1,1,0,1,atp_2011,full_data
1,60,171,1,1,0,1,atp_2011,full_data
1,61,317,1,1,0,1,atp_2011,full_data
1,62,16,1,1,0,1,atp_2011,full_data
1,62,42,1,1,0,1,atp_2011,full_data
1,62,61,1,1,0,1,atp_2011,full_data
1,62,89,0,1,1,0,atp_2011,full_data
1,62,94,1,1,0,1,atp_2011,full_data
1,62,146,0,1,1,0,atp_2011,full_data
1,62,207,1,1,0,1,atp_2011,full_data
1,62,235,1,1,0,1,atp_2011,full_data
1,62,270,1,1,0,1,atp_2011,full_data
1,62,313,1,1,0,1,atp_2011,full_data
1,62,331,0,1,1,0,atp_2011,full_data
1,62,342,0,1,1,0,atp_2011,full_data
1,62,425,1,1,0,1,atp_2011,full_data
1,63,16,0,1,1,0,atp_2011,full_data
1,63,42,1,1,0,1,atp_2011,full_data
1,63,58,1,1,0,1,atp_2011,full_data
1,63,62,1,1,0,1,atp_2011,full_data
1,63,68,1,2,1,0.5,atp_2011,full_data
1,63,84,1,1,0,1,atp_2011,full_data
1,63,89,1,1,0,1,atp_2011,full_data
1,63,97,1,1,0,1,atp_2011,full_data
1,63,146,1,1,0,1,atp_2011,full_data
1,63,153,1,1,0,1,atp_2011,full_data
1,63,162,1,1,0,1,atp_2011,full_data
1,63,163,1,1,0,1,atp_2011,full_data
1,63,202,0,1,1,0,atp_2011,full_data
1,63,227,1,1,0,1,atp_2011,full_data
1,63,237,1,1,0,1,atp_2011,full_data
1,63,272,0,1,1,0,atp_2011,full_data
1,63,273,1,1,0,1,atp_2011,full_data
1,63,282,1,1,0,1,atp_2011,full_data
1,63,286,1,1,0,1,atp_2011,full_data
1,63,293,1,1,0,1,atp_2011,full_data
1,63,298,1,1,0,1,atp_2011,full_data
1,63,318,1,1,0,1,atp_2011,full_data
1,63,342,0,1,1,0,atp_2011,full_data
1,63,425,0,1,1,0,atp_2011,full_data
1,64,60,1,1,0,1,atp_2011,full_data
1,64,363,1,1,0,1,atp_2011,full_data
1,65,53,1,1,0,1,atp_2011,full_data
1,65,254,1,1,0,1,atp_2011,full_data
1,67,398,1,1,0,1,atp_2011,full_data
1,68,12,1,1,0,1,atp_2011,full_data
1,68,18,2,2,0,1,atp_2011,full_data
1,68,40,1,2,1,0.5,atp_2011,full_data
1,68,62,1,1,0,1,atp_2011,full_data
1,68,70,0,1,1,0,atp_2011,full_data
1,68,93,1,1,0,1,atp_2011,full_data
1,68,138,1,1,0,1,atp_2011,full_data
1,68,193,1,1,0,1,atp_2011,full_data
1,68,214,1,1,0,1,atp_2011,full_data
1,68,221,1,1,0,1,atp_2011,full_data
1,68,235,0,1,1,0,atp_2011,full_data
1,68,313,1,2,1,0.5,atp_2011,full_data
1,68,356,1,1,0,1,atp_2011,full_data
1,68,417,1,1,0,1,atp_2011,full_data
1,70,4,1,1,0,1,atp_2011,full_data
1,70,18,2,2,0,1,atp_2011,full_data
1,70,190,1,1,0,1,atp_2011,full_data
1,71,147,1,1,0,1,atp_2011,full_data
1,71,323,1,1,0,1,atp_2011,full_data
1,71,334,0,1,1,0,atp_2011,full_data
1,72,207,1,1,0,1,atp_2011,full_data
1,73,48,1,1,0,1,atp_2011,full_data
1,75,40,1,1,0,1,atp_2011,full_data
1,75,58,1,1,0,1,atp_2011,full_data
1,75,72,1,1,0,1,atp_2011,full_data
1,75,107,1,1,0,1,atp_2011,full_data
1,75,136,1,1,0,1,atp_2011,full_data
1,75,235,1,1,0,1,atp_2011,full_data
1,75,261,0,1,1,0,atp_2011,full_data
1,75,270,1,1,0,1,atp_2011,full_data
1,77,42,1,1,0,1,atp_2011,full_data
1,77,153,1,2,1,0.5,atp_2011,full_data
1,77,173,1,1,0,1,atp_2011,full_data
1,77,174,1,1,0,1,atp_2011,full_data
1,77,176,0,1,1,0,atp_2011,full_data
1,77,270,0,1,1,0,atp_2011,full_data
1,77,280,1,1,0,1,atp_2011,full_data
1,77,340,1,1,0,1,atp_2011,full_data
1,77,374,1,1,0,1,atp_2011,full_data
1,77,388,1,1,0,1,atp_2011,full_data
1,81,44,1,1,0,1,atp_2011,full_data
1,81,116,1,1,0,1,atp_2011,full_data
1,84,60,1,1,0,1,atp_2011,full_data
1,84,68,1,1,0,1,atp_2011,full_data
1,84,75,1,1,0,1,atp_2011,full_data
1,84,103,1,1,0,1,atp_2011,full_data
1,84,146,1,1,0,1,atp_2011,full_data
1,84,147,0,1,1,0,atp_2011,full_data
1,84,163,1,1,0,1,atp_2011,full_data
1,84,218,0,1,1,0,atp_2011,full_data
1,84,221,1,2,1,0.5,atp_2011,full_data
1,84,227,1,1,0,1,atp_2011,full_data
1,84,239,1,1,0,1,atp_2011,full_data
1,84,269,0,1,1,0,atp_2011,full_data
1,84,328,1,1,0,1,atp_2011,full_data
1,86,23,1,1,0,1,atp_2011,full_data
1,86,34,1,1,0,1,atp_2011,full_data
1,86,62,1,1,0,1,atp_2011,full_data
1,86,88,1,1,0,1,atp_2011,full_data
1,86,115,1,1,0,1,atp_2011,full_data
1,86,146,1,1,0,1,atp_2011,full_data
1,86,162,1,1,0,1,atp_2011,full_data
1,86,165,1,1,0,1,atp_2011,full_data
1,86,173,0,1,1,0,atp_2011,full_data
1,86,197,1,1,0,1,atp_2011,full_data
1,86,214,1,1,0,1,atp_2011,full_data
1,86,235,1,2,1,0.5,atp_2011,full_data
1,86,243,1,1,0,1,atp_2011,full_data
1,86,282,2,2,0,1,atp_2011,full_data
1,86,310,1,1,0,1,atp_2011,full_data
1,86,323,0,1,1,0,atp_2011,full_data
1,86,404,1,1,0,1,atp_2011,full_data
1,86,425,1,1,0,1,atp_2011,full_data
1,87,342,1,1,0,1,atp_2011,full_data
1,87,344,1,1,0,1,atp_2011,full_data
1,88,18,1,1,0,1,atp_2011,full_data
1,88,40,1,1,0,1,atp_2011,full_data
1,88,62,1,1,0,1,atp_2011,full_data
1,88,89,1,1,0,1,atp_2011,full_data
1,88,103,1,1,0,1,atp_2011,full_data
1,88,115,1,1,0,1,atp_2011,full_data
1,88,138,2,2,0,1,atp_2011,full_data
1,88,147,0,1,1,0,atp_2011,full_data
1,88,151,1,1,0,1,atp_2011,full_data
1,88,163,0,1,1,0,atp_2011,full_data
1,88,202,0,1,1,0,atp_2011,full_data
1,88,211,1,1,0,1,atp_2011,full_data
1,88,218,0,1,1,0,atp_2011,full_data
1,88,235,1,1,0,1,atp_2011,full_data
1,88,237,1,2,1,0.5,atp_2011,full_data
1,88,243,1,1,0,1,atp_2011,full_data
1,88,266,1,1,0,1,atp_2011,full_data
1,88,269,0,1,1,0,atp_2011,full_data
1,88,270,1,1,0,1,atp_2011,full_data
1,88,280,1,1,0,1,atp_2011,full_data
1,88,294,1,1,0,1,atp_2011,full_data
1,88,328,0,1,1,0,atp_2011,full_data
1,88,344,1,1,0,1,atp_2011,full_data
1,88,366,0,1,1,0,atp_2011,full_data
1,89,180,1,1,0,1,atp_2011,full_data
1,89,221,2,2,0,1,atp_2011,full_data
1,89,295,1,1,0,1,atp_2011,full_data
1,89,356,2,2,0,1,atp_2011,full_data
1,89,404,1,1,0,1,atp_2011,full_data
1,90,46,1,1,0,1,atp_2011,full_data
1,90,68,0,1,1,0,atp_2011,full_data
1,90,86,0,1,1,0,atp_2011,full_data
1,90,89,1,1,0,1,atp_2011,full_data
1,90,97,1,1,0,1,atp_2011,full_data
1,90,103,1,1,0,1,atp_2011,full_data
1,90,136,0,1,1,0,atp_2011,full_data
1,90,148,1,1,0,1,atp_2011,full_data
1,90,153,0,1,1,0,atp_2011,full_data
1,90,171,1,1,0,1,atp_2011,full_data
1,90,235,1,1,0,1,atp_2011,full_data
1,90,249,1,1,0,1,atp_2011,full_data
1,90,261,2,2,0,1,atp_2011,full_data
1,90,264,1,1,0,1,atp_2011,full_data
1,90,270,1,1,0,1,atp_2011,full_data
1,90,274,2,2,0,1,atp_2011,full_data
1,90,311,1,1,0,1,atp_2011,full_data
1,90,313,0,1,1,0,atp_2011,full_data
1,90,314,1,1,0,1,atp_2011,full_data
1,90,340,1,1,0,1,atp_2011,full_data
1,90,350,1,1,0,1,atp_2011,full_data
1,90,399,1,1,0,1,atp_2011,full_data
1,91,30,1,1,0,1,atp_2011,full_data
1,91,40,1,1,0,1,atp_2011,full_data
1,91,46,1,1,0,1,atp_2011,full_data
1,91,63,2,2,0,1,atp_2011,full_data
1,91,75,1,1,0,1,atp_2011,full_data
1,91,77,1,1,0,1,atp_2011,full_data
1,91,84,0,1,1,0,atp_2011,full_data
1,91,86,1,1,0,1,atp_2011,full_data
1,91,88,1,1,0,1,atp_2011,full_data
1,91,90,1,1,0,1,atp_2011,full_data
1,91,94,1,1,0,1,atp_2011,full_data
1,91,96,2,2,0,1,atp_2011,full_data
1,91,101,1,1,0,1,atp_2011,full_data
1,91,105,1,1,0,1,atp_2011,full_data
1,91,112,1,1,0,1,atp_2011,full_data
1,91,114,1,1,0,1,atp_2011,full_data
1,91,121,1,1,0,1,atp_2011,full_data
1,91,126,1,1,0,1,atp_2011,full_data
1,91,147,1,1,0,1,atp_2011,full_data
1,91,161,1,1,0,1,atp_2011,full_data
1,91,178,3,3,0,1,atp_2011,full_data
1,91,180,1,1,0,1,atp_2011,full_data
1,91,185,1,1,0,1,atp_2011,full_data
1,91,188,1,1,0,1,atp_2011,full_data
1,91,195,1,1,0,1,atp_2011,full_data
1,91,202,1,1,0,1,atp_2011,full_data
1,91,206,4,4,0,1,atp_2011,full_data
1,91,207,1,1,0,1,atp_2011,full_data
1,91,209,6,8,2,0.75,atp_2011,full_data
1,91,226,1,2,1,0.5,atp_2011,full_data
1,91,235,1,1,0,1,atp_2011,full_data
1,91,240,1,1,0,1,atp_2011,full_data
1,91,245,1,1,0,1,atp_2011,full_data
1,91,253,2,3,1,0.666666666666667,atp_2011,full_data
1,91,260,1,1,0,1,atp_2011,full_data
1,91,309,1,1,0,1,atp_2011,full_data
1,91,311,1,1,0,1,atp_2011,full_data
1,91,313,1,1,0,1,atp_2011,full_data
1,91,340,2,2,0,1,atp_2011,full_data
1,91,346,1,1,0,1,atp_2011,full_data
1,91,348,2,2,0,1,atp_2011,full_data
1,91,355,1,1,0,1,atp_2011,full_data
1,91,374,1,1,0,1,atp_2011,full_data
1,91,425,1,1,0,1,atp_2011,full_data
1,91,432,1,1,0,1,atp_2011,full_data
1,92,242,1,1,0,1,atp_2011,full_data
1,92,273,0,1,1,0,atp_2011,full_data
1,92,282,1,1,0,1,atp_2011,full_data
1,92,376,1,1,0,1,atp_2011,full_data
1,92,450,1,1,0,1,atp_2011,full_data
1,93,70,1,1,0,1,atp_2011,full_data
1,93,89,1,1,0,1,atp_2011,full_data
1,93,147,0,1,1,0,atp_2011,full_data
1,93,180,1,2,1,0.5,atp_2011,full_data
1,93,205,1,1,0,1,atp_2011,full_data
1,93,207,0,1,1,0,atp_2011,full_data
1,93,272,0,1,1,0,atp_2011,full_data
1,93,301,1,1,0,1,atp_2011,full_data
1,93,334,1,1,0,1,atp_2011,full_data
1,93,344,1,1,0,1,atp_2011,full_data
1,93,387,1,1,0,1,atp_2011,full_data
1,94,146,1,1,0,1,atp_2011,full_data
1,94,354,1,1,0,1,atp_2011,full_data
1,96,4,1,1,0,1,atp_2011,full_data
1,96,30,1,1,0,1,atp_2011,full_data
1,96,40,1,1,0,1,atp_2011,full_data
1,96,50,1,1,0,1,atp_2011,full_data
1,96,59,2,2,0,1,atp_2011,full_data
1,96,62,1,1,0,1,atp_2011,full_data
1,96,64,1,1,0,1,atp_2011,full_data
1,96,68,1,1,0,1,atp_2011,full_data
1,96,93,1,1,0,1,atp_2011,full_data
1,96,101,1,2,1,0.5,atp_2011,full_data
1,96,103,0,1,1,0,atp_2011,full_data
1,96,111,1,1,0,1,atp_2011,full_data
1,96,115,1,1,0,1,atp_2011,full_data
1,96,121,0,1,1,0,atp_2011,full_data
1,96,126,1,2,1,0.5,atp_2011,full_data
1,96,132,1,1,0,1,atp_2011,full_data
1,96,141,1,2,1,0.5,atp_2011,full_data
1,96,146,1,1,0,1,atp_2011,full_data
1,96,159,2,2,0,1,atp_2011,full_data
1,96,161,1,2,1,0.5,atp_2011,full_data
1,96,163,1,1,0,1,atp_2011,full_data
1,96,175,0,1,1,0,atp_2011,full_data
1,96,177,1,1,0,1,atp_2011,full_data
1,96,178,1,1,0,1,atp_2011,full_data
1,96,185,2,2,0,1,atp_2011,full_data
1,96,190,0,1,1,0,atp_2011,full_data
1,96,197,0,1,1,0,atp_2011,full_data
1,96,210,0,1,1,0,atp_2011,full_data
1,96,215,0,1,1,0,atp_2011,full_data
1,96,221,1,1,0,1,atp_2011,full_data
1,96,226,1,1,0,1,atp_2011,full_data
1,96,248,0,1,1,0,atp_2011,full_data
1,96,260,1,1,0,1,atp_2011,full_data
1,96,274,0,1,1,0,atp_2011,full_data
1,96,286,1,1,0,1,atp_2011,full_data
1,96,313,1,1,0,1,atp_2011,full_data
1,96,331,1,1,0,1,atp_2011,full_data
1,96,374,1,1,0,1,atp_2011,full_data
1,96,385,1,1,0,1,atp_2011,full_data
1,96,402,1,1,0,1,atp_2011,full_data
1,96,432,0,1,1,0,atp_2011,full_data
1,97,44,0,1,1,0,atp_2011,full_data
1,97,64,1,1,0,1,atp_2011,full_data
1,97,84,1,1,0,1,atp_2011,full_data
1,97,103,1,2,1,0.5,atp_2011,full_data
1,97,171,1,1,0,1,atp_2011,full_data
1,97,222,0,1,1,0,atp_2011,full_data
1,97,237,1,1,0,1,atp_2011,full_data
1,97,273,1,1,0,1,atp_2011,full_data
1,97,293,1,1,0,1,atp_2011,full_data
1,97,297,1,1,0,1,atp_2011,full_data
1,97,298,1,1,0,1,atp_2011,full_data
1,97,301,1,1,0,1,atp_2011,full_data
1,97,404,1,1,0,1,atp_2011,full_data
1,101,30,0,1,1,0,atp_2011,full_data
1,101,35,1,1,0,1,atp_2011,full_data
1,101,70,2,2,0,1,atp_2011,full_data
1,101,86,1,1,0,1,atp_2011,full_data
1,101,89,1,1,0,1,atp_2011,full_data
1,101,97,1,1,0,1,atp_2011,full_data
1,101,103,1,1,0,1,atp_2011,full_data
1,101,107,1,1,0,1,atp_2011,full_data
1,101,143,1,1,0,1,atp_2011,full_data
1,101,159,1,1,0,1,atp_2011,full_data
1,101,163,1,1,0,1,atp_2011,full_data
1,101,178,0,1,1,0,atp_2011,full_data
1,101,185,1,1,0,1,atp_2011,full_data
1,101,195,0,1,1,0,atp_2011,full_data
1,101,202,1,1,0,1,atp_2011,full_data
1,101,214,1,1,0,1,atp_2011,full_data
1,101,245,1,1,0,1,atp_2011,full_data
1,101,248,1,1,0,1,atp_2011,full_data
1,101,249,1,1,0,1,atp_2011,full_data
1,101,253,2,2,0,1,atp_2011,full_data
1,101,261,1,1,0,1,atp_2011,full_data
1,101,274,1,1,0,1,atp_2011,full_data
1,101,295,1,1,0,1,atp_2011,full_data
1,101,304,1,1,0,1,atp_2011,full_data
1,101,309,1,1,0,1,atp_2011,full_data
1,101,311,1,1,0,1,atp_2011,full_data
1,101,318,1,1,0,1,atp_2011,full_data
1,101,340,1,1,0,1,atp_2011,full_data
1,101,342,2,3,1,0.666666666666667,atp_2011,full_data
1,101,374,0,1,1,0,atp_2011,full_data
1,101,425,3,3,0,1,atp_2011,full_data
1,101,432,1,2,1,0.5,atp_2011,full_data
1,102,35,1,1,0,1,atp_2011,full_data
1,102,62,0,1,1,0,atp_2011,full_data
1,102,314,1,1,0,1,atp_2011,full_data
1,103,70,1,1,0,1,atp_2011,full_data
1,103,93,0,1,1,0,atp_2011,full_data
1,103,147,1,1,0,1,atp_2011,full_data
1,103,180,1,1,0,1,atp_2011,full_data
1,103,202,1,1,0,1,atp_2011,full_data
1,103,218,1,1,0,1,atp_2011,full_data
1,103,221,1,1,0,1,atp_2011,full_data
1,103,235,1,1,0,1,atp_2011,full_data
1,103,261,1,1,0,1,atp_2011,full_data
1,103,270,0,1,1,0,atp_2011,full_data
1,103,273,1,1,0,1,atp_2011,full_data
1,103,293,1,1,0,1,atp_2011,full_data
1,103,294,1,1,0,1,atp_2011,full_data
1,103,317,1,1,0,1,atp_2011,full_data
1,103,328,1,1,0,1,atp_2011,full_data
1,103,381,1,1,0,1,atp_2011,full_data
1,105,35,1,1,0,1,atp_2011,full_data
1,105,46,0,1,1,0,atp_2011,full_data
1,105,63,1,1,0,1,atp_2011,full_data
1,105,77,1,1,0,1,atp_2011,full_data
1,105,88,1,1,0,1,atp_2011,full_data
1,105,124,1,1,0,1,atp_2011,full_data
1,105,136,1,1,0,1,atp_2011,full_data
1,105,159,0,1,1,0,atp_2011,full_data
1,105,164,0,1,1,0,atp_2011,full_data
1,105,177,1,1,0,1,atp_2011,full_data
1,105,197,2,2,0,1,atp_2011,full_data
1,105,201,1,1,0,1,atp_2011,full_data
1,105,210,1,1,0,1,atp_2011,full_data
1,105,211,0,1,1,0,atp_2011,full_data
1,105,218,1,1,0,1,atp_2011,full_data
1,105,220,1,1,0,1,atp_2011,full_data
1,105,240,1,1,0,1,atp_2011,full_data
1,105,243,1,1,0,1,atp_2011,full_data
1,105,272,1,1,0,1,atp_2011,full_data
1,105,282,1,1,0,1,atp_2011,full_data
1,105,301,1,1,0,1,atp_2011,full_data
1,105,342,1,1,0,1,atp_2011,full_data
1,105,374,1,1,0,1,atp_2011,full_data
1,107,16,1,1,0,1,atp_2011,full_data
1,107,71,1,1,0,1,atp_2011,full_data
1,107,146,1,1,0,1,atp_2011,full_data
1,107,174,1,1,0,1,atp_2011,full_data
1,107,340,1,1,0,1,atp_2011,full_data
1,112,23,1,1,0,1,atp_2011,full_data
1,112,30,1,1,0,1,atp_2011,full_data
1,112,34,0,1,1,0,atp_2011,full_data
1,112,46,1,1,0,1,atp_2011,full_data
1,112,50,1,1,0,1,atp_2011,full_data
1,112,84,2,2,0,1,atp_2011,full_data
1,112,86,1,1,0,1,atp_2011,full_data
1,112,89,1,1,0,1,atp_2011,full_data
1,112,90,2,3,1,0.666666666666667,atp_2011,full_data
1,112,96,2,2,0,1,atp_2011,full_data
1,112,97,1,1,0,1,atp_2011,full_data
1,112,101,1,2,1,0.5,atp_2011,full_data
1,112,103,1,1,0,1,atp_2011,full_data
1,112,105,1,1,0,1,atp_2011,full_data
1,112,107,1,1,0,1,atp_2011,full_data
1,112,113,1,1,0,1,atp_2011,full_data
1,112,126,2,3,1,0.666666666666667,atp_2011,full_data
1,112,136,1,1,0,1,atp_2011,full_data
1,112,137,1,1,0,1,atp_2011,full_data
1,112,147,1,1,0,1,atp_2011,full_data
1,112,159,1,1,0,1,atp_2011,full_data
1,112,161,1,1,0,1,atp_2011,full_data
1,112,164,1,1,0,1,atp_2011,full_data
1,112,173,1,1,0,1,atp_2011,full_data
1,112,178,1,2,1,0.5,atp_2011,full_data
1,112,195,1,2,1,0.5,atp_2011,full_data
1,112,201,1,1,0,1,atp_2011,full_data
1,112,202,1,1,0,1,atp_2011,full_data
1,112,210,0,1,1,0,atp_2011,full_data
1,112,223,3,3,0,1,atp_2011,full_data
1,112,226,0,1,1,0,atp_2011,full_data
1,112,235,2,2,0,1,atp_2011,full_data
1,112,240,1,1,0,1,atp_2011,full_data
1,112,245,1,1,0,1,atp_2011,full_data
1,112,249,1,1,0,1,atp_2011,full_data
1,112,260,0,1,1,0,atp_2011,full_data
1,112,272,1,1,0,1,atp_2011,full_data
1,112,310,1,1,0,1,atp_2011,full_data
1,112,311,1,1,0,1,atp_2011,full_data
1,112,328,1,1,0,1,atp_2011,full_data
1,112,340,1,1,0,1,atp_2011,full_data
1,112,350,2,3,1,0.666666666666667,atp_2011,full_data
1,112,356,1,1,0,1,atp_2011,full_data
1,112,374,1,1,0,1,atp_2011,full_data
1,112,385,1,1,0,1,atp_2011,full_data
1,112,402,3,3,0,1,atp_2011,full_data
1,112,408,1,1,0,1,atp_2011,full_data
1,112,425,1,1,0,1,atp_2011,full_data
1,113,174,1,1,0,1,atp_2011,full_data
1,114,18,1,1,0,1,atp_2011,full_data
1,114,70,1,1,0,1,atp_2011,full_data
1,114,101,1,1,0,1,atp_2011,full_data
1,114,105,1,1,0,1,atp_2011,full_data
1,114,148,2,2,0,1,atp_2011,full_data
1,114,150,1,1,0,1,atp_2011,full_data
1,114,153,0,1,1,0,atp_2011,full_data
1,114,164,1,1,0,1,atp_2011,full_data
1,114,197,1,1,0,1,atp_2011,full_data
1,114,202,1,1,0,1,atp_2011,full_data
1,114,205,1,1,0,1,atp_2011,full_data
1,114,235,1,1,0,1,atp_2011,full_data
1,114,237,0,1,1,0,atp_2011,full_data
1,114,249,0,1,1,0,atp_2011,full_data
1,114,282,2,2,0,1,atp_2011,full_data
1,114,298,1,1,0,1,atp_2011,full_data
1,114,304,1,1,0,1,atp_2011,full_data
1,114,307,1,1,0,1,atp_2011,full_data
1,114,311,1,1,0,1,atp_2011,full_data
1,114,314,0,1,1,0,atp_2011,full_data
1,114,318,1,1,0,1,atp_2011,full_data
1,114,334,0,1,1,0,atp_2011,full_data
1,114,366,1,1,0,1,atp_2011,full_data
1,115,16,1,1,0,1,atp_2011,full_data
1,115,18,1,1,0,1,atp_2011,full_data
1,115,34,1,1,0,1,atp_2011,full_data
1,115,40,0,1,1,0,atp_2011,full_data
1,115,136,1,1,0,1,atp_2011,full_data
1,115,146,1,1,0,1,atp_2011,full_data
1,115,163,0,1,1,0,atp_2011,full_data
1,115,218,1,1,0,1,atp_2011,full_data
1,115,221,1,1,0,1,atp_2011,full_data
1,115,235,0,1,1,0,atp_2011,full_data
1,115,237,0,1,1,0,atp_2011,full_data
1,115,247,2,2,0,1,atp_2011,full_data
1,115,249,1,1,0,1,atp_2011,full_data
1,115,294,1,1,0,1,atp_2011,full_data
1,115,304,1,1,0,1,atp_2011,full_data
1,115,313,1,1,0,1,atp_2011,full_data
1,115,342,0,1,1,0,atp_2011,full_data
1,121,68,0,1,1,0,atp_2011,full_data
1,121,70,1,1,0,1,atp_2011,full_data
1,121,75,0,1,1,0,atp_2011,full_data
1,121,103,1,1,0,1,atp_2011,full_data
1,121,111,0,1,1,0,atp_2011,full_data
1,121,136,1,1,0,1,atp_2011,full_data
1,121,153,1,1,0,1,atp_2011,full_data
1,121,178,1,1,0,1,atp_2011,full_data
1,121,189,1,1,0,1,atp_2011,full_data
1,121,202,1,1,0,1,atp_2011,full_data
1,121,235,1,1,0,1,atp_2011,full_data
1,121,243,1,1,0,1,atp_2011,full_data
1,121,261,1,1,0,1,atp_2011,full_data
1,121,270,1,1,0,1,atp_2011,full_data
1,121,272,1,1,0,1,atp_2011,full_data
1,121,273,1,1,0,1,atp_2011,full_data
1,121,286,1,1,0,1,atp_2011,full_data
1,121,313,1,1,0,1,atp_2011,full_data
1,121,314,1,1,0,1,atp_2011,full_data
1,121,340,1,1,0,1,atp_2011,full_data
1,121,342,0,1,1,0,atp_2011,full_data
1,121,344,1,1,0,1,atp_2011,full_data
1,122,155,1,1,0,1,atp_2011,full_data
1,122,289,1,1,0,1,atp_2011,full_data
1,122,327,1,1,0,1,atp_2011,full_data
1,122,330,1,1,0,1,atp_2011,full_data
1,123,214,1,1,0,1,atp_2011,full_data
1,126,20,1,1,0,1,atp_2011,full_data
1,126,23,1,1,0,1,atp_2011,full_data
1,126,30,1,1,0,1,atp_2011,full_data
1,126,43,1,1,0,1,atp_2011,full_data
1,126,46,1,1,0,1,atp_2011,full_data
1,126,77,1,1,0,1,atp_2011,full_data
1,126,89,1,1,0,1,atp_2011,full_data
1,126,97,1,1,0,1,atp_2011,full_data
1,126,103,2,2,0,1,atp_2011,full_data
1,126,138,1,1,0,1,atp_2011,full_data
1,126,151,1,1,0,1,atp_2011,full_data
1,126,153,1,1,0,1,atp_2011,full_data
1,126,162,0,1,1,0,atp_2011,full_data
1,126,164,1,1,0,1,atp_2011,full_data
1,126,165,1,1,0,1,atp_2011,full_data
1,126,178,1,1,0,1,atp_2011,full_data
1,126,185,1,1,0,1,atp_2011,full_data
1,126,195,0,1,1,0,atp_2011,full_data
1,126,210,1,2,1,0.5,atp_2011,full_data
1,126,215,1,1,0,1,atp_2011,full_data
1,126,222,1,1,0,1,atp_2011,full_data
1,126,233,0,1,1,0,atp_2011,full_data
1,126,239,1,1,0,1,atp_2011,full_data
1,126,248,2,3,1,0.666666666666667,atp_2011,full_data
1,126,253,0,1,1,0,atp_2011,full_data
1,126,274,1,1,0,1,atp_2011,full_data
1,126,311,1,1,0,1,atp_2011,full_data
1,126,350,1,1,0,1,atp_2011,full_data
1,126,385,1,1,0,1,atp_2011,full_data
1,126,402,1,1,0,1,atp_2011,full_data
1,126,408,1,1,0,1,atp_2011,full_data
1,126,431,1,1,0,1,atp_2011,full_data
1,127,334,1,1,0,1,atp_2011,full_data
1,130,233,1,1,0,1,atp_2011,full_data
1,130,350,1,1,0,1,atp_2011,full_data
1,132,23,0,1,1,0,atp_2011,full_data
1,132,35,1,1,0,1,atp_2011,full_data
1,132,44,1,1,0,1,atp_2011,full_data
1,132,63,1,2,1,0.5,atp_2011,full_data
1,132,70,1,1,0,1,atp_2011,full_data
1,132,84,1,2,1,0.5,atp_2011,full_data
1,132,88,0,1,1,0,atp_2011,full_data
1,132,103,1,1,0,1,atp_2011,full_data
1,132,107,1,1,0,1,atp_2011,full_data
1,132,138,1,1,0,1,atp_2011,full_data
1,132,162,1,1,0,1,atp_2011,full_data
1,132,197,1,1,0,1,atp_2011,full_data
1,132,214,1,1,0,1,atp_2011,full_data
1,132,295,1,1,0,1,atp_2011,full_data
1,132,311,1,2,1,0.5,atp_2011,full_data
1,132,314,1,1,0,1,atp_2011,full_data
1,132,318,1,1,0,1,atp_2011,full_data
1,132,340,0,1,1,0,atp_2011,full_data
1,132,342,1,1,0,1,atp_2011,full_data
1,132,408,1,1,0,1,atp_2011,full_data
1,133,368,1,1,0,1,atp_2011,full_data
1,136,109,1,1,0,1,atp_2011,full_data
1,136,113,0,1,1,0,atp_2011,full_data
1,136,221,1,1,0,1,atp_2011,full_data
1,136,270,1,1,0,1,atp_2011,full_data
1,136,272,2,2,0,1,atp_2011,full_data
1,136,328,1,1,0,1,atp_2011,full_data
1,136,342,1,1,0,1,atp_2011,full_data
1,136,431,1,1,0,1,atp_2011,full_data
1,137,208,1,1,0,1,atp_2011,full_data
1,138,228,1,1,0,1,atp_2011,full_data
1,141,40,1,1,0,1,atp_2011,full_data
1,141,63,0,1,1,0,atp_2011,full_data
1,141,89,1,1,0,1,atp_2011,full_data
1,141,90,1,1,0,1,atp_2011,full_data
1,141,93,1,1,0,1,atp_2011,full_data
1,141,97,1,1,0,1,atp_2011,full_data
1,141,127,1,1,0,1,atp_2011,full_data
1,141,146,0,1,1,0,atp_2011,full_data
1,141,168,1,1,0,1,atp_2011,full_data
1,141,177,1,1,0,1,atp_2011,full_data
1,141,215,0,1,1,0,atp_2011,full_data
1,141,269,1,1,0,1,atp_2011,full_data
1,141,293,0,1,1,0,atp_2011,full_data
1,141,298,1,1,0,1,atp_2011,full_data
1,141,313,1,1,0,1,atp_2011,full_data
1,141,314,2,2,0,1,atp_2011,full_data
1,141,317,1,1,0,1,atp_2011,full_data
1,141,323,1,1,0,1,atp_2011,full_data
1,141,340,1,1,0,1,atp_2011,full_data
1,141,342,0,1,1,0,atp_2011,full_data
1,141,366,1,1,0,1,atp_2011,full_data
1,141,373,1,1,0,1,atp_2011,full_data
1,141,387,2,2,0,1,atp_2011,full_data
1,141,408,1,1,0,1,atp_2011,full_data
1,143,20,1,1,0,1,atp_2011,full_data
1,143,95,1,1,0,1,atp_2011,full_data
1,143,97,1,2,1,0.5,atp_2011,full_data
1,143,127,1,1,0,1,atp_2011,full_data
1,143,141,1,1,0,1,atp_2011,full_data
1,143,149,1,1,0,1,atp_2011,full_data
1,143,165,1,1,0,1,atp_2011,full_data
1,143,173,0,1,1,0,atp_2011,full_data
1,143,177,1,1,0,1,atp_2011,full_data
1,143,200,1,1,0,1,atp_2011,full_data
1,143,203,1,1,0,1,atp_2011,full_data
1,143,267,1,1,0,1,atp_2011,full_data
1,143,342,1,1,0,1,atp_2011,full_data
1,143,356,1,1,0,1,atp_2011,full_data
1,143,373,1,1,0,1,atp_2011,full_data
1,145,178,1,1,0,1,atp_2011,full_data
1,146,44,1,1,0,1,atp_2011,full_data
1,146,113,0,1,1,0,atp_2011,full_data
1,146,219,1,1,0,1,atp_2011,full_data
1,146,221,1,1,0,1,atp_2011,full_data
1,146,247,1,1,0,1,atp_2011,full_data
1,146,261,1,1,0,1,atp_2011,full_data
1,146,286,1,1,0,1,atp_2011,full_data
1,146,301,1,1,0,1,atp_2011,full_data
1,146,309,1,1,0,1,atp_2011,full_data
1,146,313,1,1,0,1,atp_2011,full_data
1,146,344,1,1,0,1,atp_2011,full_data
1,147,78,1,1,0,1,atp_2011,full_data
1,147,123,1,1,0,1,atp_2011,full_data
1,147,214,1,1,0,1,atp_2011,full_data
1,147,221,1,1,0,1,atp_2011,full_data
1,147,247,1,2,1,0.5,atp_2011,full_data
1,147,269,1,1,0,1,atp_2011,full_data
1,147,298,1,1,0,1,atp_2011,full_data
1,147,328,1,1,0,1,atp_2011,full_data
1,148,89,1,1,0,1,atp_2011,full_data
1,148,295,0,1,1,0,atp_2011,full_data
1,148,334,1,1,0,1,atp_2011,full_data
1,151,117,1,1,0,1,atp_2011,full_data
1,152,197,1,1,0,1,atp_2011,full_data
1,153,127,1,1,0,1,atp_2011,full_data
1,153,222,1,1,0,1,atp_2011,full_data
1,153,273,1,1,0,1,atp_2011,full_data
1,153,299,1,1,0,1,atp_2011,full_data
1,153,313,0,1,1,0,atp_2011,full_data
1,153,328,1,1,0,1,atp_2011,full_data
1,153,334,1,1,0,1,atp_2011,full_data
1,155,55,1,1,0,1,atp_2011,full_data
1,155,312,1,1,0,1,atp_2011,full_data
1,159,30,2,3,1,0.666666666666667,atp_2011,full_data
1,159,34,1,2,1,0.5,atp_2011,full_data
1,159,35,1,2,1,0.5,atp_2011,full_data
1,159,40,1,1,0,1,atp_2011,full_data
1,159,62,0,1,1,0,atp_2011,full_data
1,159,63,0,1,1,0,atp_2011,full_data
1,159,86,1,2,1,0.5,atp_2011,full_data
1,159,88,1,1,0,1,atp_2011,full_data
1,159,90,1,1,0,1,atp_2011,full_data
1,159,93,1,1,0,1,atp_2011,full_data
1,159,97,1,1,0,1,atp_2011,full_data
1,159,121,1,1,0,1,atp_2011,full_data
1,159,136,1,1,0,1,atp_2011,full_data
1,159,153,1,1,0,1,atp_2011,full_data
1,159,163,0,1,1,0,atp_2011,full_data
1,159,175,1,1,0,1,atp_2011,full_data
1,159,177,1,1,0,1,atp_2011,full_data
1,159,178,2,2,0,1,atp_2011,full_data
1,159,193,1,1,0,1,atp_2011,full_data
1,159,205,0,1,1,0,atp_2011,full_data
1,159,214,1,1,0,1,atp_2011,full_data
1,159,237,1,1,0,1,atp_2011,full_data
1,159,240,2,3,1,0.666666666666667,atp_2011,full_data
1,159,245,1,1,0,1,atp_2011,full_data
1,159,267,1,1,0,1,atp_2011,full_data
1,159,282,1,1,0,1,atp_2011,full_data
1,159,286,1,1,0,1,atp_2011,full_data
1,159,295,2,3,1,0.666666666666667,atp_2011,full_data
1,159,303,1,1,0,1,atp_2011,full_data
1,159,318,2,2,0,1,atp_2011,full_data
1,159,340,1,1,0,1,atp_2011,full_data
1,159,374,0,1,1,0,atp_2011,full_data
1,159,382,1,1,0,1,atp_2011,full_data
1,159,385,1,1,0,1,atp_2011,full_data
1,159,408,1,1,0,1,atp_2011,full_data
1,159,432,1,1,0,1,atp_2011,full_data
1,161,0,1,1,0,1,atp_2011,full_data
1,161,30,0,2,2,0,atp_2011,full_data
1,161,34,0,1,1,0,atp_2011,full_data
1,161,40,0,1,1,0,atp_2011,full_data
1,161,68,0,1,1,0,atp_2011,full_data
1,161,77,1,1,0,1,atp_2011,full_data
1,161,114,1,1,0,1,atp_2011,full_data
1,161,121,3,3,0,1,atp_2011,full_data
1,161,126,1,1,0,1,atp_2011,full_data
1,161,136,3,3,0,1,atp_2011,full_data
1,161,141,0,1,1,0,atp_2011,full_data
1,161,143,1,1,0,1,atp_2011,full_data
1,161,153,1,1,0,1,atp_2011,full_data
1,161,173,1,1,0,1,atp_2011,full_data
1,161,177,0,1,1,0,atp_2011,full_data
1,161,185,1,1,0,1,atp_2011,full_data
1,161,197,1,1,0,1,atp_2011,full_data
1,161,221,0,1,1,0,atp_2011,full_data
1,161,235,0,1,1,0,atp_2011,full_data
1,161,240,1,1,0,1,atp_2011,full_data
1,161,245,1,1,0,1,atp_2011,full_data
1,161,249,1,1,0,1,atp_2011,full_data
1,161,261,0,1,1,0,atp_2011,full_data
1,161,266,1,1,0,1,atp_2011,full_data
1,161,269,0,1,1,0,atp_2011,full_data
1,161,295,2,2,0,1,atp_2011,full_data
1,161,297,0,1,1,0,atp_2011,full_data
1,161,304,0,1,1,0,atp_2011,full_data
1,161,315,1,1,0,1,atp_2011,full_data
1,161,350,1,2,1,0.5,atp_2011,full_data
1,162,286,1,1,0,1,atp_2011,full_data
1,163,180,1,1,0,1,atp_2011,full_data
1,163,377,1,1,0,1,atp_2011,full_data
1,163,412,1,1,0,1,atp_2011,full_data
1,164,4,1,1,0,1,atp_2011,full_data
1,164,30,1,2,1,0.5,atp_2011,full_data
1,164,34,1,1,0,1,atp_2011,full_data
1,164,59,2,2,0,1,atp_2011,full_data
1,164,63,2,2,0,1,atp_2011,full_data
1,164,84,1,1,0,1,atp_2011,full_data
1,164,86,1,1,0,1,atp_2011,full_data
1,164,87,0,1,1,0,atp_2011,full_data
1,164,90,1,1,0,1,atp_2011,full_data
1,164,103,1,1,0,1,atp_2011,full_data
1,164,107,1,1,0,1,atp_2011,full_data
1,164,153,0,1,1,0,atp_2011,full_data
1,164,162,1,1,0,1,atp_2011,full_data
1,164,176,1,1,0,1,atp_2011,full_data
1,164,178,1,1,0,1,atp_2011,full_data
1,164,205,2,2,0,1,atp_2011,full_data
1,164,222,1,1,0,1,atp_2011,full_data
1,164,237,1,2,1,0.5,atp_2011,full_data
1,164,248,1,1,0,1,atp_2011,full_data
1,164,249,1,1,0,1,atp_2011,full_data
1,164,261,1,1,0,1,atp_2011,full_data
1,164,274,0,1,1,0,atp_2011,full_data
1,164,286,1,1,0,1,atp_2011,full_data
1,164,304,0,1,1,0,atp_2011,full_data
1,164,314,1,2,1,0.5,atp_2011,full_data
1,164,374,1,1,0,1,atp_2011,full_data
1,165,25,1,1,0,1,atp_2011,full_data
1,165,142,1,1,0,1,atp_2011,full_data
1,165,404,1,1,0,1,atp_2011,full_data
1,167,58,1,1,0,1,atp_2011,full_data
1,167,81,1,1,0,1,atp_2011,full_data
1,167,193,1,1,0,1,atp_2011,full_data
1,167,202,0,1,1,0,atp_2011,full_data
1,168,40,0,1,1,0,atp_2011,full_data
1,168,186,1,1,0,1,atp_2011,full_data
1,168,418,1,1,0,1,atp_2011,full_data
1,169,54,1,1,0,1,atp_2011,full_data
1,171,255,1,1,0,1,atp_2011,full_data
1,173,16,1,1,0,1,atp_2011,full_data
1,173,20,1,1,0,1,atp_2011,full_data
1,173,40,0,1,1,0,atp_2011,full_data
1,173,62,0,1,1,0,atp_2011,full_data
1,173,68,1,1,0,1,atp_2011,full_data
1,173,71,1,1,0,1,atp_2011,full_data
1,173,75,1,1,0,1,atp_2011,full_data
1,173,84,0,1,1,0,atp_2011,full_data
1,173,89,0,1,1,0,atp_2011,full_data
1,173,97,1,1,0,1,atp_2011,full_data
1,173,147,3,3,0,1,atp_2011,full_data
1,173,165,1,1,0,1,atp_2011,full_data
1,173,214,1,1,0,1,atp_2011,full_data
1,173,249,1,1,0,1,atp_2011,full_data
1,173,261,2,2,0,1,atp_2011,full_data
1,173,298,1,1,0,1,atp_2011,full_data
1,173,328,1,1,0,1,atp_2011,full_data
1,173,366,1,1,0,1,atp_2011,full_data
1,173,387,1,1,0,1,atp_2011,full_data
1,174,163,1,1,0,1,atp_2011,full_data
1,174,171,1,1,0,1,atp_2011,full_data
1,175,40,0,1,1,0,atp_2011,full_data
1,175,59,1,1,0,1,atp_2011,full_data
1,175,84,1,1,0,1,atp_2011,full_data
1,175,86,1,1,0,1,atp_2011,full_data
1,175,132,2,2,0,1,atp_2011,full_data
1,175,177,1,1,0,1,atp_2011,full_data
1,175,205,1,1,0,1,atp_2011,full_data
1,175,215,0,1,1,0,atp_2011,full_data
1,175,221,0,1,1,0,atp_2011,full_data
1,175,294,0,1,1,0,atp_2011,full_data
1,176,408,1,1,0,1,atp_2011,full_data
1,177,34,1,2,1,0.5,atp_2011,full_data
1,177,40,0,1,1,0,atp_2011,full_data
1,177,59,1,1,0,1,atp_2011,full_data
1,177,78,1,1,0,1,atp_2011,full_data
1,177,80,1,1,0,1,atp_2011,full_data
1,177,84,1,1,0,1,atp_2011,full_data
1,177,88,1,1,0,1,atp_2011,full_data
1,177,115,1,1,0,1,atp_2011,full_data
1,177,121,1,2,1,0.5,atp_2011,full_data
1,177,147,1,1,0,1,atp_2011,full_data
1,177,151,1,1,0,1,atp_2011,full_data
1,177,173,1,1,0,1,atp_2011,full_data
1,177,193,1,1,0,1,atp_2011,full_data
1,177,197,1,1,0,1,atp_2011,full_data
1,177,221,1,1,0,1,atp_2011,full_data
1,177,237,1,1,0,1,atp_2011,full_data
1,177,286,0,1,1,0,atp_2011,full_data
1,177,298,2,2,0,1,atp_2011,full_data
1,177,318,1,1,0,1,atp_2011,full_data
1,177,342,1,1,0,1,atp_2011,full_data
1,177,344,1,2,1,0.5,atp_2011,full_data
1,178,20,2,2,0,1,atp_2011,full_data
1,178,34,0,1,1,0,atp_2011,full_data
1,178,81,1,1,0,1,atp_2011,full_data
1,178,89,1,1,0,1,atp_2011,full_data
1,178,99,1,1,0,1,atp_2011,full_data
1,178,136,1,1,0,1,atp_2011,full_data
1,178,148,0,1,1,0,atp_2011,full_data
1,178,173,2,2,0,1,atp_2011,full_data
1,178,197,0,1,1,0,atp_2011,full_data
1,178,211,1,1,0,1,atp_2011,full_data
1,178,228,1,1,0,1,atp_2011,full_data
1,178,233,1,1,0,1,atp_2011,full_data
1,178,235,1,1,0,1,atp_2011,full_data
1,178,247,1,1,0,1,atp_2011,full_data
1,178,249,1,1,0,1,atp_2011,full_data
1,178,282,1,1,0,1,atp_2011,full_data
1,178,293,0,1,1,0,atp_2011,full_data
1,178,295,3,3,0,1,atp_2011,full_data
1,178,313,1,1,0,1,atp_2011,full_data
1,178,340,0,1,1,0,atp_2011,full_data
1,178,366,1,1,0,1,atp_2011,full_data
1,178,408,1,1,0,1,atp_2011,full_data
1,185,23,1,1,0,1,atp_2011,full_data
1,185,34,1,1,0,1,atp_2011,full_data
1,185,62,1,1,0,1,atp_2011,full_data
1,185,63,0,1,1,0,atp_2011,full_data
1,185,75,1,1,0,1,atp_2011,full_data
1,185,86,1,1,0,1,atp_2011,full_data
1,185,88,1,1,0,1,atp_2011,full_data
1,185,97,1,1,0,1,atp_2011,full_data
1,185,132,1,2,1,0.5,atp_2011,full_data
1,185,141,2,2,0,1,atp_2011,full_data
1,185,162,1,1,0,1,atp_2011,full_data
1,185,163,1,1,0,1,atp_2011,full_data
1,185,164,1,2,1,0.5,atp_2011,full_data
1,185,165,1,1,0,1,atp_2011,full_data
1,185,174,1,1,0,1,atp_2011,full_data
1,185,177,2,2,0,1,atp_2011,full_data
1,185,178,0,1,1,0,atp_2011,full_data
1,185,191,1,1,0,1,atp_2011,full_data
1,185,197,2,2,0,1,atp_2011,full_data
1,185,202,1,2,1,0.5,atp_2011,full_data
1,185,215,1,1,0,1,atp_2011,full_data
1,185,221,1,1,0,1,atp_2011,full_data
1,185,227,0,1,1,0,atp_2011,full_data
1,185,229,1,1,0,1,atp_2011,full_data
1,185,240,1,1,0,1,atp_2011,full_data
1,185,247,1,1,0,1,atp_2011,full_data
1,185,249,1,1,0,1,atp_2011,full_data
1,185,267,1,1,0,1,atp_2011,full_data
1,185,270,2,2,0,1,atp_2011,full_data
1,185,274,1,1,0,1,atp_2011,full_data
1,185,293,1,1,0,1,atp_2011,full_data
1,185,298,2,2,0,1,atp_2011,full_data
1,185,304,0,1,1,0,atp_2011,full_data
1,185,313,1,1,0,1,atp_2011,full_data
1,185,328,1,1,0,1,atp_2011,full_data
1,185,374,5,5,0,1,atp_2011,full_data
1,185,408,2,2,0,1,atp_2011,full_data
1,186,163,1,1,0,1,atp_2011,full_data
1,188,30,1,1,0,1,atp_2011,full_data
1,188,38,1,1,0,1,atp_2011,full_data
1,188,59,1,1,0,1,atp_2011,full_data
1,188,62,2,2,0,1,atp_2011,full_data
1,188,71,1,1,0,1,atp_2011,full_data
1,188,77,1,1,0,1,atp_2011,full_data
1,188,88,2,2,0,1,atp_2011,full_data
1,188,107,1,1,0,1,atp_2011,full_data
1,188,112,1,1,0,1,atp_2011,full_data
1,188,121,1,1,0,1,atp_2011,full_data
1,188,126,1,1,0,1,atp_2011,full_data
1,188,132,1,1,0,1,atp_2011,full_data
1,188,143,1,1,0,1,atp_2011,full_data
1,188,147,1,1,0,1,atp_2011,full_data
1,188,148,1,1,0,1,atp_2011,full_data
1,188,161,1,2,1,0.5,atp_2011,full_data
1,188,164,1,1,0,1,atp_2011,full_data
1,188,177,1,1,0,1,atp_2011,full_data
1,188,195,1,1,0,1,atp_2011,full_data
1,188,197,1,2,1,0.5,atp_2011,full_data
1,188,209,2,2,0,1,atp_2011,full_data
1,188,223,1,1,0,1,atp_2011,full_data
1,188,226,1,1,0,1,atp_2011,full_data
1,188,240,1,1,0,1,atp_2011,full_data
1,188,269,1,1,0,1,atp_2011,full_data
1,188,274,1,1,0,1,atp_2011,full_data
1,188,280,1,1,0,1,atp_2011,full_data
1,188,295,1,1,0,1,atp_2011,full_data
1,188,304,1,1,0,1,atp_2011,full_data
1,188,310,1,1,0,1,atp_2011,full_data
1,188,311,1,1,0,1,atp_2011,full_data
1,188,318,1,1,0,1,atp_2011,full_data
1,188,348,1,1,0,1,atp_2011,full_data
1,188,350,0,1,1,0,atp_2011,full_data
1,188,425,2,2,0,1,atp_2011,full_data
1,188,432,0,1,1,0,atp_2011,full_data
1,189,4,1,1,0,1,atp_2011,full_data
1,189,5,1,1,0,1,atp_2011,full_data
1,189,113,1,2,1,0.5,atp_2011,full_data
1,191,18,1,1,0,1,atp_2011,full_data
1,191,148,1,1,0,1,atp_2011,full_data
1,193,78,1,1,0,1,atp_2011,full_data
1,195,4,2,2,0,1,atp_2011,full_data
1,195,11,1,1,0,1,atp_2011,full_data
1,195,23,1,1,0,1,atp_2011,full_data
1,195,34,0,1,1,0,atp_2011,full_data
1,195,35,1,1,0,1,atp_2011,full_data
1,195,40,0,1,1,0,atp_2011,full_data
1,195,68,2,3,1,0.666666666666667,atp_2011,full_data
1,195,70,1,1,0,1,atp_2011,full_data
1,195,84,1,2,1,0.5,atp_2011,full_data
1,195,86,1,2,1,0.5,atp_2011,full_data
1,195,88,0,1,1,0,atp_2011,full_data
1,195,90,1,1,0,1,atp_2011,full_data
1,195,121,2,3,1,0.666666666666667,atp_2011,full_data
1,195,136,1,1,0,1,atp_2011,full_data
1,195,146,1,1,0,1,atp_2011,full_data
1,195,153,3,3,0,1,atp_2011,full_data
1,195,165,1,1,0,1,atp_2011,full_data
1,195,177,0,1,1,0,atp_2011,full_data
1,195,178,0,1,1,0,atp_2011,full_data
1,195,185,2,2,0,1,atp_2011,full_data
1,195,205,2,2,0,1,atp_2011,full_data
1,195,207,1,1,0,1,atp_2011,full_data
1,195,218,1,1,0,1,atp_2011,full_data
1,195,233,1,1,0,1,atp_2011,full_data
1,195,235,1,1,0,1,atp_2011,full_data
1,195,240,1,1,0,1,atp_2011,full_data
1,195,269,1,1,0,1,atp_2011,full_data
1,195,273,1,1,0,1,atp_2011,full_data
1,195,310,0,1,1,0,atp_2011,full_data
1,195,311,0,1,1,0,atp_2011,full_data
1,195,314,1,1,0,1,atp_2011,full_data
1,195,340,0,1,1,0,atp_2011,full_data
1,195,342,1,1,0,1,atp_2011,full_data
1,195,350,1,1,0,1,atp_2011,full_data
1,195,356,0,1,1,0,atp_2011,full_data
1,197,4,1,1,0,1,atp_2011,full_data
1,197,25,1,1,0,1,atp_2011,full_data
1,197,34,1,1,0,1,atp_2011,full_data
1,197,62,1,1,0,1,atp_2011,full_data
1,197,89,1,1,0,1,atp_2011,full_data
1,197,97,1,1,0,1,atp_2011,full_data
1,197,146,1,1,0,1,atp_2011,full_data
1,197,207,1,1,0,1,atp_2011,full_data
1,197,214,1,1,0,1,atp_2011,full_data
1,197,215,1,1,0,1,atp_2011,full_data
1,197,269,1,1,0,1,atp_2011,full_data
1,197,272,1,1,0,1,atp_2011,full_data
1,197,282,1,1,0,1,atp_2011,full_data
1,197,295,1,1,0,1,atp_2011,full_data
1,197,301,1,1,0,1,atp_2011,full_data
1,197,318,0,1,1,0,atp_2011,full_data
1,197,328,1,2,1,0.5,atp_2011,full_data
1,197,340,1,1,0,1,atp_2011,full_data
1,197,342,1,1,0,1,atp_2011,full_data
1,197,408,0,1,1,0,atp_2011,full_data
1,197,425,0,1,1,0,atp_2011,full_data
1,201,18,1,1,0,1,atp_2011,full_data
1,201,178,1,1,0,1,atp_2011,full_data
1,201,218,1,1,0,1,atp_2011,full_data
1,201,334,0,1,1,0,atp_2011,full_data
1,202,44,1,1,0,1,atp_2011,full_data
1,202,60,1,1,0,1,atp_2011,full_data
1,202,113,1,1,0,1,atp_2011,full_data
1,202,129,1,1,0,1,atp_2011,full_data
1,202,146,2,4,2,0.5,atp_2011,full_data
1,202,227,1,1,0,1,atp_2011,full_data
1,202,258,1,1,0,1,atp_2011,full_data
1,202,313,1,1,0,1,atp_2011,full_data
1,202,331,1,1,0,1,atp_2011,full_data
1,202,340,1,2,1,0.5,atp_2011,full_data
1,205,138,1,1,0,1,atp_2011,full_data
1,205,162,1,1,0,1,atp_2011,full_data
1,205,207,0,1,1,0,atp_2011,full_data
1,205,228,1,1,0,1,atp_2011,full_data
1,205,269,1,1,0,1,atp_2011,full_data
1,205,309,1,1,0,1,atp_2011,full_data
1,205,334,1,1,0,1,atp_2011,full_data
1,206,23,1,1,0,1,atp_2011,full_data
1,206,40,0,1,1,0,atp_2011,full_data
1,206,41,1,1,0,1,atp_2011,full_data
1,206,52,1,1,0,1,atp_2011,full_data
1,206,63,1,1,0,1,atp_2011,full_data
1,206,77,1,1,0,1,atp_2011,full_data
1,206,86,1,1,0,1,atp_2011,full_data
1,206,88,1,1,0,1,atp_2011,full_data
1,206,89,1,1,0,1,atp_2011,full_data
1,206,90,0,1,1,0,atp_2011,full_data
1,206,93,1,1,0,1,atp_2011,full_data
1,206,101,0,1,1,0,atp_2011,full_data
1,206,105,1,1,0,1,atp_2011,full_data
1,206,126,1,1,0,1,atp_2011,full_data
1,206,136,1,1,0,1,atp_2011,full_data
1,206,146,0,1,1,0,atp_2011,full_data
1,206,148,1,1,0,1,atp_2011,full_data
1,206,159,1,1,0,1,atp_2011,full_data
1,206,172,1,1,0,1,atp_2011,full_data
1,206,178,2,2,0,1,atp_2011,full_data
1,206,193,0,1,1,0,atp_2011,full_data
1,206,197,1,1,0,1,atp_2011,full_data
1,206,205,1,1,0,1,atp_2011,full_data
1,206,209,1,1,0,1,atp_2011,full_data
1,206,210,0,1,1,0,atp_2011,full_data
1,206,214,1,1,0,1,atp_2011,full_data
1,206,226,2,2,0,1,atp_2011,full_data
1,206,228,0,1,1,0,atp_2011,full_data
1,206,237,1,1,0,1,atp_2011,full_data
1,206,245,0,2,2,0,atp_2011,full_data
1,206,248,1,1,0,1,atp_2011,full_data
1,206,260,1,1,0,1,atp_2011,full_data
1,206,267,0,1,1,0,atp_2011,full_data
1,206,274,2,2,0,1,atp_2011,full_data
1,206,282,2,2,0,1,atp_2011,full_data
1,206,295,0,1,1,0,atp_2011,full_data
1,206,348,1,1,0,1,atp_2011,full_data
1,206,350,0,1,1,0,atp_2011,full_data
1,206,355,1,1,0,1,atp_2011,full_data
1,206,366,1,2,1,0.5,atp_2011,full_data
1,206,408,1,1,0,1,atp_2011,full_data
1,206,432,0,1,1,0,atp_2011,full_data
1,207,165,1,1,0,1,atp_2011,full_data
1,207,222,1,1,0,1,atp_2011,full_data
1,207,339,1,1,0,1,atp_2011,full_data
1,208,190,1,1,0,1,atp_2011,full_data
1,209,18,1,1,0,1,atp_2011,full_data
1,209,30,0,1,1,0,atp_2011,full_data
1,209,35,2,3,1,0.666666666666667,atp_2011,full_data
1,209,50,1,1,0,1,atp_2011,full_data
1,209,59,1,1,0,1,atp_2011,full_data
1,209,62,1,1,0,1,atp_2011,full_data
1,209,63,1,2,1,0.5,atp_2011,full_data
1,209,64,1,1,0,1,atp_2011,full_data
1,209,101,2,2,0,1,atp_2011,full_data
1,209,107,1,1,0,1,atp_2011,full_data
1,209,112,1,1,0,1,atp_2011,full_data
1,209,121,0,1,1,0,atp_2011,full_data
1,209,141,0,1,1,0,atp_2011,full_data
1,209,146,2,2,0,1,atp_2011,full_data
1,209,147,1,1,0,1,atp_2011,full_data
1,209,151,1,1,0,1,atp_2011,full_data
1,209,153,1,1,0,1,atp_2011,full_data
1,209,161,1,1,0,1,atp_2011,full_data
1,209,164,1,1,0,1,atp_2011,full_data
1,209,173,2,2,0,1,atp_2011,full_data
1,209,177,1,1,0,1,atp_2011,full_data
1,209,178,1,1,0,1,atp_2011,full_data
1,209,189,1,1,0,1,atp_2011,full_data
1,209,210,1,1,0,1,atp_2011,full_data
1,209,214,1,1,0,1,atp_2011,full_data
1,209,215,1,1,0,1,atp_2011,full_data
1,209,223,2,2,0,1,atp_2011,full_data
1,209,226,1,2,1,0.5,atp_2011,full_data
1,209,233,0,1,1,0,atp_2011,full_data
1,209,235,1,1,0,1,atp_2011,full_data
1,209,261,1,1,0,1,atp_2011,full_data
1,209,267,1,1,0,1,atp_2011,full_data
1,209,268,2,2,0,1,atp_2011,full_data
1,209,282,1,1,0,1,atp_2011,full_data
1,209,294,1,1,0,1,atp_2011,full_data
1,209,304,0,1,1,0,atp_2011,full_data
1,209,328,1,1,0,1,atp_2011,full_data
1,209,348,1,1,0,1,atp_2011,full_data
1,209,350,1,3,2,0.333333333333333,atp_2011,full_data
1,209,356,1,1,0,1,atp_2011,full_data
1,209,374,0,1,1,0,atp_2011,full_data
1,209,388,1,1,0,1,atp_2011,full_data
1,209,408,3,3,0,1,atp_2011,full_data
1,209,417,1,1,0,1,atp_2011,full_data
1,209,432,1,1,0,1,atp_2011,full_data
1,210,16,1,1,0,1,atp_2011,full_data
1,210,30,1,2,1,0.5,atp_2011,full_data
1,210,34,0,1,1,0,atp_2011,full_data
1,210,40,0,2,2,0,atp_2011,full_data
1,210,46,2,2,0,1,atp_2011,full_data
1,210,70,1,2,1,0.5,atp_2011,full_data
1,210,75,1,1,0,1,atp_2011,full_data
1,210,78,1,1,0,1,atp_2011,full_data
1,210,90,1,1,0,1,atp_2011,full_data
1,210,97,1,1,0,1,atp_2011,full_data
1,210,101,1,2,1,0.5,atp_2011,full_data
1,210,103,1,1,0,1,atp_2011,full_data
1,210,107,1,1,0,1,atp_2011,full_data
1,210,113,1,1,0,1,atp_2011,full_data
1,210,127,1,1,0,1,atp_2011,full_data
1,210,138,0,1,1,0,atp_2011,full_data
1,210,141,3,3,0,1,atp_2011,full_data
1,210,143,1,1,0,1,atp_2011,full_data
1,210,147,1,1,0,1,atp_2011,full_data
1,210,153,1,1,0,1,atp_2011,full_data
1,210,195,1,1,0,1,atp_2011,full_data
1,210,207,1,1,0,1,atp_2011,full_data
1,210,211,1,1,0,1,atp_2011,full_data
1,210,214,0,1,1,0,atp_2011,full_data
1,210,215,3,3,0,1,atp_2011,full_data
1,210,235,0,1,1,0,atp_2011,full_data
1,210,240,1,2,1,0.5,atp_2011,full_data
1,210,248,0,1,1,0,atp_2011,full_data
1,210,249,2,2,0,1,atp_2011,full_data
1,210,274,1,1,0,1,atp_2011,full_data
1,210,415,1,1,0,1,atp_2011,full_data
1,211,40,0,1,1,0,atp_2011,full_data
1,211,44,1,1,0,1,atp_2011,full_data
1,211,212,1,1,0,1,atp_2011,full_data
1,211,237,1,1,0,1,atp_2011,full_data
1,211,425,1,1,0,1,atp_2011,full_data
1,213,155,1,1,0,1,atp_2011,full_data
1,213,289,1,1,0,1,atp_2011,full_data
1,214,4,2,2,0,1,atp_2011,full_data
1,214,72,1,1,0,1,atp_2011,full_data
1,214,78,0,1,1,0,atp_2011,full_data
1,214,113,1,1,0,1,atp_2011,full_data
1,214,138,1,1,0,1,atp_2011,full_data
1,214,203,1,1,0,1,atp_2011,full_data
1,214,294,1,1,0,1,atp_2011,full_data
1,214,408,1,1,0,1,atp_2011,full_data
1,214,417,1,1,0,1,atp_2011,full_data
1,215,16,1,1,0,1,atp_2011,full_data
1,215,75,0,1,1,0,atp_2011,full_data
1,215,78,1,1,0,1,atp_2011,full_data
1,215,84,1,1,0,1,atp_2011,full_data
1,215,103,1,2,1,0.5,atp_2011,full_data
1,215,111,1,1,0,1,atp_2011,full_data
1,215,115,1,1,0,1,atp_2011,full_data
1,215,153,0,1,1,0,atp_2011,full_data
1,215,163,1,1,0,1,atp_2011,full_data
1,215,173,1,1,0,1,atp_2011,full_data
1,215,202,2,3,1,0.666666666666667,atp_2011,full_data
1,215,205,1,1,0,1,atp_2011,full_data
1,215,264,1,1,0,1,atp_2011,full_data
1,215,273,1,1,0,1,atp_2011,full_data
1,215,280,0,1,1,0,atp_2011,full_data
1,215,293,2,2,0,1,atp_2011,full_data
1,215,314,1,1,0,1,atp_2011,full_data
1,215,366,0,1,1,0,atp_2011,full_data
1,215,403,1,1,0,1,atp_2011,full_data
1,215,404,0,1,1,0,atp_2011,full_data
1,215,408,0,1,1,0,atp_2011,full_data
1,218,113,1,1,0,1,atp_2011,full_data
1,218,165,1,2,1,0.5,atp_2011,full_data
1,218,399,1,1,0,1,atp_2011,full_data
1,219,163,1,1,0,1,atp_2011,full_data
1,220,313,1,1,0,1,atp_2011,full_data
1,221,295,1,1,0,1,atp_2011,full_data
1,223,23,1,1,0,1,atp_2011,full_data
1,223,34,1,1,0,1,atp_2011,full_data
1,223,35,1,1,0,1,atp_2011,full_data
1,223,40,2,2,0,1,atp_2011,full_data
1,223,50,1,1,0,1,atp_2011,full_data
1,223,58,1,1,0,1,atp_2011,full_data
1,223,62,0,1,1,0,atp_2011,full_data
1,223,68,1,2,1,0.5,atp_2011,full_data
1,223,84,0,1,1,0,atp_2011,full_data
1,223,86,1,1,0,1,atp_2011,full_data
1,223,89,3,3,0,1,atp_2011,full_data
1,223,90,2,2,0,1,atp_2011,full_data
1,223,93,1,1,0,1,atp_2011,full_data
1,223,96,1,1,0,1,atp_2011,full_data
1,223,103,0,1,1,0,atp_2011,full_data
1,223,105,0,1,1,0,atp_2011,full_data
1,223,114,2,2,0,1,atp_2011,full_data
1,223,115,0,1,1,0,atp_2011,full_data
1,223,121,0,2,2,0,atp_2011,full_data
1,223,126,0,1,1,0,atp_2011,full_data
1,223,130,1,1,0,1,atp_2011,full_data
1,223,136,1,1,0,1,atp_2011,full_data
1,223,147,1,1,0,1,atp_2011,full_data
1,223,148,1,1,0,1,atp_2011,full_data
1,223,159,1,2,1,0.5,atp_2011,full_data
1,223,161,1,1,0,1,atp_2011,full_data
1,223,164,1,2,1,0.5,atp_2011,full_data
1,223,173,0,1,1,0,atp_2011,full_data
1,223,178,0,1,1,0,atp_2011,full_data
1,223,180,1,1,0,1,atp_2011,full_data
1,223,191,1,1,0,1,atp_2011,full_data
1,223,195,0,1,1,0,atp_2011,full_data
1,223,205,1,1,0,1,atp_2011,full_data
1,223,210,1,1,0,1,atp_2011,full_data
1,223,218,1,1,0,1,atp_2011,full_data
1,223,226,1,2,1,0.5,atp_2011,full_data
1,223,228,1,1,0,1,atp_2011,full_data
1,223,235,1,1,0,1,atp_2011,full_data
1,223,237,2,2,0,1,atp_2011,full_data
1,223,245,1,1,0,1,atp_2011,full_data
1,223,253,1,1,0,1,atp_2011,full_data
1,223,280,1,1,0,1,atp_2011,full_data
1,223,304,1,1,0,1,atp_2011,full_data
1,223,311,1,1,0,1,atp_2011,full_data
1,223,314,1,1,0,1,atp_2011,full_data
1,223,318,1,1,0,1,atp_2011,full_data
1,223,334,1,1,0,1,atp_2011,full_data
1,223,340,1,1,0,1,atp_2011,full_data
1,223,350,1,1,0,1,atp_2011,full_data
1,223,374,0,1,1,0,atp_2011,full_data
1,226,18,1,1,0,1,atp_2011,full_data
1,226,30,1,1,0,1,atp_2011,full_data
1,226,34,1,1,0,1,atp_2011,full_data
1,226,35,0,1,1,0,atp_2011,full_data
1,226,38,1,1,0,1,atp_2011,full_data
1,226,58,0,1,1,0,atp_2011,full_data
1,226,75,1,1,0,1,atp_2011,full_data
1,226,84,1,1,0,1,atp_2011,full_data
1,226,86,1,1,0,1,atp_2011,full_data
1,226,90,1,1,0,1,atp_2011,full_data
1,226,93,1,1,0,1,atp_2011,full_data
1,226,101,0,1,1,0,atp_2011,full_data
1,226,103,1,1,0,1,atp_2011,full_data
1,226,115,1,1,0,1,atp_2011,full_data
1,226,117,1,1,0,1,atp_2011,full_data
1,226,132,1,1,0,1,atp_2011,full_data
1,226,136,1,1,0,1,atp_2011,full_data
1,226,141,1,1,0,1,atp_2011,full_data
1,226,146,1,1,0,1,atp_2011,full_data
1,226,159,1,1,0,1,atp_2011,full_data
1,226,161,2,2,0,1,atp_2011,full_data
1,226,164,3,3,0,1,atp_2011,full_data
1,226,165,1,1,0,1,atp_2011,full_data
1,226,177,1,2,1,0.5,atp_2011,full_data
1,226,178,3,3,0,1,atp_2011,full_data
1,226,185,2,3,1,0.666666666666667,atp_2011,full_data
1,226,197,1,1,0,1,atp_2011,full_data
1,226,205,1,1,0,1,atp_2011,full_data
1,226,214,1,1,0,1,atp_2011,full_data
1,226,216,1,1,0,1,atp_2011,full_data
1,226,240,1,1,0,1,atp_2011,full_data
1,226,245,1,1,0,1,atp_2011,full_data
1,226,253,1,2,1,0.5,atp_2011,full_data
1,226,269,1,1,0,1,atp_2011,full_data
1,226,270,2,2,0,1,atp_2011,full_data
1,226,282,1,1,0,1,atp_2011,full_data
1,226,295,0,1,1,0,atp_2011,full_data
1,226,313,1,1,0,1,atp_2011,full_data
1,226,314,1,2,1,0.5,atp_2011,full_data
1,226,317,1,1,0,1,atp_2011,full_data
1,226,340,1,1,0,1,atp_2011,full_data
1,226,342,1,1,0,1,atp_2011,full_data
1,226,350,1,1,0,1,atp_2011,full_data
1,226,374,0,1,1,0,atp_2011,full_data
1,228,190,1,1,0,1,atp_2011,full_data
1,228,255,1,1,0,1,atp_2011,full_data
1,228,264,1,1,0,1,atp_2011,full_data
1,229,429,1,1,0,1,atp_2011,full_data
1,233,46,1,1,0,1,atp_2011,full_data
1,233,62,1,1,0,1,atp_2011,full_data
1,233,70,1,1,0,1,atp_2011,full_data
1,233,88,1,2,1,0.5,atp_2011,full_data
1,233,115,1,2,1,0.5,atp_2011,full_data
1,233,146,1,1,0,1,atp_2011,full_data
1,233,163,1,1,0,1,atp_2011,full_data
1,233,205,0,1,1,0,atp_2011,full_data
1,233,237,1,1,0,1,atp_2011,full_data
1,233,314,1,1,0,1,atp_2011,full_data
1,233,328,1,1,0,1,atp_2011,full_data
1,233,334,0,1,1,0,atp_2011,full_data
1,235,4,0,1,1,0,atp_2011,full_data
1,235,87,1,1,0,1,atp_2011,full_data
1,235,89,1,1,0,1,atp_2011,full_data
1,235,131,1,1,0,1,atp_2011,full_data
1,235,146,1,1,0,1,atp_2011,full_data
1,235,148,1,1,0,1,atp_2011,full_data
1,235,205,0,1,1,0,atp_2011,full_data
1,235,214,1,1,0,1,atp_2011,full_data
1,235,227,1,1,0,1,atp_2011,full_data
1,235,294,1,1,0,1,atp_2011,full_data
1,235,295,1,1,0,1,atp_2011,full_data
1,235,301,1,1,0,1,atp_2011,full_data
1,235,342,1,2,1,0.5,atp_2011,full_data
1,235,408,1,1,0,1,atp_2011,full_data
1,236,425,1,1,0,1,atp_2011,full_data
1,237,40,2,2,0,1,atp_2011,full_data
1,237,41,1,1,0,1,atp_2011,full_data
1,237,68,2,2,0,1,atp_2011,full_data
1,237,70,0,1,1,0,atp_2011,full_data
1,237,78,1,1,0,1,atp_2011,full_data
1,237,103,2,2,0,1,atp_2011,full_data
1,237,117,1,1,0,1,atp_2011,full_data
1,237,218,1,1,0,1,atp_2011,full_data
1,237,221,1,1,0,1,atp_2011,full_data
1,237,269,1,1,0,1,atp_2011,full_data
1,237,273,0,1,1,0,atp_2011,full_data
1,237,293,0,1,1,0,atp_2011,full_data
1,237,318,1,1,0,1,atp_2011,full_data
1,237,328,1,1,0,1,atp_2011,full_data
1,237,334,0,1,1,0,atp_2011,full_data
1,237,399,1,1,0,1,atp_2011,full_data
1,238,208,1,1,0,1,atp_2011,full_data
1,238,349,1,1,0,1,atp_2011,full_data
1,240,40,1,1,0,1,atp_2011,full_data
1,240,52,1,1,0,1,atp_2011,full_data
1,240,59,1,1,0,1,atp_2011,full_data
1,240,72,1,1,0,1,atp_2011,full_data
1,240,86,1,1,0,1,atp_2011,full_data
1,240,88,0,1,1,0,atp_2011,full_data
1,240,90,1,1,0,1,atp_2011,full_data
1,240,107,1,1,0,1,atp_2011,full_data
1,240,121,1,1,0,1,atp_2011,full_data
1,240,132,2,2,0,1,atp_2011,full_data
1,240,141,1,1,0,1,atp_2011,full_data
1,240,147,1,1,0,1,atp_2011,full_data
1,240,148,1,1,0,1,atp_2011,full_data
1,240,153,0,1,1,0,atp_2011,full_data
1,240,163,0,1,1,0,atp_2011,full_data
1,240,191,1,1,0,1,atp_2011,full_data
1,240,202,1,1,0,1,atp_2011,full_data
1,240,214,1,1,0,1,atp_2011,full_data
1,240,215,0,2,2,0,atp_2011,full_data
1,240,235,2,2,0,1,atp_2011,full_data
1,240,243,1,1,0,1,atp_2011,full_data
1,240,248,1,1,0,1,atp_2011,full_data
1,240,249,1,1,0,1,atp_2011,full_data
1,240,261,1,1,0,1,atp_2011,full_data
1,240,269,1,1,0,1,atp_2011,full_data
1,240,282,1,2,1,0.5,atp_2011,full_data
1,240,286,1,1,0,1,atp_2011,full_data
1,240,298,1,1,0,1,atp_2011,full_data
1,240,304,1,1,0,1,atp_2011,full_data
1,240,328,1,1,0,1,atp_2011,full_data
1,240,350,1,1,0,1,atp_2011,full_data
1,240,355,1,1,0,1,atp_2011,full_data
1,240,425,1,2,1,0.5,atp_2011,full_data
1,240,432,1,2,1,0.5,atp_2011,full_data
1,241,190,0,1,1,0,atp_2011,full_data
1,241,297,1,1,0,1,atp_2011,full_data
1,243,146,1,1,0,1,atp_2011,full_data
1,243,227,0,1,1,0,atp_2011,full_data
1,243,261,1,1,0,1,atp_2011,full_data
1,243,294,1,1,0,1,atp_2011,full_data
1,245,40,0,1,1,0,atp_2011,full_data
1,245,59,1,1,0,1,atp_2011,full_data
1,245,63,1,1,0,1,atp_2011,full_data
1,245,84,0,1,1,0,atp_2011,full_data
1,245,86,1,1,0,1,atp_2011,full_data
1,245,87,1,1,0,1,atp_2011,full_data
1,245,93,1,3,2,0.333333333333333,atp_2011,full_data
1,245,121,1,3,2,0.333333333333333,atp_2011,full_data
1,245,124,1,1,0,1,atp_2011,full_data
1,245,132,1,1,0,1,atp_2011,full_data
1,245,141,1,2,1,0.5,atp_2011,full_data
1,245,147,1,2,1,0.5,atp_2011,full_data
1,245,150,1,1,0,1,atp_2011,full_data
1,245,164,1,1,0,1,atp_2011,full_data
1,245,173,1,1,0,1,atp_2011,full_data
1,245,178,1,1,0,1,atp_2011,full_data
1,245,195,1,1,0,1,atp_2011,full_data
1,245,197,0,1,1,0,atp_2011,full_data
1,245,240,1,2,1,0.5,atp_2011,full_data
1,245,293,0,1,1,0,atp_2011,full_data
1,245,294,1,1,0,1,atp_2011,full_data
1,245,303,1,1,0,1,atp_2011,full_data
1,245,313,1,1,0,1,atp_2011,full_data
1,245,323,1,1,0,1,atp_2011,full_data
1,245,350,1,1,0,1,atp_2011,full_data
1,245,356,1,1,0,1,atp_2011,full_data
1,247,117,1,1,0,1,atp_2011,full_data
1,248,20,1,1,0,1,atp_2011,full_data
1,248,23,1,2,1,0.5,atp_2011,full_data
1,248,34,1,1,0,1,atp_2011,full_data
1,248,40,0,1,1,0,atp_2011,full_data
1,248,41,1,1,0,1,atp_2011,full_data
1,248,44,0,1,1,0,atp_2011,full_data
1,248,59,1,1,0,1,atp_2011,full_data
1,248,63,1,1,0,1,atp_2011,full_data
1,248,68,1,1,0,1,atp_2011,full_data
1,248,75,1,1,0,1,atp_2011,full_data
1,248,78,1,1,0,1,atp_2011,full_data
1,248,84,1,1,0,1,atp_2011,full_data
1,248,86,1,1,0,1,atp_2011,full_data
1,248,89,1,3,2,0.333333333333333,atp_2011,full_data
1,248,107,1,1,0,1,atp_2011,full_data
1,248,113,1,1,0,1,atp_2011,full_data
1,248,143,1,2,1,0.5,atp_2011,full_data
1,248,146,2,2,0,1,atp_2011,full_data
1,248,150,1,1,0,1,atp_2011,full_data
1,248,189,1,1,0,1,atp_2011,full_data
1,248,197,1,1,0,1,atp_2011,full_data
1,248,202,1,1,0,1,atp_2011,full_data
1,248,207,1,1,0,1,atp_2011,full_data
1,248,215,1,1,0,1,atp_2011,full_data
1,248,219,1,1,0,1,atp_2011,full_data
1,248,233,1,1,0,1,atp_2011,full_data
1,248,237,2,2,0,1,atp_2011,full_data
1,248,270,0,1,1,0,atp_2011,full_data
1,248,272,1,1,0,1,atp_2011,full_data
1,248,274,1,1,0,1,atp_2011,full_data
1,248,282,0,1,1,0,atp_2011,full_data
1,248,301,1,1,0,1,atp_2011,full_data
1,248,311,1,1,0,1,atp_2011,full_data
1,248,340,1,1,0,1,atp_2011,full_data
1,248,344,1,1,0,1,atp_2011,full_data
1,248,355,1,1,0,1,atp_2011,full_data
1,248,363,1,1,0,1,atp_2011,full_data
1,248,366,2,2,0,1,atp_2011,full_data
1,248,408,0,1,1,0,atp_2011,full_data
1,248,432,0,1,1,0,atp_2011,full_data
1,249,40,1,1,0,1,atp_2011,full_data
1,249,75,1,1,0,1,atp_2011,full_data
1,249,163,1,1,0,1,atp_2011,full_data
1,249,165,1,1,0,1,atp_2011,full_data
1,249,183,1,1,0,1,atp_2011,full_data
1,249,189,0,1,1,0,atp_2011,full_data
1,249,237,1,1,0,1,atp_2011,full_data
1,249,269,0,1,1,0,atp_2011,full_data
1,249,270,1,3,2,0.333333333333333,atp_2011,full_data
1,249,286,0,1,1,0,atp_2011,full_data
1,249,328,2,2,0,1,atp_2011,full_data
1,249,355,1,1,0,1,atp_2011,full_data
1,249,366,1,1,0,1,atp_2011,full_data
1,249,430,1,1,0,1,atp_2011,full_data
1,252,23,1,1,0,1,atp_2011,full_data
1,252,30,1,1,0,1,atp_2011,full_data
1,252,34,1,1,0,1,atp_2011,full_data
1,252,35,2,2,0,1,atp_2011,full_data
1,252,59,1,1,0,1,atp_2011,full_data
1,252,60,1,1,0,1,atp_2011,full_data
1,252,75,1,1,0,1,atp_2011,full_data
1,252,86,0,1,1,0,atp_2011,full_data
1,252,90,1,1,0,1,atp_2011,full_data
1,252,91,3,4,1,0.75,atp_2011,full_data
1,252,96,2,2,0,1,atp_2011,full_data
1,252,101,3,4,1,0.75,atp_2011,full_data
1,252,102,1,1,0,1,atp_2011,full_data
1,252,103,1,1,0,1,atp_2011,full_data
1,252,105,1,1,0,1,atp_2011,full_data
1,252,112,2,3,1,0.666666666666667,atp_2011,full_data
1,252,113,1,1,0,1,atp_2011,full_data
1,252,126,1,1,0,1,atp_2011,full_data
1,252,143,2,2,0,1,atp_2011,full_data
1,252,146,1,1,0,1,atp_2011,full_data
1,252,159,0,1,1,0,atp_2011,full_data
1,252,164,1,1,0,1,atp_2011,full_data
1,252,178,1,1,0,1,atp_2011,full_data
1,252,188,1,1,0,1,atp_2011,full_data
1,252,189,1,1,0,1,atp_2011,full_data
1,252,197,1,2,1,0.5,atp_2011,full_data
1,252,202,1,1,0,1,atp_2011,full_data
1,252,209,1,3,2,0.333333333333333,atp_2011,full_data
1,252,210,1,1,0,1,atp_2011,full_data
1,252,215,1,1,0,1,atp_2011,full_data
1,252,221,1,1,0,1,atp_2011,full_data
1,252,226,1,1,0,1,atp_2011,full_data
1,252,237,1,1,0,1,atp_2011,full_data
1,252,253,3,3,0,1,atp_2011,full_data
1,252,260,1,1,0,1,atp_2011,full_data
1,252,279,4,5,1,0.8,atp_2011,full_data
1,252,293,3,3,0,1,atp_2011,full_data
1,252,295,1,1,0,1,atp_2011,full_data
1,252,309,1,1,0,1,atp_2011,full_data
1,252,310,1,1,0,1,atp_2011,full_data
1,252,311,2,2,0,1,atp_2011,full_data
1,252,317,1,1,0,1,atp_2011,full_data
1,252,323,1,1,0,1,atp_2011,full_data
1,252,342,1,1,0,1,atp_2011,full_data
1,252,346,3,3,0,1,atp_2011,full_data
1,252,348,2,2,0,1,atp_2011,full_data
1,252,350,1,1,0,1,atp_2011,full_data
1,252,374,1,1,0,1,atp_2011,full_data
1,252,402,1,1,0,1,atp_2011,full_data
1,252,432,1,1,0,1,atp_2011,full_data
1,253,30,1,1,0,1,atp_2011,full_data
1,253,34,0,1,1,0,atp_2011,full_data
1,253,40,1,1,0,1,atp_2011,full_data
1,253,42,0,1,1,0,atp_2011,full_data
1,253,68,1,1,0,1,atp_2011,full_data
1,253,75,1,1,0,1,atp_2011,full_data
1,253,84,1,1,0,1,atp_2011,full_data
1,253,97,1,1,0,1,atp_2011,full_data
1,253,102,1,1,0,1,atp_2011,full_data
1,253,143,0,1,1,0,atp_2011,full_data
1,253,146,1,1,0,1,atp_2011,full_data
1,253,147,1,1,0,1,atp_2011,full_data
1,253,159,2,2,0,1,atp_2011,full_data
1,253,164,0,1,1,0,atp_2011,full_data
1,253,165,1,1,0,1,atp_2011,full_data
1,253,173,1,1,0,1,atp_2011,full_data
1,253,190,1,1,0,1,atp_2011,full_data
1,253,195,1,1,0,1,atp_2011,full_data
1,253,221,0,1,1,0,atp_2011,full_data
1,253,228,1,1,0,1,atp_2011,full_data
1,253,233,1,1,0,1,atp_2011,full_data
1,253,235,1,1,0,1,atp_2011,full_data
1,253,240,0,1,1,0,atp_2011,full_data
1,253,245,1,1,0,1,atp_2011,full_data
1,253,248,2,2,0,1,atp_2011,full_data
1,253,261,1,1,0,1,atp_2011,full_data
1,253,268,1,1,0,1,atp_2011,full_data
1,253,270,1,1,0,1,atp_2011,full_data
1,253,310,1,1,0,1,atp_2011,full_data
1,253,311,1,1,0,1,atp_2011,full_data
1,253,314,2,2,0,1,atp_2011,full_data
1,253,340,1,1,0,1,atp_2011,full_data
1,253,350,1,1,0,1,atp_2011,full_data
1,253,408,1,1,0,1,atp_2011,full_data
1,254,66,1,1,0,1,atp_2011,full_data
1,256,306,1,1,0,1,atp_2011,full_data
1,256,445,1,1,0,1,atp_2011,full_data
1,260,30,1,2,1,0.5,atp_2011,full_data
1,260,34,1,1,0,1,atp_2011,full_data
1,260,42,1,1,0,1,atp_2011,full_data
1,260,44,1,1,0,1,atp_2011,full_data
1,260,68,1,1,0,1,atp_2011,full_data
1,260,78,1,1,0,1,atp_2011,full_data
1,260,89,0,1,1,0,atp_2011,full_data
1,260,90,2,2,0,1,atp_2011,full_data
1,260,115,0,1,1,0,atp_2011,full_data
1,260,132,1,1,0,1,atp_2011,full_data
1,260,141,1,1,0,1,atp_2011,full_data
1,260,159,1,1,0,1,atp_2011,full_data
1,260,161,2,3,1,0.666666666666667,atp_2011,full_data
1,260,175,1,1,0,1,atp_2011,full_data
1,260,185,1,1,0,1,atp_2011,full_data
1,260,195,0,1,1,0,atp_2011,full_data
1,260,197,1,1,0,1,atp_2011,full_data
1,260,205,1,2,1,0.5,atp_2011,full_data
1,260,210,1,1,0,1,atp_2011,full_data
1,260,221,1,1,0,1,atp_2011,full_data
1,260,237,1,1,0,1,atp_2011,full_data
1,260,240,1,1,0,1,atp_2011,full_data
1,260,245,0,1,1,0,atp_2011,full_data
1,260,248,1,1,0,1,atp_2011,full_data
1,260,253,1,1,0,1,atp_2011,full_data
1,260,264,1,1,0,1,atp_2011,full_data
1,260,273,1,1,0,1,atp_2011,full_data
1,260,274,1,1,0,1,atp_2011,full_data
1,260,293,1,1,0,1,atp_2011,full_data
1,260,311,1,1,0,1,atp_2011,full_data
1,260,315,1,1,0,1,atp_2011,full_data
1,260,318,1,1,0,1,atp_2011,full_data
1,260,344,1,1,0,1,atp_2011,full_data
1,260,366,0,1,1,0,atp_2011,full_data
1,260,383,1,1,0,1,atp_2011,full_data
1,260,393,1,1,0,1,atp_2011,full_data
1,260,402,1,1,0,1,atp_2011,full_data
1,260,408,1,1,0,1,atp_2011,full_data
1,260,432,1,1,0,1,atp_2011,full_data
1,261,222,1,1,0,1,atp_2011,full_data
1,261,255,1,1,0,1,atp_2011,full_data
1,261,273,1,1,0,1,atp_2011,full_data
1,261,276,1,1,0,1,atp_2011,full_data
1,261,331,1,1,0,1,atp_2011,full_data
1,261,344,1,1,0,1,atp_2011,full_data
1,266,76,1,1,0,1,atp_2011,full_data
1,267,304,1,1,0,1,atp_2011,full_data
1,267,340,1,1,0,1,atp_2011,full_data
1,268,221,1,1,0,1,atp_2011,full_data
1,268,272,1,1,0,1,atp_2011,full_data
1,269,42,1,1,0,1,atp_2011,full_data
1,269,255,1,1,0,1,atp_2011,full_data
1,269,408,1,1,0,1,atp_2011,full_data
1,270,44,1,1,0,1,atp_2011,full_data
1,270,70,1,1,0,1,atp_2011,full_data
1,270,269,1,1,0,1,atp_2011,full_data
1,270,272,0,1,1,0,atp_2011,full_data
1,270,298,1,1,0,1,atp_2011,full_data
1,270,342,1,1,0,1,atp_2011,full_data
1,270,360,1,1,0,1,atp_2011,full_data
1,272,78,1,1,0,1,atp_2011,full_data
1,272,313,1,1,0,1,atp_2011,full_data
1,272,338,1,1,0,1,atp_2011,full_data
1,273,193,1,1,0,1,atp_2011,full_data
1,274,4,0,1,1,0,atp_2011,full_data
1,274,46,1,1,0,1,atp_2011,full_data
1,274,60,1,1,0,1,atp_2011,full_data
1,274,68,1,1,0,1,atp_2011,full_data
1,274,84,0,1,1,0,atp_2011,full_data
1,274,86,1,1,0,1,atp_2011,full_data
1,274,94,1,1,0,1,atp_2011,full_data
1,274,103,0,1,1,0,atp_2011,full_data
1,274,136,1,2,1,0.5,atp_2011,full_data
1,274,145,1,1,0,1,atp_2011,full_data
1,274,153,1,1,0,1,atp_2011,full_data
1,274,162,1,1,0,1,atp_2011,full_data
1,274,173,1,2,1,0.5,atp_2011,full_data
1,274,178,1,1,0,1,atp_2011,full_data
1,274,180,1,1,0,1,atp_2011,full_data
1,274,190,1,1,0,1,atp_2011,full_data
1,274,215,0,1,1,0,atp_2011,full_data
1,274,221,1,1,0,1,atp_2011,full_data
1,274,233,1,1,0,1,atp_2011,full_data
1,274,235,1,2,1,0.5,atp_2011,full_data
1,274,236,1,1,0,1,atp_2011,full_data
1,274,298,1,1,0,1,atp_2011,full_data
1,274,301,1,1,0,1,atp_2011,full_data
1,274,328,1,1,0,1,atp_2011,full_data
1,274,334,1,1,0,1,atp_2011,full_data
1,274,343,1,1,0,1,atp_2011,full_data
1,274,350,1,2,1,0.5,atp_2011,full_data
1,274,386,1,1,0,1,atp_2011,full_data
1,276,225,1,1,0,1,atp_2011,full_data
1,279,30,1,1,0,1,atp_2011,full_data
1,279,35,1,1,0,1,atp_2011,full_data
1,279,40,1,1,0,1,atp_2011,full_data
1,279,62,2,2,0,1,atp_2011,full_data
1,279,63,2,2,0,1,atp_2011,full_data
1,279,84,1,1,0,1,atp_2011,full_data
1,279,88,1,1,0,1,atp_2011,full_data
1,279,96,2,2,0,1,atp_2011,full_data
1,279,101,1,1,0,1,atp_2011,full_data
1,279,105,2,2,0,1,atp_2011,full_data
1,279,112,3,4,1,0.75,atp_2011,full_data
1,279,126,2,2,0,1,atp_2011,full_data
1,279,141,2,3,1,0.666666666666667,atp_2011,full_data
1,279,143,1,1,0,1,atp_2011,full_data
1,279,146,1,1,0,1,atp_2011,full_data
1,279,159,1,1,0,1,atp_2011,full_data
1,279,185,1,1,0,1,atp_2011,full_data
1,279,195,4,4,0,1,atp_2011,full_data
1,279,202,1,1,0,1,atp_2011,full_data
1,279,205,1,1,0,1,atp_2011,full_data
1,279,206,1,1,0,1,atp_2011,full_data
1,279,209,1,1,0,1,atp_2011,full_data
1,279,210,1,1,0,1,atp_2011,full_data
1,279,215,1,2,1,0.5,atp_2011,full_data
1,279,217,1,1,0,1,atp_2011,full_data
1,279,221,1,1,0,1,atp_2011,full_data
1,279,226,0,1,1,0,atp_2011,full_data
1,279,228,1,1,0,1,atp_2011,full_data
1,279,240,1,1,0,1,atp_2011,full_data
1,279,248,0,1,1,0,atp_2011,full_data
1,279,249,1,1,0,1,atp_2011,full_data
1,279,253,1,1,0,1,atp_2011,full_data
1,279,269,1,1,0,1,atp_2011,full_data
1,279,274,1,1,0,1,atp_2011,full_data
1,279,301,1,1,0,1,atp_2011,full_data
1,279,310,1,1,0,1,atp_2011,full_data
1,279,314,0,1,1,0,atp_2011,full_data
1,279,350,1,1,0,1,atp_2011,full_data
1,279,366,2,3,1,0.666666666666667,atp_2011,full_data
1,279,374,1,1,0,1,atp_2011,full_data
1,279,408,1,1,0,1,atp_2011,full_data
1,280,147,1,1,0,1,atp_2011,full_data
1,280,193,1,1,0,1,atp_2011,full_data
1,280,247,0,1,1,0,atp_2011,full_data
1,281,30,1,1,0,1,atp_2011,full_data
1,281,46,1,1,0,1,atp_2011,full_data
1,281,59,2,2,0,1,atp_2011,full_data
1,281,63,1,1,0,1,atp_2011,full_data
1,281,86,2,2,0,1,atp_2011,full_data
1,281,91,4,5,1,0.8,atp_2011,full_data
1,281,96,2,2,0,1,atp_2011,full_data
1,281,101,2,2,0,1,atp_2011,full_data
1,281,112,1,2,1,0.5,atp_2011,full_data
1,281,115,2,2,0,1,atp_2011,full_data
1,281,136,1,1,0,1,atp_2011,full_data
1,281,146,1,1,0,1,atp_2011,full_data
1,281,159,1,1,0,1,atp_2011,full_data
1,281,185,0,1,1,0,atp_2011,full_data
1,281,188,1,1,0,1,atp_2011,full_data
1,281,197,2,2,0,1,atp_2011,full_data
1,281,201,1,1,0,1,atp_2011,full_data
1,281,206,1,1,0,1,atp_2011,full_data
1,281,209,1,1,0,1,atp_2011,full_data
1,281,215,2,2,0,1,atp_2011,full_data
1,281,223,1,1,0,1,atp_2011,full_data
1,281,226,2,2,0,1,atp_2011,full_data
1,281,240,3,3,0,1,atp_2011,full_data
1,281,245,1,1,0,1,atp_2011,full_data
1,281,248,3,3,0,1,atp_2011,full_data
1,281,252,6,6,0,1,atp_2011,full_data
1,281,253,2,2,0,1,atp_2011,full_data
1,281,260,2,2,0,1,atp_2011,full_data
1,281,261,1,1,0,1,atp_2011,full_data
1,281,269,1,1,0,1,atp_2011,full_data
1,281,270,1,1,0,1,atp_2011,full_data
1,281,279,2,2,0,1,atp_2011,full_data
1,281,295,1,1,0,1,atp_2011,full_data
1,281,314,1,1,0,1,atp_2011,full_data
1,281,342,1,1,0,1,atp_2011,full_data
1,281,344,1,1,0,1,atp_2011,full_data
1,281,346,1,1,0,1,atp_2011,full_data
1,281,348,1,1,0,1,atp_2011,full_data
1,281,350,1,1,0,1,atp_2011,full_data
1,281,374,0,1,1,0,atp_2011,full_data
1,281,425,1,1,0,1,atp_2011,full_data
1,281,432,1,1,0,1,atp_2011,full_data
1,282,58,1,1,0,1,atp_2011,full_data
1,282,68,1,3,2,0.333333333333333,atp_2011,full_data
1,282,75,1,1,0,1,atp_2011,full_data
1,282,84,0,1,1,0,atp_2011,full_data
1,282,88,1,1,0,1,atp_2011,full_data
1,282,115,1,1,0,1,atp_2011,full_data
1,282,117,1,1,0,1,atp_2011,full_data
1,282,146,1,1,0,1,atp_2011,full_data
1,282,148,1,1,0,1,atp_2011,full_data
1,282,180,1,1,0,1,atp_2011,full_data
1,282,205,1,1,0,1,atp_2011,full_data
1,282,211,1,1,0,1,atp_2011,full_data
1,282,221,1,1,0,1,atp_2011,full_data
1,282,261,1,1,0,1,atp_2011,full_data
1,282,264,2,2,0,1,atp_2011,full_data
1,282,270,1,1,0,1,atp_2011,full_data
1,282,314,1,1,0,1,atp_2011,full_data
1,282,318,1,1,0,1,atp_2011,full_data
1,282,342,0,1,1,0,atp_2011,full_data
1,286,151,1,1,0,1,atp_2011,full_data
1,289,426,1,1,0,1,atp_2011,full_data
1,293,60,0,1,1,0,atp_2011,full_data
1,293,75,1,1,0,1,atp_2011,full_data
1,293,147,1,1,0,1,atp_2011,full_data
1,293,202,1,2,1,0.5,atp_2011,full_data
1,293,214,1,1,0,1,atp_2011,full_data
1,293,221,1,1,0,1,atp_2011,full_data
1,293,261,0,1,1,0,atp_2011,full_data
1,293,272,0,1,1,0,atp_2011,full_data
1,293,304,2,2,0,1,atp_2011,full_data
1,293,315,1,1,0,1,atp_2011,full_data
1,293,408,0,1,1,0,atp_2011,full_data
1,294,255,1,1,0,1,atp_2011,full_data
1,295,151,1,1,0,1,atp_2011,full_data
1,296,254,1,1,0,1,atp_2011,full_data
1,296,398,1,1,0,1,atp_2011,full_data
1,297,408,1,1,0,1,atp_2011,full_data
1,298,207,1,1,0,1,atp_2011,full_data
1,299,407,1,1,0,1,atp_2011,full_data
1,301,18,1,1,0,1,atp_2011,full_data
1,301,205,1,1,0,1,atp_2011,full_data
1,301,298,1,1,0,1,atp_2011,full_data
1,301,315,0,1,1,0,atp_2011,full_data
1,301,342,1,1,0,1,atp_2011,full_data
1,301,344,0,1,1,0,atp_2011,full_data
1,301,387,1,1,0,1,atp_2011,full_data
1,304,4,1,1,0,1,atp_2011,full_data
1,304,174,1,1,0,1,atp_2011,full_data
1,304,193,1,1,0,1,atp_2011,full_data
1,304,261,1,1,0,1,atp_2011,full_data
1,304,309,0,1,1,0,atp_2011,full_data
1,304,313,1,2,1,0.5,atp_2011,full_data
1,304,342,1,1,0,1,atp_2011,full_data
1,307,5,1,1,0,1,atp_2011,full_data
1,307,337,1,1,0,1,atp_2011,full_data
1,309,180,0,1,1,0,atp_2011,full_data
1,309,207,1,1,0,1,atp_2011,full_data
1,309,264,0,1,1,0,atp_2011,full_data
1,309,286,1,1,0,1,atp_2011,full_data
1,309,328,1,1,0,1,atp_2011,full_data
1,310,75,0,1,1,0,atp_2011,full_data
1,310,202,1,1,0,1,atp_2011,full_data
1,310,237,2,2,0,1,atp_2011,full_data
1,310,261,1,1,0,1,atp_2011,full_data
1,310,273,1,1,0,1,atp_2011,full_data
1,310,293,1,1,0,1,atp_2011,full_data
1,310,298,0,1,1,0,atp_2011,full_data
1,310,361,1,1,0,1,atp_2011,full_data
1,310,425,1,1,0,1,atp_2011,full_data
1,311,23,1,1,0,1,atp_2011,full_data
1,311,40,1,1,0,1,atp_2011,full_data
1,311,62,1,1,0,1,atp_2011,full_data
1,311,68,2,3,1,0.666666666666667,atp_2011,full_data
1,311,70,0,1,1,0,atp_2011,full_data
1,311,84,2,2,0,1,atp_2011,full_data
1,311,87,1,1,0,1,atp_2011,full_data
1,311,88,1,1,0,1,atp_2011,full_data
1,311,115,0,1,1,0,atp_2011,full_data
1,311,137,1,1,0,1,atp_2011,full_data
1,311,146,1,2,1,0.5,atp_2011,full_data
1,311,147,1,2,1,0.5,atp_2011,full_data
1,311,180,1,1,0,1,atp_2011,full_data
1,311,197,1,1,0,1,atp_2011,full_data
1,311,207,1,1,0,1,atp_2011,full_data
1,311,221,2,3,1,0.666666666666667,atp_2011,full_data
1,311,233,0,1,1,0,atp_2011,full_data
1,311,237,0,1,1,0,atp_2011,full_data
1,311,269,1,1,0,1,atp_2011,full_data
1,311,270,1,1,0,1,atp_2011,full_data
1,311,272,0,1,1,0,atp_2011,full_data
1,311,274,1,1,0,1,atp_2011,full_data
1,311,282,1,1,0,1,atp_2011,full_data
1,311,294,1,1,0,1,atp_2011,full_data
1,311,314,2,2,0,1,atp_2011,full_data
1,311,318,2,2,0,1,atp_2011,full_data
1,311,350,1,1,0,1,atp_2011,full_data
1,311,418,1,1,0,1,atp_2011,full_data
1,313,151,1,1,0,1,atp_2011,full_data
1,313,218,1,1,0,1,atp_2011,full_data
1,313,294,1,1,0,1,atp_2011,full_data
1,313,415,1,1,0,1,atp_2011,full_data
1,314,4,0,1,1,0,atp_2011,full_data
1,314,20,1,1,0,1,atp_2011,full_data
1,314,23,1,1,0,1,atp_2011,full_data
1,314,40,0,1,1,0,atp_2011,full_data
1,314,70,1,1,0,1,atp_2011,full_data
1,314,87,1,1,0,1,atp_2011,full_data
1,314,93,1,1,0,1,atp_2011,full_data
1,314,99,1,1,0,1,atp_2011,full_data
1,314,115,1,1,0,1,atp_2011,full_data
1,314,136,1,1,0,1,atp_2011,full_data
1,314,147,1,1,0,1,atp_2011,full_data
1,314,155,1,1,0,1,atp_2011,full_data
1,314,163,1,1,0,1,atp_2011,full_data
1,314,165,1,1,0,1,atp_2011,full_data
1,314,173,1,1,0,1,atp_2011,full_data
1,314,180,1,1,0,1,atp_2011,full_data
1,314,207,0,1,1,0,atp_2011,full_data
1,314,237,1,1,0,1,atp_2011,full_data
1,314,286,1,1,0,1,atp_2011,full_data
1,314,295,2,2,0,1,atp_2011,full_data
1,314,408,1,1,0,1,atp_2011,full_data
1,314,418,1,1,0,1,atp_2011,full_data
1,318,18,1,1,0,1,atp_2011,full_data
1,318,89,1,1,0,1,atp_2011,full_data
1,318,147,1,1,0,1,atp_2011,full_data
1,318,174,1,1,0,1,atp_2011,full_data
1,318,280,1,1,0,1,atp_2011,full_data
1,318,328,1,1,0,1,atp_2011,full_data
1,318,334,1,1,0,1,atp_2011,full_data
1,318,340,1,1,0,1,atp_2011,full_data
1,318,417,1,1,0,1,atp_2011,full_data
1,323,259,1,1,0,1,atp_2011,full_data
1,323,272,1,1,0,1,atp_2011,full_data
1,324,208,1,1,0,1,atp_2011,full_data
1,327,312,1,1,0,1,atp_2011,full_data
1,328,89,1,1,0,1,atp_2011,full_data
1,328,227,1,1,0,1,atp_2011,full_data
1,328,272,1,1,0,1,atp_2011,full_data
1,328,290,1,1,0,1,atp_2011,full_data
1,328,295,1,1,0,1,atp_2011,full_data
1,328,383,1,1,0,1,atp_2011,full_data
1,328,415,1,1,0,1,atp_2011,full_data
1,330,428,1,1,0,1,atp_2011,full_data
1,331,5,1,1,0,1,atp_2011,full_data
1,331,207,1,1,0,1,atp_2011,full_data
1,333,94,0,1,1,0,atp_2011,full_data
1,333,122,1,1,0,1,atp_2011,full_data
1,333,312,1,1,0,1,atp_2011,full_data
1,333,458,1,1,0,1,atp_2011,full_data
1,334,401,1,1,0,1,atp_2011,full_data
1,340,16,1,1,0,1,atp_2011,full_data
1,340,18,0,1,1,0,atp_2011,full_data
1,340,36,1,1,0,1,atp_2011,full_data
1,340,40,1,1,0,1,atp_2011,full_data
1,340,95,1,1,0,1,atp_2011,full_data
1,340,151,1,1,0,1,atp_2011,full_data
1,340,163,0,1,1,0,atp_2011,full_data
1,340,190,1,1,0,1,atp_2011,full_data
1,340,218,1,1,0,1,atp_2011,full_data
1,340,269,0,1,1,0,atp_2011,full_data
1,340,280,1,1,0,1,atp_2011,full_data
1,340,342,1,1,0,1,atp_2011,full_data
1,340,383,0,1,1,0,atp_2011,full_data
1,342,89,1,1,0,1,atp_2011,full_data
1,342,147,1,1,0,1,atp_2011,full_data
1,342,153,1,1,0,1,atp_2011,full_data
1,342,218,0,1,1,0,atp_2011,full_data
1,342,228,0,1,1,0,atp_2011,full_data
1,342,261,1,1,0,1,atp_2011,full_data
1,342,323,1,1,0,1,atp_2011,full_data
1,343,193,1,1,0,1,atp_2011,full_data
1,343,202,1,1,0,1,atp_2011,full_data
1,346,20,1,1,0,1,atp_2011,full_data
1,346,23,1,1,0,1,atp_2011,full_data
1,346,30,1,1,0,1,atp_2011,full_data
1,346,34,1,1,0,1,atp_2011,full_data
1,346,35,1,1,0,1,atp_2011,full_data
1,346,46,1,2,1,0.5,atp_2011,full_data
1,346,70,1,1,0,1,atp_2011,full_data
1,346,71,1,1,0,1,atp_2011,full_data
1,346,75,1,1,0,1,atp_2011,full_data
1,346,77,1,1,0,1,atp_2011,full_data
1,346,90,1,1,0,1,atp_2011,full_data
1,346,93,1,1,0,1,atp_2011,full_data
1,346,96,1,1,0,1,atp_2011,full_data
1,346,97,1,1,0,1,atp_2011,full_data
1,346,101,1,2,1,0.5,atp_2011,full_data
1,346,112,0,1,1,0,atp_2011,full_data
1,346,121,1,1,0,1,atp_2011,full_data
1,346,126,0,1,1,0,atp_2011,full_data
1,346,132,1,1,0,1,atp_2011,full_data
1,346,159,0,1,1,0,atp_2011,full_data
1,346,161,2,2,0,1,atp_2011,full_data
1,346,162,1,1,0,1,atp_2011,full_data
1,346,163,1,1,0,1,atp_2011,full_data
1,346,164,1,2,1,0.5,atp_2011,full_data
1,346,177,1,1,0,1,atp_2011,full_data
1,346,185,2,2,0,1,atp_2011,full_data
1,346,188,2,2,0,1,atp_2011,full_data
1,346,195,1,2,1,0.5,atp_2011,full_data
1,346,197,1,1,0,1,atp_2011,full_data
1,346,207,1,1,0,1,atp_2011,full_data
1,346,209,0,1,1,0,atp_2011,full_data
1,346,210,1,1,0,1,atp_2011,full_data
1,346,214,2,2,0,1,atp_2011,full_data
1,346,215,0,1,1,0,atp_2011,full_data
1,346,233,1,1,0,1,atp_2011,full_data
1,346,245,0,1,1,0,atp_2011,full_data
1,346,248,3,3,0,1,atp_2011,full_data
1,346,261,1,1,0,1,atp_2011,full_data
1,346,270,1,1,0,1,atp_2011,full_data
1,346,304,1,1,0,1,atp_2011,full_data
1,346,309,1,1,0,1,atp_2011,full_data
1,346,313,1,1,0,1,atp_2011,full_data
1,346,335,1,1,0,1,atp_2011,full_data
1,346,340,0,1,1,0,atp_2011,full_data
1,346,342,0,1,1,0,atp_2011,full_data
1,346,348,1,2,1,0.5,atp_2011,full_data
1,346,350,1,1,0,1,atp_2011,full_data
1,346,385,1,1,0,1,atp_2011,full_data
1,347,267,0,1,1,0,atp_2011,full_data
1,347,306,1,1,0,1,atp_2011,full_data
1,347,390,1,1,0,1,atp_2011,full_data
1,347,459,1,1,0,1,atp_2011,full_data
1,348,16,1,1,0,1,atp_2011,full_data
1,348,18,0,1,1,0,atp_2011,full_data
1,348,35,1,2,1,0.5,atp_2011,full_data
1,348,60,1,1,0,1,atp_2011,full_data
1,348,78,1,1,0,1,atp_2011,full_data
1,348,84,1,1,0,1,atp_2011,full_data
1,348,86,0,1,1,0,atp_2011,full_data
1,348,88,1,1,0,1,atp_2011,full_data
1,348,93,1,1,0,1,atp_2011,full_data
1,348,97,1,1,0,1,atp_2011,full_data
1,348,101,1,1,0,1,atp_2011,full_data
1,348,121,2,3,1,0.666666666666667,atp_2011,full_data
1,348,136,1,1,0,1,atp_2011,full_data
1,348,150,1,1,0,1,atp_2011,full_data
1,348,152,1,1,0,1,atp_2011,full_data
1,348,159,1,2,1,0.5,atp_2011,full_data
1,348,161,1,1,0,1,atp_2011,full_data
1,348,164,0,1,1,0,atp_2011,full_data
1,348,173,3,3,0,1,atp_2011,full_data
1,348,177,1,1,0,1,atp_2011,full_data
1,348,185,1,2,1,0.5,atp_2011,full_data
1,348,202,1,1,0,1,atp_2011,full_data
1,348,210,1,1,0,1,atp_2011,full_data
1,348,211,1,1,0,1,atp_2011,full_data
1,348,226,1,2,1,0.5,atp_2011,full_data
1,348,228,1,1,0,1,atp_2011,full_data
1,348,240,0,1,1,0,atp_2011,full_data
1,348,245,0,1,1,0,atp_2011,full_data
1,348,248,1,1,0,1,atp_2011,full_data
1,348,249,1,1,0,1,atp_2011,full_data
1,348,268,1,1,0,1,atp_2011,full_data
1,348,274,1,1,0,1,atp_2011,full_data
1,348,282,2,2,0,1,atp_2011,full_data
1,348,298,1,1,0,1,atp_2011,full_data
1,348,311,1,1,0,1,atp_2011,full_data
1,348,314,1,1,0,1,atp_2011,full_data
1,348,318,0,1,1,0,atp_2011,full_data
1,348,350,0,1,1,0,atp_2011,full_data
1,348,366,1,1,0,1,atp_2011,full_data
1,348,374,0,1,1,0,atp_2011,full_data
1,348,402,1,1,0,1,atp_2011,full_data
1,348,414,1,1,0,1,atp_2011,full_data
1,348,425,1,1,0,1,atp_2011,full_data
1,348,432,1,1,0,1,atp_2011,full_data
1,349,324,1,1,0,1,atp_2011,full_data
1,350,4,1,1,0,1,atp_2011,full_data
1,350,18,1,1,0,1,atp_2011,full_data
1,350,34,1,1,0,1,atp_2011,full_data
1,350,64,0,1,1,0,atp_2011,full_data
1,350,70,1,1,0,1,atp_2011,full_data
1,350,86,0,1,1,0,atp_2011,full_data
1,350,87,1,1,0,1,atp_2011,full_data
1,350,88,1,2,1,0.5,atp_2011,full_data
1,350,89,1,2,1,0.5,atp_2011,full_data
1,350,93,2,2,0,1,atp_2011,full_data
1,350,115,1,1,0,1,atp_2011,full_data
1,350,136,2,3,1,0.666666666666667,atp_2011,full_data
1,350,138,1,1,0,1,atp_2011,full_data
1,350,147,1,1,0,1,atp_2011,full_data
1,350,162,1,2,1,0.5,atp_2011,full_data
1,350,205,1,1,0,1,atp_2011,full_data
1,350,207,0,1,1,0,atp_2011,full_data
1,350,215,1,1,0,1,atp_2011,full_data
1,350,269,0,1,1,0,atp_2011,full_data
1,350,272,1,1,0,1,atp_2011,full_data
1,350,304,1,1,0,1,atp_2011,full_data
1,350,313,1,1,0,1,atp_2011,full_data
1,350,318,2,2,0,1,atp_2011,full_data
1,350,328,1,1,0,1,atp_2011,full_data
1,350,342,0,1,1,0,atp_2011,full_data
1,350,408,1,1,0,1,atp_2011,full_data
1,350,432,2,2,0,1,atp_2011,full_data
1,351,296,1,1,0,1,atp_2011,full_data
1,351,362,1,1,0,1,atp_2011,full_data
1,355,148,1,1,0,1,atp_2011,full_data
1,356,162,1,1,0,1,atp_2011,full_data
1,356,295,1,1,0,1,atp_2011,full_data
1,356,381,1,1,0,1,atp_2011,full_data
1,363,180,0,1,1,0,atp_2011,full_data
1,363,235,1,1,0,1,atp_2011,full_data
1,363,301,1,1,0,1,atp_2011,full_data
1,366,40,1,1,0,1,atp_2011,full_data
1,366,62,1,1,0,1,atp_2011,full_data
1,366,138,1,1,0,1,atp_2011,full_data
1,366,146,1,1,0,1,atp_2011,full_data
1,366,189,1,1,0,1,atp_2011,full_data
1,366,193,1,1,0,1,atp_2011,full_data
1,366,261,0,1,1,0,atp_2011,full_data
1,366,272,1,1,0,1,atp_2011,full_data
1,366,299,1,1,0,1,atp_2011,full_data
1,366,309,1,1,0,1,atp_2011,full_data
1,366,313,0,1,1,0,atp_2011,full_data
1,366,408,0,1,1,0,atp_2011,full_data
1,374,4,1,1,0,1,atp_2011,full_data
1,374,30,1,1,0,1,atp_2011,full_data
1,374,46,1,1,0,1,atp_2011,full_data
1,374,52,1,1,0,1,atp_2011,full_data
1,374,143,1,1,0,1,atp_2011,full_data
1,374,147,1,2,1,0.5,atp_2011,full_data
1,374,151,1,1,0,1,atp_2011,full_data
1,374,153,1,1,0,1,atp_2011,full_data
1,374,163,1,1,0,1,atp_2011,full_data
1,374,173,1,1,0,1,atp_2011,full_data
1,374,174,1,1,0,1,atp_2011,full_data
1,374,177,1,1,0,1,atp_2011,full_data
1,374,178,0,1,1,0,atp_2011,full_data
1,374,180,1,1,0,1,atp_2011,full_data
1,374,214,1,1,0,1,atp_2011,full_data
1,374,233,1,1,0,1,atp_2011,full_data
1,374,235,0,2,2,0,atp_2011,full_data
1,374,237,1,1,0,1,atp_2011,full_data
1,374,261,1,1,0,1,atp_2011,full_data
1,374,269,1,1,0,1,atp_2011,full_data
1,374,274,1,1,0,1,atp_2011,full_data
1,374,282,1,1,0,1,atp_2011,full_data
1,374,293,1,2,1,0.5,atp_2011,full_data
1,374,303,1,1,0,1,atp_2011,full_data
1,374,304,0,1,1,0,atp_2011,full_data
1,374,311,1,1,0,1,atp_2011,full_data
1,374,313,1,1,0,1,atp_2011,full_data
1,374,315,0,1,1,0,atp_2011,full_data
1,374,328,0,1,1,0,atp_2011,full_data
1,374,350,1,1,0,1,atp_2011,full_data
1,376,386,1,1,0,1,atp_2011,full_data
1,384,401,1,1,0,1,atp_2011,full_data
1,385,16,1,1,0,1,atp_2011,full_data
1,385,87,1,1,0,1,atp_2011,full_data
1,385,107,0,1,1,0,atp_2011,full_data
1,385,141,1,1,0,1,atp_2011,full_data
1,385,222,1,2,1,0.5,atp_2011,full_data
1,385,327,1,1,0,1,atp_2011,full_data
1,385,330,1,1,0,1,atp_2011,full_data
1,385,366,1,1,0,1,atp_2011,full_data
1,385,425,0,1,1,0,atp_2011,full_data
1,386,242,1,1,0,1,atp_2011,full_data
1,386,450,1,1,0,1,atp_2011,full_data
1,387,147,1,1,0,1,atp_2011,full_data
1,387,207,1,1,0,1,atp_2011,full_data
1,387,269,1,1,0,1,atp_2011,full_data
1,390,110,1,1,0,1,atp_2011,full_data
1,390,256,1,1,0,1,atp_2011,full_data
1,397,159,1,1,0,1,atp_2011,full_data
1,397,235,1,1,0,1,atp_2011,full_data
1,397,280,0,1,1,0,atp_2011,full_data
1,398,66,1,1,0,1,atp_2011,full_data
1,399,117,1,1,0,1,atp_2011,full_data
1,401,207,1,1,0,1,atp_2011,full_data
1,401,360,1,1,0,1,atp_2011,full_data
1,402,12,1,1,0,1,atp_2011,full_data
1,402,30,2,2,0,1,atp_2011,full_data
1,402,42,1,1,0,1,atp_2011,full_data
1,402,44,1,1,0,1,atp_2011,full_data
1,402,46,1,1,0,1,atp_2011,full_data
1,402,59,3,3,0,1,atp_2011,full_data
1,402,62,0,1,1,0,atp_2011,full_data
1,402,63,1,1,0,1,atp_2011,full_data
1,402,81,1,2,1,0.5,atp_2011,full_data
1,402,101,2,2,0,1,atp_2011,full_data
1,402,103,0,1,1,0,atp_2011,full_data
1,402,121,1,1,0,1,atp_2011,full_data
1,402,147,1,1,0,1,atp_2011,full_data
1,402,153,1,1,0,1,atp_2011,full_data
1,402,164,2,3,1,0.666666666666667,atp_2011,full_data
1,402,177,1,2,1,0.5,atp_2011,full_data
1,402,195,1,1,0,1,atp_2011,full_data
1,402,197,0,1,1,0,atp_2011,full_data
1,402,202,0,1,1,0,atp_2011,full_data
1,402,208,1,1,0,1,atp_2011,full_data
1,402,215,1,1,0,1,atp_2011,full_data
1,402,237,1,1,0,1,atp_2011,full_data
1,402,249,1,1,0,1,atp_2011,full_data
1,402,286,1,1,0,1,atp_2011,full_data
1,402,342,1,1,0,1,atp_2011,full_data
1,402,343,1,1,0,1,atp_2011,full_data
1,402,354,1,1,0,1,atp_2011,full_data
1,402,385,1,1,0,1,atp_2011,full_data
1,402,408,1,1,0,1,atp_2011,full_data
1,402,425,0,1,1,0,atp_2011,full_data
1,408,4,1,1,0,1,atp_2011,full_data
1,408,174,1,1,0,1,atp_2011,full_data
1,408,228,1,1,0,1,atp_2011,full_data
1,408,239,1,1,0,1,atp_2011,full_data
1,408,286,2,2,0,1,atp_2011,full_data
1,408,295,1,1,0,1,atp_2011,full_data
1,408,315,1,1,0,1,atp_2011,full_data
1,408,382,1,1,0,1,atp_2011,full_data
1,410,54,1,1,0,1,atp_2011,full_data
1,410,367,1,1,0,1,atp_2011,full_data
1,414,153,1,1,0,1,atp_2011,full_data
1,414,222,1,1,0,1,atp_2011,full_data
1,414,407,1,1,0,1,atp_2011,full_data
1,417,221,1,1,0,1,atp_2011,full_data
1,420,284,1,1,0,1,atp_2011,full_data
1,420,424,1,1,0,1,atp_2011,full_data
1,424,362,1,1,0,1,atp_2011,full_data
1,425,4,0,1,1,0,atp_2011,full_data
1,425,16,0,1,1,0,atp_2011,full_data
1,425,40,1,1,0,1,atp_2011,full_data
1,425,78,0,1,1,0,atp_2011,full_data
1,425,89,1,1,0,1,atp_2011,full_data
1,425,146,1,1,0,1,atp_2011,full_data
1,425,153,1,1,0,1,atp_2011,full_data
1,425,176,1,1,0,1,atp_2011,full_data
1,425,269,1,1,0,1,atp_2011,full_data
1,425,298,1,1,0,1,atp_2011,full_data
1,425,340,0,1,1,0,atp_2011,full_data
1,425,343,1,1,0,1,atp_2011,full_data
1,430,34,1,1,0,1,atp_2011,full_data
1,430,72,0,1,1,0,atp_2011,full_data
1,430,408,1,1,0,1,atp_2011,full_data
1,431,12,1,1,0,1,atp_2011,full_data
1,432,52,1,1,0,1,atp_2011,full_data
1,432,63,1,1,0,1,atp_2011,full_data
1,432,72,1,1,0,1,atp_2011,full_data
1,432,86,1,1,0,1,atp_2011,full_data
1,432,136,0,1,1,0,atp_2011,full_data
1,432,147,1,2,1,0.5,atp_2011,full_data
1,432,153,1,1,0,1,atp_2011,full_data
1,432,162,0,1,1,0,atp_2011,full_data
1,432,237,0,1,1,0,atp_2011,full_data
1,432,269,1,1,0,1,atp_2011,full_data
1,432,327,1,1,0,1,atp_2011,full_data
1,432,331,1,1,0,1,atp_2011,full_data
1,432,388,1,1,0,1,atp_2011,full_data
