row,village,split
112,14,fit
301,14,fit
304,1,fit
315,3,fit
156,9,fit
366,2,fit
241,7,fit
305,1,fit
422,5,fit
219,14,fit
341,6,fit
251,7,fit
59,1,fit
374,14,fit
69,1,fit
13,13,fit
240,7,fit
480,12,fit
135,10,fit
30,13,fit
68,1,fit
222,14,fit
488,11,fit
348,10,fit
342,14,fit
380,4,fit
263,7,fit
261,7,fit
352,10,fit
278,4,fit
75,14,fit
394,4,fit
51,1,fit
328,6,fit
87,1,fit
212,11,fit
35,13,fit
299,1,fit
138,9,fit
389,4,fit
36,13,fit
195,14,fit
383,4,fit
45,1,fit
335,6,fit
418,5,fit
302,1,fit
288,1,fit
257,7,fit
41,14,fit
318,3,fit
399,4,fit
199,12,fit
404,14,fit
50,1,fit
111,10,fit
149,9,fit
487,14,fit
16,13,fit
196,12,fit
165,10,fit
452,8,fit
256,7,fit
255,7,fit
371,8,fit
476,14,fit
411,5,fit
323,6,fit
236,8,fit
267,7,fit
58,1,fit
445,14,fit
262,14,fit
460,4,fit
5,13,fit
27,14,fit
416,14,fit
320,14,fit
289,1,fit
465,14,fit
137,9,fit
266,4,fit
287,1,fit
55,1,fit
279,1,fit
81,1,fit
230,9,fit
474,11,fit
218,9,fit
89,14,fit
433,14,fit
178,9,fit
172,14,fit
306,1,fit
226,9,fit
169,14,fit
223,9,fit
359,10,fit
364,2,fit
189,12,fit
193,12,fit
31,13,fit
10,14,fit
484,11,fit
191,14,fit
61,1,fit
375,14,fit
95,1,fit
247,7,fit
372,4,fit
431,8,fit
23,13,fit
131,10,fit
376,4,fit
184,12,fit
407,5,fit
350,14,fit
72,1,fit
339,6,fit
424,5,fit
74,1,fit
96,14,fit
122,10,fit
85,1,fit
473,11,fit
216,9,fit
250,7,fit
270,14,fit
160,9,fit
125,10,fit
173,10,fit
246,7,fit
421,5,fit
379,4,fit
297,1,fit
92,1,fit
180,9,fit
88,1,fit
307,1,fit
44,1,fit
151,9,fit
221,14,fit
60,1,fit
419,14,fit
451,14,fit
174,10,fit
200,14,fit
401,14,fit
84,1,fit
0,13,fit
441,2,fit
18,13,fit
190,12,fit
392,4,fit
472,11,fit
470,12,fit
438,2,fit
440,2,fit
99,1,fit
410,14,fit
464,14,fit
336,14,fit
439,14,fit
291,1,fit
360,10,fit
203,12,fit
482,14,fit
32,13,fit
56,14,fit
294,1,fit
481,11,fit
233,7,fit
370,8,fit
377,14,fit
468,11,fit
344,10,fit
210,9,fit
71,1,fit
475,11,fit
162,12,fit
142,9,fit
284,1,fit
116,10,fit
228,9,fit
204,12,fit
153,9,fit
127,14,fit
155,9,fit
145,9,fit
393,14,fit
390,4,fit
133,10,fit
3,13,fit
220,14,fit
110,1,fit
428,4,fit
66,14,fit
467,11,fit
4,1,fit
385,14,fit
356,10,fit
167,14,fit
478,11,fit
140,9,fit
206,12,fit
417,5,fit
229,14,fit
154,9,fit
147,9,fit
387,14,fit
449,2,fit
94,1,fit
403,5,fit
124,10,fit
164,12,fit
415,5,fit
337,6,fit
24,13,fit
8,13,fit
456,4,fit
443,14,fit
159,9,fit
252,14,fit
326,6,fit
311,14,fit
437,4,fit
11,13,fit
368,2,fit
19,13,fit
253,7,fit
9,13,fit
477,11,fit
285,14,fit
358,10,fit
317,3,fit
64,1,fit
146,9,fit
388,14,fit
104,14,fit
436,8,fit
21,13,fit
152,9,fit
52,1,fit
117,10,fit
327,6,fit
430,14,fit
345,10,fit
346,14,fit
444,8,fit
340,6,fit
442,14,fit
447,14,fit
386,4,fit
168,10,fit
453,14,fit
331,6,fit
381,14,fit
295,1,fit
363,4,fit
303,14,fit
300,1,fit
281,1,fit
102,1,fit
347,14,fit
150,14,fit
57,1,fit
209,9,fit
282,1,fit
249,14,fit
14,13,fit
400,4,fit
171,10,fit
322,6,fit
274,14,fit
105,1,fit
365,2,fit
310,6,fit
1,13,fit
143,14,fit
423,5,fit
214,9,fit
128,10,fit
398,4,fit
78,1,fit
91,1,fit
82,1,fit
176,9,fit
448,4,fit
264,14,fit
73,1,fit
163,12,fit
139,14,fit
106,1,fit
187,4,fit
367,14,fit
17,13,discovery
391,14,discovery
129,10,discovery
179,9,discovery
343,10,discovery
489,14,discovery
205,14,discovery
333,14,discovery
77,14,discovery
123,10,discovery
26,13,discovery
37,13,discovery
177,9,discovery
259,7,discovery
70,1,discovery
435,8,discovery
426,2,discovery
225,9,discovery
409,5,discovery
309,6,discovery
215,9,discovery
6,1,discovery
175,10,discovery
237,4,discovery
332,14,discovery
126,14,discovery
308,1,discovery
325,6,discovery
40,14,discovery
158,9,discovery
432,2,discovery
471,11,discovery
349,10,discovery
286,1,discovery
2,10,discovery
166,10,discovery
108,14,discovery
25,13,discovery
113,14,discovery
298,1,discovery
402,14,discovery
353,10,discovery
80,1,discovery
34,13,discovery
63,1,discovery
62,14,discovery
429,8,discovery
97,1,discovery
334,6,discovery
47,1,discovery
161,14,discovery
198,12,discovery
12,13,discovery
100,1,discovery
273,7,discovery
268,14,discovery
319,0,discovery
197,12,discovery
49,1,discovery
397,4,discovery
181,9,discovery
378,14,discovery
217,9,discovery
316,3,discovery
208,14,discovery
15,13,discovery
188,12,discovery
446,4,discovery
413,5,discovery
243,7,discovery
248,7,discovery
29,13,discovery
157,9,discovery
455,14,discovery
183,12,discovery
458,4,discovery
296,14,discovery
420,5,discovery
414,5,discovery
213,9,discovery
427,14,discovery
130,10,discovery
280,1,discovery
109,1,discovery
170,10,discovery
121,4,discovery
39,13,discovery
235,7,discovery
425,5,discovery
107,14,discovery
283,1,discovery
186,14,discovery
115,10,discovery
201,12,discovery
67,1,discovery
457,2,discovery
119,10,discovery
373,4,discovery
483,14,discovery
275,2,confirmation
338,6,confirmation
361,10,confirmation
43,1,confirmation
314,3,confirmation
312,6,confirmation
114,10,confirmation
271,14,confirmation
53,1,confirmation
90,14,confirmation
277,14,confirmation
141,9,confirmation
355,14,confirmation
234,7,confirmation
406,5,confirmation
118,14,confirmation
79,1,confirmation
369,2,confirmation
245,7,confirmation
46,1,confirmation
224,9,confirmation
265,7,confirmation
454,4,confirmation
462,12,confirmation
321,14,confirmation
232,9,confirmation
492,14,confirmation
357,10,confirmation
405,5,confirmation
324,6,confirmation
83,1,confirmation
207,12,confirmation
313,14,confirmation
290,1,confirmation
194,12,confirmation
466,11,confirmation
76,1,confirmation
461,2,confirmation
479,14,confirmation
65,1,confirmation
491,12,confirmation
351,10,confirmation
33,13,confirmation
101,1,confirmation
132,10,confirmation
42,13,confirmation
103,1,confirmation
120,10,confirmation
148,9,confirmation
258,14,confirmation
330,6,confirmation
412,14,confirmation
227,9,confirmation
408,14,confirmation
486,11,confirmation
48,1,confirmation
239,7,confirmation
192,14,confirmation
22,13,confirmation
293,1,confirmation
292,1,confirmation
254,7,confirmation
86,14,confirmation
211,9,confirmation
459,4,confirmation
136,9,confirmation
485,14,confirmation
362,10,confirmation
450,4,confirmation
54,14,confirmation
463,12,confirmation
38,13,confirmation
244,7,confirmation
269,7,confirmation
384,4,confirmation
469,14,confirmation
276,14,confirmation
354,10,confirmation
260,7,confirmation
185,14,confirmation
329,6,confirmation
28,13,confirmation
7,13,confirmation
20,13,confirmation
382,4,confirmation
396,4,confirmation
134,10,confirmation
202,12,confirmation
238,14,confirmation
395,4,confirmation
231,9,confirmation
242,7,confirmation
434,14,confirmation
272,14,confirmation
93,1,confirmation
98,1,confirmation
490,12,confirmation
144,4,confirmation
182,12,confirmation
