dataset,design,percent,sm_method,reference,repeats,sm_change_finite_repeats,sm_change_mean,sm_change_median,sm_change_p05,sm_change_p95,sm_change_negative_fraction,pl_change_finite_repeats,pl_change_mean,pl_change_median,pl_change_p05,pl_change_p95,pl_change_negative_fraction,interaction_finite_repeats,interaction_mean,interaction_median,interaction_p05,interaction_p95,interaction_negative_fraction,macro_sm_change_finite_repeats,macro_sm_change_mean,macro_sm_change_median,macro_sm_change_p05,macro_sm_change_p95,macro_sm_change_negative_fraction,macro_pl_change_finite_repeats,macro_pl_change_mean,macro_pl_change_median,macro_pl_change_p05,macro_pl_change_p95,macro_pl_change_negative_fraction,macro_interaction_finite_repeats,macro_interaction_mean,macro_interaction_median,macro_interaction_p05,macro_interaction_p95,macro_interaction_negative_fraction,common_coverage_finite_repeats,common_coverage_mean,common_coverage_median,common_coverage_p05,common_coverage_p95,common_coverage_negative_fraction
dots-3,within,50,sm_fotakis,matched_pool,20,20,-0.0134186358836,-0.0157798721059,-0.0746949737759,0.0447263924306,0.55,20,-0.0295265929264,-0.0300387204355,-0.112006099399,0.0291637211561,0.75,20,0.0161079570428,0.0221954368002,-0.0478020422929,0.0686713031437,0.3,20,-0.013568883312,-0.0123320496168,-0.0781233146735,0.0478796305183,0.6,20,-0.0288448135519,-0.0319856760998,-0.11252298413,0.0338121811399,0.75,20,0.0152759302399,0.0209549686089,-0.0472854320555,0.0652955877275,0.3,20,0.998638613861,1,0.998638613861,1,0
dots-3,within,50,sm_fotakis,pooled,20,20,0.149761136036,0.153210939855,0.111066683504,0.193522402424,0,20,0.161247411609,0.159696152849,0.0972913969837,0.218996650454,0,20,-0.0114862755735,-0.00204336417319,-0.0576256123641,0.0204738619738,0.6,20,0.149403550197,0.149606829452,0.11289953159,0.192248415993,0,20,0.161068836039,0.157606703127,0.0986227668645,0.218009683714,0,20,-0.0116652858422,-0.00202527418457,-0.0586073463763,0.0183883920201,0.6,20,0.998638613861,1,0.998638613861,1,0
dots-3,within,50,sm_mle,matched_pool,20,20,-0.0173717463594,-0.0223706076484,-0.0650678908917,0.037248581268,0.65,20,-0.0295265929264,-0.0300387204355,-0.112006099399,0.0291637211561,0.75,20,0.012154846567,0.00831596848555,-0.0253022481341,0.0498726198229,0.35,20,-0.0175070574985,-0.0216737509945,-0.0629073154614,0.041723860031,0.7,20,-0.0288448135519,-0.0319856760998,-0.11252298413,0.0338121811399,0.75,20,0.0113377560534,0.00863201021746,-0.030544100158,0.051268341317,0.35,20,0.998638613861,1,0.998638613861,1,0
dots-3,within,50,sm_mle,pooled,20,20,0.165585068329,0.164749755604,0.123153158672,0.200972173438,0,20,0.161247411609,0.159696152849,0.0972913969837,0.218996650454,0,20,0.00433765671989,0.0119205582685,-0.034933556902,0.0349833793917,0.3,20,0.164886379869,0.163814067404,0.124467218911,0.199158993228,0,20,0.161068836039,0.157606703127,0.0986227668645,0.218009683714,0,20,0.00381754383005,0.0113004876445,-0.0378677962354,0.0338712887949,0.3,20,0.998638613861,1,0.998638613861,1,0
dots-3,within,70,sm_fotakis,matched_pool,100,100,-0.0272088401821,-0.0255272675957,-0.111372141711,0.0595139070115,0.69,100,-0.0434751540984,-0.0422740441266,-0.135230282951,0.0546535120773,0.76,100,0.0162663139163,0.0153662850364,-0.0399350524572,0.0671559943776,0.27,100,-0.0283662496809,-0.0258568825409,-0.113266397507,0.0556017550375,0.7,100,-0.0437338364835,-0.0407563563903,-0.137304964618,0.0508098672964,0.75,100,0.0153675868025,0.0140211000329,-0.0364247990541,0.0692353910891,0.27,100,1,1,1,1,0
dots-3,within,70,sm_fotakis,pooled,100,100,0.0907320565442,0.090227850257,0.031894556954,0.153743034553,0.01,100,0.0875827203129,0.0876521087793,0.0160926387655,0.15556114881,0.03,100,0.00314933623136,0.00271366010453,-0.0435776225913,0.0426502811272,0.39,100,0.0900740580652,0.0900612257506,0.0357967180806,0.153353225104,0.01,100,0.0876351848069,0.0899222546129,0.0158165778963,0.156786738413,0.03,100,0.00243887325827,0.00132144763933,-0.046079831058,0.0421938104906,0.45,100,1,1,1,1,0
dots-3,within,70,sm_mle,matched_pool,100,100,-0.0391548775506,-0.0384102420813,-0.142227701905,0.0585648387534,0.78,100,-0.0434751540984,-0.0422740441266,-0.135230282951,0.0546535120773,0.76,100,0.00432027654784,0.00436803241196,-0.0480494063747,0.0667902359929,0.44,100,-0.0402301740694,-0.040951863968,-0.142536513188,0.0545305073573,0.78,100,-0.0437338364835,-0.0407563563903,-0.137304964618,0.0508098672964,0.75,100,0.00350366241405,0.00482041560167,-0.0521946691095,0.0648745722868,0.45,100,1,1,1,1,0
dots-3,within,70,sm_mle,pooled,100,100,0.0997408789735,0.0977845154422,0.0444644912935,0.1624772463,0,100,0.0875827203129,0.0876521087793,0.0160926387655,0.15556114881,0.03,100,0.0121581586607,0.0160399839473,-0.0424617584079,0.0521344063934,0.24,100,0.098799463966,0.0960228665094,0.0425439088495,0.162773674299,0,100,0.0876351848069,0.0899222546129,0.0158165778963,0.156786738413,0.03,100,0.0111642791591,0.0146143059565,-0.0454357414431,0.0514658648797,0.28,100,1,1,1,1,0
dots-3,within,80,sm_fotakis,matched_pool,20,20,-0.045069546424,-0.0530411329108,-0.122342041566,0.0182484722213,0.8,20,-0.0605385641586,-0.0592308093281,-0.125509146421,-0.000648806457847,0.95,20,0.0154690177346,0.0250325839585,-0.060518872176,0.0750503990014,0.35,20,-0.0475240349358,-0.0544327000971,-0.121740242642,0.0163260408155,0.8,20,-0.0608510135387,-0.0583819206615,-0.122008092394,-0.0031697462635,0.95,20,0.0133269786029,0.0241746297483,-0.0632702215222,0.069388137907,0.35,20,1,1,1,1,0
dots-3,within,80,sm_fotakis,pooled,20,20,0.0642938213106,0.0742262395866,-0.00120078138786,0.120761692788,0.05,20,0.0592208083486,0.0647767006269,-0.0133904255921,0.113452350308,0.1,20,0.00507301296199,0.0089722580479,-0.0418373745153,0.0408564082449,0.35,20,0.0630439930078,0.0723273121646,-0.00416962527805,0.123767082746,0.1,20,0.0598006457295,0.0650522913454,-0.0138607928726,0.116694442649,0.1,20,0.00324334727837,0.00759940352222,-0.0445620653984,0.0429859994167,0.35,20,1,1,1,1,0
dots-3,within,80,sm_mle,matched_pool,20,20,-0.0553419653185,-0.0462481066386,-0.143776136032,0.0115817068721,0.85,20,-0.0605385641586,-0.0592308093281,-0.125509146421,-0.000648806457847,0.95,20,0.00519659884008,0.00316089797379,-0.042261408572,0.05522536298,0.4,20,-0.0582276429238,-0.0472034727469,-0.140938414942,0.00935809508691,0.9,20,-0.0608510135387,-0.0583819206615,-0.122008092394,-0.0031697462635,0.95,20,0.00262337061486,0.0037915337941,-0.042683859683,0.0549481430854,0.45,20,1,1,1,1,0
dots-3,within,80,sm_mle,pooled,20,20,0.0780336951223,0.0900875658377,0.0114243719997,0.135206197954,0.05,20,0.0592208083486,0.0647767006269,-0.0133904255921,0.113452350308,0.1,20,0.0188128867737,0.022617499413,-0.0264562323688,0.0520187498145,0.2,20,0.0761683773957,0.0881155737745,0.00943083551875,0.13549993114,0.05,20,0.0598006457295,0.0650522913454,-0.0138607928726,0.116694442649,0.1,20,0.0163677316662,0.0169969549485,-0.0305086072898,0.0525018122982,0.2,20,1,1,1,1,0
dots-5,within,50,sm_fotakis,matched_pool,20,20,-0.0388624196337,-0.0241674322583,-0.141413173663,0.0349976835912,0.6,20,-0.0847526839433,-0.0780928992834,-0.223526211894,0.00644095097708,0.9,20,0.0458902643096,0.0465283313151,0.00641890836512,0.100314290298,0.05,20,-0.038506758767,-0.021296331508,-0.140615024329,0.0321028035618,0.6,20,-0.0854999702782,-0.0789801651963,-0.223480212298,0.00101306731655,0.9,20,0.0469932115112,0.0472552413904,0.00983264958873,0.101601670398,0.05,20,1,1,1,1,0
dots-5,within,50,sm_fotakis,pooled,20,20,0.123717232989,0.124043521018,0.078736575661,0.174790178482,0,20,0.105158172856,0.107517764762,0.0460569563137,0.159335274231,0,20,0.0185590601331,0.0166242605652,-0.00174027355195,0.049936325299,0.2,20,0.124878342007,0.124892416058,0.0803569822157,0.174869242636,0,20,0.105432418014,0.105703240934,0.0463382185194,0.160638271311,0,20,0.019445923993,0.0191891751244,-0.000998692840968,0.0506284942605,0.1,20,1,1,1,1,0
dots-5,within,50,sm_mle,matched_pool,20,20,-0.0439701481977,-0.0289131406035,-0.15081878961,0.032935466929,0.65,20,-0.0847526839433,-0.0780928992834,-0.223526211894,0.00644095097708,0.9,20,0.0407825357456,0.0435648558235,-0.0114976064291,0.0973115831422,0.1,20,-0.0438684460392,-0.0275080469288,-0.148680959363,0.0308850688036,0.65,20,-0.0854999702782,-0.0789801651963,-0.223480212298,0.00101306731655,0.9,20,0.041631524239,0.0450452844186,-0.0106481899643,0.100163407415,0.1,20,1,1,1,1,0
dots-5,within,50,sm_mle,pooled,20,20,0.140315737518,0.145400976781,0.0883715340545,0.203536161408,0,20,0.105158172856,0.107517764762,0.0460569563137,0.159335274231,0,20,0.0351575646629,0.0328726379615,0.0103552933305,0.0610270398486,0,20,0.141127296533,0.145001086584,0.0883428693076,0.204394379182,0,20,0.105432418014,0.105703240934,0.0463382185194,0.160638271311,0,20,0.0356948785188,0.0332325142873,0.0110741532217,0.0613326052626,0,20,1,1,1,1,0
dots-5,within,70,sm_fotakis,matched_pool,100,100,-0.0381201496967,-0.0398132815392,-0.108198870137,0.0401089089634,0.8,100,-0.0814465661959,-0.0789956213416,-0.185733590901,0.0327123420052,0.91,100,0.0433264164992,0.0454949132617,-0.0163669055889,0.0973101713092,0.1,100,-0.0358855979947,-0.0402992536485,-0.102028794082,0.041661521769,0.8,100,-0.0805991670977,-0.078865710062,-0.184752930936,0.0267441450342,0.92,100,0.044713569103,0.0464622688174,-0.0152343487131,0.0995055633044,0.09,100,1,1,1,1,0
dots-5,within,70,sm_fotakis,pooled,100,100,0.0802866915692,0.0798956420405,0.0172838060005,0.127241440978,0.01,100,0.0548619057545,0.0559405221255,-0.022581320172,0.118577535246,0.11,100,0.0254247858147,0.0278288749387,-0.0177659658839,0.0671022631349,0.19,100,0.0829488523989,0.0825828150804,0.020698987734,0.132388018395,0.01,100,0.0554231547073,0.0559712753319,-0.0227072783333,0.117063847128,0.11,100,0.0275256976916,0.029682900636,-0.0141514989267,0.0683873184415,0.17,100,1,1,1,1,0
dots-5,within,70,sm_mle,matched_pool,100,100,-0.0458661573103,-0.0476107852933,-0.141603051987,0.0324200593616,0.83,100,-0.0814465661959,-0.0789956213416,-0.185733590901,0.0327123420052,0.91,100,0.0355804088856,0.0374083873147,-0.0153861314843,0.0892040896077,0.19,100,-0.0437193014411,-0.0428727179654,-0.134705549904,0.0427734645799,0.83,100,-0.0805991670977,-0.078865710062,-0.184752930936,0.0267441450342,0.92,100,0.0368798656565,0.0388679045333,-0.0156652307815,0.0906020193412,0.14,100,1,1,1,1,0
dots-5,within,70,sm_mle,pooled,100,100,0.0935196103383,0.094064283297,0.0410279246713,0.162530510484,0.01,100,0.0548619057545,0.0559405221255,-0.022581320172,0.118577535246,0.11,100,0.0386577045837,0.03709729594,0.000121813732475,0.0815696607491,0.05,100,0.0958382916076,0.0968998202413,0.0425086774959,0.161635406774,0.01,100,0.0554231547073,0.0559712753319,-0.0227072783333,0.117063847128,0.11,100,0.0404151369003,0.0393354424683,0.00016585161664,0.0840730020553,0.05,100,1,1,1,1,0
dots-5,within,80,sm_fotakis,matched_pool,20,20,-0.0503534754501,-0.0605331415387,-0.115433858868,0.0229055848421,0.75,20,-0.054239729475,-0.0538631461909,-0.096645057867,0.00509909849473,0.9,20,0.00388625402489,0.000449748310528,-0.0512567712783,0.0714375570887,0.5,20,-0.0484648637226,-0.0566621324828,-0.11832974314,0.0179859556925,0.75,20,-0.054120375884,-0.0562705216463,-0.0981632079024,0.00374298886537,0.9,20,0.00565551216141,0.00333001037326,-0.0467503829763,0.0709472583499,0.5,20,1,1,1,1,0
dots-5,within,80,sm_fotakis,pooled,20,20,0.0650341393097,0.0640822905043,0.0136721921889,0.136139218949,0,20,0.0533908424017,0.0465597559917,-0.0109666913947,0.116056006955,0.1,20,0.011643296908,0.0148584038968,-0.0235172141691,0.0559936933625,0.4,20,0.0680146125734,0.0683549444451,0.0143454903097,0.142110815651,0,20,0.0535656083737,0.0465443226722,-0.00564133609943,0.126541979018,0.1,20,0.0144490041997,0.016739549579,-0.022970809926,0.0593847855576,0.4,20,1,1,1,1,0
dots-5,within,80,sm_mle,matched_pool,20,20,-0.0470713209368,-0.0565532833477,-0.12464361767,0.01916882022,0.75,20,-0.054239729475,-0.0538631461909,-0.096645057867,0.00509909849473,0.9,20,0.0071684085382,0.00330218330699,-0.0405692884947,0.0671968275566,0.5,20,-0.0450014451961,-0.0548670804097,-0.118141136233,0.0244979926214,0.7,20,-0.054120375884,-0.0562705216463,-0.0981632079024,0.00374298886537,0.9,20,0.00911893068791,0.00693113299903,-0.0374588508143,0.065753958502,0.4,20,1,1,1,1,0
dots-5,within,80,sm_mle,pooled,20,20,0.0802952816307,0.0766307740615,0.0250308489281,0.147543708409,0,20,0.0533908424017,0.0465597559917,-0.0109666913947,0.116056006955,0.1,20,0.0269044392291,0.0251456338944,-0.00791270677839,0.0665017942109,0.15,20,0.0832063972237,0.0808385740109,0.0310341848804,0.15367894529,0,20,0.0535656083737,0.0465443226722,-0.00564133609943,0.126541979018,0.1,20,0.02964078885,0.0264012457167,-0.00334700571483,0.0680490004671,0.1,20,1,1,1,1,0
dots-7,within,50,sm_fotakis,matched_pool,20,20,-0.0144782421355,-0.0220719162767,-0.0837414329263,0.0678728131198,0.65,20,-0.0328975070683,-0.0321486629546,-0.139083650676,0.0812270353356,0.7,20,0.0184192649328,0.0245008110883,-0.0425635746097,0.0771826809091,0.4,20,-0.0151456166703,-0.0211854358079,-0.0853470035634,0.0669007195252,0.65,20,-0.0335241615641,-0.0341959511902,-0.140008672969,0.0809268026558,0.7,20,0.0183785448937,0.0231649737734,-0.0449811786213,0.0801706061867,0.4,20,0.984268292683,0.987804878049,0.95012195122,1,0
dots-7,within,50,sm_fotakis,pooled,20,20,0.154369713432,0.153433868473,0.118158000374,0.197872381171,0,20,0.179811014457,0.18904007075,0.107434037753,0.261227627915,0,20,-0.0254413010248,-0.0210437696806,-0.0879518804177,0.0186313224738,0.8,20,0.154357177201,0.15317181246,0.118445573252,0.195710726557,0,20,0.179682558535,0.18985541449,0.107592867887,0.263155780241,0,20,-0.0253253813333,-0.0207687416223,-0.08649110618,0.018979386525,0.75,20,0.986585365854,1,0.951219512195,1,0
dots-7,within,50,sm_mle,matched_pool,20,20,-0.0229353973248,-0.0236127599309,-0.104285893314,0.0715563566289,0.6,20,-0.0328975070683,-0.0321486629546,-0.139083650676,0.0812270353356,0.7,20,0.00996210974348,0.00476836899149,-0.0464762169637,0.0889365125231,0.4,20,-0.0235458860237,-0.0237688123236,-0.106587825568,0.0691565730274,0.6,20,-0.0335241615641,-0.0341959511902,-0.140008672969,0.0809268026558,0.7,20,0.00997827554032,0.00275565376834,-0.0469165368039,0.0892854170122,0.4,20,0.984268292683,0.987804878049,0.95012195122,1,0
dots-7,within,50,sm_mle,pooled,20,20,0.181057642819,0.189097338576,0.128007615537,0.245616605021,0,20,0.179811014457,0.18904007075,0.107434037753,0.261227627915,0,20,0.00124662836246,0.00618754404864,-0.0592805855571,0.0490652977532,0.4,20,0.180753361209,0.190090848454,0.126626839324,0.243742358379,0,20,0.179682558535,0.18985541449,0.107592867887,0.263155780241,0,20,0.00107080267441,0.00620208769515,-0.058321595616,0.0493489252915,0.4,20,0.986585365854,1,0.951219512195,1,0
dots-7,within,70,sm_fotakis,matched_pool,100,100,-0.0304053083516,-0.0331300115706,-0.11840571375,0.0493554989712,0.72,100,-0.0265799478143,-0.0348827236552,-0.11416830626,0.0623395072314,0.73,100,-0.00382536053738,-0.00272723869837,-0.0598100821324,0.0530456444293,0.53,100,-0.031522354189,-0.0333324074019,-0.118988058841,0.0504582492309,0.73,100,-0.0274227778298,-0.0353783186432,-0.11423520575,0.0614430564695,0.73,100,-0.00409957635915,-0.00540864553413,-0.0616047503768,0.0559026896014,0.52,100,0.999521912351,1,1,1,0
dots-7,within,70,sm_fotakis,pooled,100,100,0.0898925624241,0.0906551337497,0.0342012617157,0.141458492464,0,100,0.106643410265,0.102932714856,0.0533909034392,0.18578685636,0,100,-0.0167508478413,-0.0140364203794,-0.0739032000113,0.0323180107651,0.72,100,0.0892612482517,0.0895247257293,0.0363579683753,0.141955080122,0,100,0.106278899217,0.0996514147647,0.0523470832098,0.187496259285,0,100,-0.0170176509651,-0.0159120261883,-0.0772770167637,0.0315908409775,0.73,100,0.999521912351,1,1,1,0
dots-7,within,70,sm_mle,matched_pool,100,100,-0.0354276748779,-0.0450262216841,-0.126622250164,0.0609566479129,0.76,100,-0.0265799478143,-0.0348827236552,-0.11416830626,0.0623395072314,0.73,100,-0.00884772706368,-0.0120493288371,-0.0731570382757,0.0621574208065,0.62,100,-0.0373313824455,-0.0445963929827,-0.127249173467,0.059250154295,0.77,100,-0.0274227778298,-0.0353783186432,-0.11423520575,0.0614430564695,0.73,100,-0.00990860461573,-0.0126745296522,-0.0715626721269,0.059299427566,0.61,100,0.999521912351,1,1,1,0
dots-7,within,70,sm_mle,pooled,100,100,0.111292507202,0.111984316167,0.0510552834164,0.16984142567,0,100,0.106643410265,0.102932714856,0.0533909034392,0.18578685636,0,100,0.00464909693602,0.0049812767159,-0.0449457229179,0.0497758625249,0.44,100,0.109722170853,0.109827210148,0.0491326754698,0.165927754191,0,100,0.106278899217,0.0996514147647,0.0523470832098,0.187496259285,0,100,0.00344327163577,0.00347526121693,-0.0455090009774,0.0483957854755,0.45,100,0.999521912351,1,1,1,0
dots-7,within,80,sm_fotakis,matched_pool,20,20,-0.0208173867258,-0.0170893114619,-0.0676827618376,0.0255914364621,0.8,20,-0.0158859991842,-0.0177620163325,-0.0865137861593,0.0530581708539,0.55,20,-0.00493138754156,-0.00250702213953,-0.0543407425322,0.055484137022,0.5,20,-0.0250628466651,-0.0232556963321,-0.0694295488414,0.014705045708,0.85,20,-0.0193964897889,-0.0219178626863,-0.0890214467781,0.050083536231,0.55,20,-0.00566635687625,4.3445807654e-05,-0.0553298776566,0.0567244229649,0.5,20,1,1,1,1,0
dots-7,within,80,sm_fotakis,pooled,20,20,0.0668048722696,0.0695703803989,0.025740562169,0.109445657161,0.05,20,0.0835177794947,0.0927267474456,0.0209392496949,0.136233724378,0,20,-0.0167129072251,-0.0148482756011,-0.0498109797809,0.017289674169,0.7,20,0.0637899745668,0.0704277101052,0.0215083445509,0.109840780919,0,20,0.0805868351021,0.0879142779663,0.0193677887971,0.12375549485,0,20,-0.0167968605353,-0.0160296932238,-0.0497818835221,0.0166800811519,0.7,20,1,1,1,1,0
dots-7,within,80,sm_mle,matched_pool,20,20,-0.0225456532633,-0.0173568543731,-0.0779680500107,0.0238742781025,0.7,20,-0.0158859991842,-0.0177620163325,-0.0865137861593,0.0530581708539,0.55,20,-0.00665965407913,-0.0107450744211,-0.0494388220732,0.0482149493234,0.6,20,-0.0277451216725,-0.0228428001756,-0.0808091316145,0.0115833271191,0.8,20,-0.0193964897889,-0.0219178626863,-0.0890214467781,0.050083536231,0.55,20,-0.00834863188362,-0.0148387273706,-0.050547045754,0.0492174301676,0.6,20,1,1,1,1,0
dots-7,within,80,sm_mle,pooled,20,20,0.0807095403139,0.087530608158,0.0384671942871,0.124381255018,0.05,20,0.0835177794947,0.0927267474456,0.0209392496949,0.136233724378,0,20,-0.0028082391808,-0.00417016154736,-0.0485770062869,0.0311193418483,0.55,20,0.0757768513931,0.0815739011122,0.0347000998539,0.119933265073,0.05,20,0.0805868351021,0.0879142779663,0.0193677887971,0.12375549485,0,20,-0.00480998370904,-0.00542100192633,-0.0540293033406,0.0294683960419,0.55,20,1,1,1,1,0
dots-9,within,50,sm_fotakis,matched_pool,20,20,-0.0390174840594,-0.0325234149452,-0.108880533473,0.0339198636471,0.7,20,-0.0622699204329,-0.0562968304425,-0.188900168833,0.0657512506174,0.75,20,0.0232524363735,0.0202359314556,-0.034973383275,0.109164833457,0.4,20,-0.0393060653178,-0.0339369514272,-0.108972399292,0.0298984968441,0.7,20,-0.0611045579513,-0.0535380025434,-0.188941386753,0.0637279100346,0.75,20,0.0217984926335,0.0185620213006,-0.0378065545731,0.107284107128,0.4,20,0.99119804401,1,0.973105134474,1,0
dots-9,within,50,sm_fotakis,pooled,20,20,0.132829908854,0.129163320605,0.0905312310873,0.17749380545,0,20,0.161217178106,0.149934539359,0.114533777406,0.2336892321,0,20,-0.0283872692521,-0.0170623386037,-0.0873452023412,0.0014362258717,0.85,20,0.132550232451,0.129437244287,0.0908222481902,0.178965743034,0,20,0.162562012648,0.150404022794,0.114707066,0.236195573037,0,20,-0.0300117801969,-0.0191571877071,-0.0890795640533,-0.000278474649404,0.95,20,0.994987775061,1,0.975427872861,1,0
dots-9,within,50,sm_mle,matched_pool,20,20,-0.0404134448275,-0.0373626834105,-0.108707762712,0.0127197203875,0.7,20,-0.0622699204329,-0.0562968304425,-0.188900168833,0.0657512506174,0.75,20,0.0218564756054,0.0323658605784,-0.059781200063,0.140579311108,0.4,20,-0.0407890107493,-0.0384805507068,-0.111527790145,0.0118591100459,0.7,20,-0.0611045579513,-0.0535380025434,-0.188941386753,0.0637279100346,0.75,20,0.020315547202,0.0320120949122,-0.0626239164898,0.139037587444,0.4,20,0.99119804401,1,0.973105134474,1,0
dots-9,within,50,sm_mle,pooled,20,20,0.167519165013,0.161803447875,0.126293137283,0.219615364431,0,20,0.161217178106,0.149934539359,0.114533777406,0.2336892321,0,20,0.00630198690717,0.00437134594693,-0.0514169245884,0.041954305668,0.5,20,0.166817169499,0.162692948365,0.124397886654,0.219183370963,0,20,0.162562012648,0.150404022794,0.114707066,0.236195573037,0,20,0.00425515685125,0.00306857764312,-0.0546251809815,0.0398291003571,0.5,20,0.994987775061,1,0.975427872861,1,0
dots-9,within,70,sm_fotakis,matched_pool,100,100,-0.0360159320277,-0.0322196826233,-0.148733913383,0.0420621535696,0.77,100,-0.0296664682193,-0.0326133955537,-0.13988938042,0.0907124935095,0.69,100,-0.00634946380843,-0.00572265626693,-0.0814435375973,0.0655410770369,0.55,100,-0.0385985590574,-0.0350320953156,-0.151770672017,0.0422635035471,0.79,100,-0.0292247627447,-0.0347211416774,-0.141248915376,0.0920760063815,0.69,100,-0.00937379631277,-0.00725717106525,-0.0860672208662,0.0610621349387,0.57,100,1,1,1,1,0
dots-9,within,70,sm_fotakis,pooled,100,100,0.073813386656,0.0687098578267,0.0147772137772,0.133692771716,0.02,100,0.0983720060049,0.0951517010729,0.0250275585575,0.171511556857,0.01,100,-0.0245586193489,-0.0227117712485,-0.0755412614112,0.0199740394285,0.76,100,0.0716293952782,0.0684621931426,0.0134626137968,0.133498651616,0.02,100,0.0990572117608,0.0941451169078,0.0217679871672,0.176070126461,0.01,100,-0.0274278164826,-0.0251132407642,-0.0773288856521,0.0184840328659,0.81,100,1,1,1,1,0
dots-9,within,70,sm_mle,matched_pool,100,100,-0.0348889521648,-0.0308044338819,-0.150495774952,0.0416994816885,0.71,100,-0.0296664682193,-0.0326133955537,-0.13988938042,0.0907124935095,0.69,100,-0.00522248394549,-0.00337330122519,-0.0862902570428,0.0651229372293,0.54,100,-0.0374235059335,-0.0325078419254,-0.14859758205,0.0419984850566,0.74,100,-0.0292247627447,-0.0347211416774,-0.141248915376,0.0920760063815,0.69,100,-0.00819874318881,-0.00519919345106,-0.0908951668606,0.0617712253208,0.59,100,1,1,1,1,0
dots-9,within,70,sm_mle,pooled,100,100,0.0984954723628,0.0943351610471,0.0357680938863,0.166868409991,0.01,100,0.0983720060049,0.0951517010729,0.0250275585575,0.171511556857,0.01,100,0.000123466357982,-0.000368313403459,-0.0592394351975,0.0518598992008,0.5,100,0.0959679750301,0.0899426055834,0.0338991167224,0.169284385367,0.01,100,0.0990572117608,0.0941451169078,0.0217679871672,0.176070126461,0.01,100,-0.00308923673066,-0.00216406053953,-0.0620097286511,0.0471118950836,0.53,100,1,1,1,1,0
dots-9,within,80,sm_fotakis,matched_pool,20,20,-0.0305386428046,-0.0392707075834,-0.105876353178,0.0760285846966,0.65,20,-0.0282703397104,-0.0431339568817,-0.118942660637,0.0805085035373,0.7,20,-0.00226830309424,-0.00615102639346,-0.108234779289,0.0856071180236,0.65,20,-0.0349542363504,-0.0436382899937,-0.11174202778,0.0637283641379,0.65,20,-0.0291159161374,-0.0400728102498,-0.120782139811,0.0802632016768,0.7,20,-0.005838320213,-0.011696383536,-0.1101577065,0.0856101355594,0.65,20,1,1,1,1,0
dots-9,within,80,sm_fotakis,pooled,20,20,0.0685898177038,0.0648576222426,0.0229375967276,0.119087030916,0.05,20,0.0911523997045,0.0822072435182,0.0501911666289,0.160980690609,0,20,-0.0225625820008,-0.0219067743231,-0.0784039033476,0.0332295234411,0.8,20,0.0647244614422,0.0615648474845,0.0171835581517,0.118677821126,0.05,20,0.0908613396216,0.0833923462479,0.0478781070941,0.160560406511,0,20,-0.0261368781794,-0.0281198853028,-0.0802333981442,0.029230222893,0.85,20,1,1,1,1,0
dots-9,within,80,sm_mle,matched_pool,20,20,-0.0261653273143,-0.0231549398638,-0.108206764126,0.0603517441269,0.8,20,-0.0282703397104,-0.0431339568817,-0.118942660637,0.0805085035373,0.7,20,0.00210501239613,0.00557124715048,-0.0906348165858,0.110300577368,0.45,20,-0.0311265208489,-0.0298002718336,-0.119924714776,0.0507653916321,0.8,20,-0.0291159161374,-0.0400728102498,-0.120782139811,0.0802632016768,0.7,20,-0.00201060471147,-0.000831266063394,-0.0912605402787,0.109502899858,0.55,20,1,1,1,1,0
dots-9,within,80,sm_mle,pooled,20,20,0.0930175629595,0.0890347880694,0.055341418396,0.14957826887,0,20,0.0911523997045,0.0822072435182,0.0501911666289,0.160980690609,0,20,0.00186516325496,0.00730833709084,-0.0494264962405,0.0599633481216,0.45,20,0.0885216970175,0.0836591922657,0.0444396896818,0.150184099755,0,20,0.0908613396216,0.0833923462479,0.0478781070941,0.160560406511,0,20,-0.00233964260406,2.55366569012e-05,-0.0527509024227,0.0565703983677,0.5,20,1,1,1,1,0
puzzle-11,within,50,sm_fotakis,matched_pool,20,20,-0.0927625434924,-0.0813690897243,-0.197033178505,-0.000665746191469,0.95,20,-0.0881564600612,-0.0918268311338,-0.214772565006,0.0198792161515,0.9,20,-0.00460608343121,-0.00105363282781,-0.0699052476444,0.04114209917,0.5,20,-0.0917289430674,-0.0794643297538,-0.197509357571,0.000908453520688,0.95,20,-0.0880885122527,-0.0927698449971,-0.216585270736,0.019938739596,0.9,20,-0.00364043081468,0.000510547541747,-0.0694037208648,0.0422971625526,0.5,20,0.998768472906,1,0.998768472906,1,0
puzzle-11,within,50,sm_fotakis,pooled,20,20,0.0563459482573,0.0600069502579,0.00368837741317,0.131465144368,0.05,20,0.0904677930684,0.0936825796383,-0.00450273715911,0.177891173888,0.1,20,-0.0341218448111,-0.0323978970898,-0.0790362475614,0.00243715688586,0.9,20,0.0570461295741,0.0621907232537,0.00634908196507,0.128910797463,0.05,20,0.0902639709853,0.0944163357841,-0.00691997578855,0.174106958403,0.1,20,-0.0332178414112,-0.0310747911849,-0.0809718641975,0.00258179993437,0.85,20,0.998768472906,1,0.998768472906,1,0
puzzle-11,within,50,sm_mle,matched_pool,20,20,-0.103152192564,-0.097574875689,-0.215529260825,-0.024892223177,0.95,20,-0.0881564600612,-0.0918268311338,-0.214772565006,0.0198792161515,0.9,20,-0.0149957325032,-0.00837019000779,-0.0960801570023,0.0414430928187,0.6,20,-0.101910520621,-0.0932594491857,-0.209882675302,-0.0227903453692,0.95,20,-0.0880885122527,-0.0927698449971,-0.216585270736,0.019938739596,0.9,20,-0.0138220083688,-0.00665874300834,-0.0954453499303,0.0418627067553,0.6,20,0.998768472906,1,0.998768472906,1,0
puzzle-11,within,50,sm_mle,pooled,20,20,0.0787262147757,0.0740928844831,0.0177667363498,0.160119790834,0,20,0.0904677930684,0.0936825796383,-0.00450273715911,0.177891173888,0.1,20,-0.0117415782927,-0.0120485126205,-0.0640770848333,0.0293992935498,0.7,20,0.0796285737915,0.0761223379411,0.0170377560525,0.157075237614,0,20,0.0902639709853,0.0944163357841,-0.00691997578855,0.174106958403,0.1,20,-0.0106353971938,-0.0103175373689,-0.0656003338665,0.0315422933799,0.7,20,0.998768472906,1,0.998768472906,1,0
puzzle-11,within,70,sm_fotakis,matched_pool,100,100,-0.113556350209,-0.115949889933,-0.191625865154,-0.037005643248,0.99,100,-0.112065263145,-0.116373919601,-0.194751769497,-0.0107221555405,0.95,100,-0.00149108706394,0.000687013753686,-0.0721341463296,0.0608313890342,0.48,100,-0.112590255423,-0.113562832262,-0.192528997329,-0.038086888673,0.99,100,-0.110900117211,-0.115485784695,-0.191434582472,-0.0083245449154,0.95,100,-0.00169013821154,-0.000177657158042,-0.0740739045808,0.060997768613,0.51,100,1,1,1,1,0
puzzle-11,within,70,sm_fotakis,pooled,100,100,-0.00252723271491,-0.00439709178036,-0.0615601001146,0.0489058069012,0.55,100,0.016209570046,0.0133831173757,-0.0525500099026,0.0894814341043,0.39,100,-0.0187368027609,-0.0168424934029,-0.0652918320012,0.0280408019028,0.77,100,-0.00145425942299,-0.00244549281985,-0.0555700298122,0.0517662610424,0.52,100,0.0176548672663,0.0122168205446,-0.0511703120685,0.0897417288073,0.37,100,-0.0191091266893,-0.0180132716158,-0.0672773911238,0.0270348913838,0.76,100,1,1,1,1,0
puzzle-11,within,70,sm_mle,matched_pool,100,100,-0.121211266265,-0.120023413976,-0.199184533695,-0.0380119325428,0.99,100,-0.112065263145,-0.116373919601,-0.194751769497,-0.0107221555405,0.95,100,-0.00914600312011,-0.0104461154279,-0.0701216799795,0.0488256646465,0.62,100,-0.119731895207,-0.12012935426,-0.195655235926,-0.0411765015132,0.99,100,-0.110900117211,-0.115485784695,-0.191434582472,-0.0083245449154,0.95,100,-0.00883177799527,-0.00996003802867,-0.0697654718583,0.0477157756738,0.63,100,1,1,1,1,0
puzzle-11,within,70,sm_mle,pooled,100,100,0.00970781906386,0.0106564619519,-0.0524155864694,0.0642447727666,0.41,100,0.016209570046,0.0133831173757,-0.0525500099026,0.0894814341043,0.39,100,-0.00650175098218,-0.00754387740852,-0.0481300645937,0.0397835881031,0.61,100,0.0113485270009,0.0137467312574,-0.048822596162,0.0677492887967,0.39,100,0.0176548672663,0.0122168205446,-0.0511703120685,0.0897417288073,0.37,100,-0.00630634026539,-0.00901602841511,-0.0465972003378,0.0399400474317,0.6,100,1,1,1,1,0
puzzle-11,within,80,sm_fotakis,matched_pool,20,20,-0.131986282828,-0.142139373312,-0.213975105286,-0.00419718521192,0.95,20,-0.138923032102,-0.150373209565,-0.256647483788,-0.0014872727281,0.95,20,0.00693674927441,0.016499020951,-0.0666297348912,0.063403365997,0.45,20,-0.13113195423,-0.135413685178,-0.216409915478,-0.000772457212796,0.95,20,-0.136223226116,-0.148353376311,-0.256126073834,0.00753122517484,0.9,20,0.00509127188617,0.0109087384206,-0.0676782147561,0.0587604821392,0.45,20,1,1,1,1,0
puzzle-11,within,80,sm_fotakis,pooled,20,20,-0.0386175651547,-0.0448512127351,-0.10974593258,0.0299992165377,0.8,20,-0.0301623341061,-0.0399015122563,-0.117054980811,0.0727993395987,0.7,20,-0.00845523104865,-0.00536126925895,-0.0662060113052,0.0290687072344,0.6,20,-0.0369308645775,-0.0418585627244,-0.109367162631,0.0319024206952,0.8,20,-0.0270483070187,-0.0367532752362,-0.115980612575,0.0729652664288,0.7,20,-0.00988255755879,-0.00730467157535,-0.0687287569622,0.0297175299426,0.6,20,1,1,1,1,0
puzzle-11,within,80,sm_mle,matched_pool,20,20,-0.140088460586,-0.150128953627,-0.258249591211,0.00810100618657,0.9,20,-0.138923032102,-0.150373209565,-0.256647483788,-0.0014872727281,0.95,20,-0.00116542848372,0.00943997463149,-0.0655558821483,0.060233990999,0.45,20,-0.138031233852,-0.146524856755,-0.260632728404,0.0112223781937,0.9,20,-0.136223226116,-0.148353376311,-0.256126073834,0.00753122517484,0.9,20,-0.00180800773611,0.0119387835309,-0.06673766907,0.0605335617689,0.45,20,1,1,1,1,0
puzzle-11,within,80,sm_mle,pooled,20,20,-0.0277129315186,-0.0166954539294,-0.107412612264,0.0376993017066,0.75,20,-0.0301623341061,-0.0399015122563,-0.117054980811,0.0727993395987,0.7,20,0.00244940258741,0.0111686910545,-0.0550909299183,0.0479959073155,0.45,20,-0.0251558877575,-0.0147375065034,-0.104407124542,0.0379974306394,0.75,20,-0.0270483070187,-0.0367532752362,-0.115980612575,0.0729652664288,0.7,20,0.00189241926123,0.0082336381775,-0.0549883560481,0.0492090621199,0.45,20,1,1,1,1,0
puzzle-5,within,50,sm_fotakis,matched_pool,20,20,-0.143239149269,-0.144457922792,-0.25817086487,-0.0292536980952,0.95,20,-0.161972495503,-0.161875144494,-0.291078781453,-0.0514453808211,1,20,0.0187333462339,0.0176804027273,-0.0650568686516,0.087546764475,0.25,20,-0.145842405055,-0.147943511733,-0.264603316091,-0.0351907904905,0.95,20,-0.165577601536,-0.167379822942,-0.302556182195,-0.0562218505598,1,20,0.0197351964804,0.020721703306,-0.0662557218914,0.086585601024,0.25,20,0.939705882353,0.939950980392,0.898161764706,0.976715686275,0
puzzle-5,within,50,sm_fotakis,pooled,20,20,0.0343039511282,0.0264846005758,-0.0276331183688,0.120937484323,0.35,20,0.0637851001251,0.0710203327318,-0.0129376044723,0.124118197668,0.1,20,-0.0294811489969,-0.0261245140696,-0.0660971739415,0.0249603181336,0.9,20,0.0331697687897,0.0239254771357,-0.030345606103,0.12171877154,0.35,20,0.061662712892,0.0687446489155,-0.0164088873068,0.120822269467,0.15,20,-0.0284929441024,-0.0245331664775,-0.066315505047,0.0276207948423,0.9,20,0.94693627451,0.949754901961,0.899509803922,1,0
puzzle-5,within,50,sm_mle,matched_pool,20,20,-0.142343244354,-0.142182839807,-0.285003226128,-0.0139509742696,1,20,-0.161972495503,-0.161875144494,-0.291078781453,-0.0514453808211,1,20,0.019629251149,0.0123125706298,-0.0498777365889,0.084044741113,0.35,20,-0.145429957006,-0.146196504895,-0.299593118106,-0.0167027923818,1,20,-0.165577601536,-0.167379822942,-0.302556182195,-0.0562218505598,1,20,0.0201476445302,0.0153208439349,-0.0460966100515,0.0829859460339,0.3,20,0.939705882353,0.939950980392,0.898161764706,0.976715686275,0
puzzle-5,within,50,sm_mle,pooled,20,20,0.0774416451381,0.0639294101143,0.0103349862141,0.163130107107,0,20,0.0637851001251,0.0710203327318,-0.0129376044723,0.124118197668,0.1,20,0.013656545013,0.0177677747058,-0.0379235934859,0.066709158651,0.45,20,0.0754525815035,0.0613629231464,0.0092496574768,0.160249595803,0,20,0.061662712892,0.0687446489155,-0.0164088873068,0.120822269467,0.15,20,0.0137898686114,0.0171757815813,-0.0369273883951,0.0644850089404,0.45,20,0.94693627451,0.949754901961,0.899509803922,1,0
puzzle-5,within,70,sm_fotakis,matched_pool,100,100,-0.130347382368,-0.127998137775,-0.226150229386,-0.0386329829641,0.97,100,-0.138589941841,-0.134016058934,-0.237002619842,-0.0112569600286,0.98,100,0.00824255947348,0.0129809625385,-0.0885796818141,0.0812153158539,0.41,100,-0.134035297651,-0.133626990904,-0.230158673672,-0.0365573249481,0.97,100,-0.144509800259,-0.142272216944,-0.249637817675,-0.0197102784391,0.99,100,0.0104745026082,0.0119118462786,-0.0907844555236,0.0861492471708,0.39,100,0.99442687747,1,0.976086956522,1,0
puzzle-5,within,70,sm_fotakis,pooled,100,100,-0.0184318196084,-0.0233473300438,-0.0859503559513,0.0492599222115,0.68,100,-0.0049133861764,-0.00788435369669,-0.0746691091117,0.0683097906177,0.58,100,-0.013518433432,-0.0149643360765,-0.0750869479039,0.0454305973886,0.62,100,-0.0220614205755,-0.0257322519927,-0.0897911018947,0.0486094469808,0.7,100,-0.00987619684211,-0.01611712503,-0.0824985577138,0.0633287312267,0.64,100,-0.0121852237334,-0.0129548873401,-0.0710563309319,0.0447550615101,0.63,100,0.994901185771,1,0.976086956522,1,0
puzzle-5,within,70,sm_mle,matched_pool,100,100,-0.128498891569,-0.133965407034,-0.253236086348,-0.0429776896797,0.98,100,-0.138589941841,-0.134016058934,-0.237002619842,-0.0112569600286,0.98,100,0.0100910502728,0.0154193816015,-0.0777152799754,0.0866693680579,0.42,100,-0.13179430609,-0.136267384227,-0.244759430479,-0.0456645927885,0.98,100,-0.144509800259,-0.142272216944,-0.249637817675,-0.0197102784391,0.99,100,0.0127154941695,0.0149642375697,-0.0734503527472,0.0897122447049,0.4,100,0.99442687747,1,0.976086956522,1,0
puzzle-5,within,70,sm_mle,pooled,100,100,0.00400600634066,-0.00182779595226,-0.0542784308106,0.0788006726046,0.52,100,-0.0049133861764,-0.00788435369669,-0.0746691091117,0.0683097906177,0.58,100,0.00891939251706,0.0105240779769,-0.0431740474705,0.0642353125806,0.37,100,0.000450441297555,-0.00464426894024,-0.0610201176754,0.0764297914865,0.56,100,-0.00987619684211,-0.01611712503,-0.0824985577138,0.0633287312267,0.64,100,0.0103266381397,0.00990364707733,-0.0413200811086,0.0672362634792,0.36,100,0.994901185771,1,0.976086956522,1,0
puzzle-5,within,80,sm_fotakis,matched_pool,20,20,-0.139275013793,-0.133832603971,-0.251005721025,-0.0554584562033,0.95,20,-0.145746219254,-0.120869519664,-0.301177737111,-0.063002633983,0.95,20,0.00647120546169,0.0135799045649,-0.0763427875802,0.0935655934145,0.45,20,-0.146487165052,-0.146537879927,-0.255667673831,-0.0516645427441,0.95,20,-0.155652845743,-0.122190003416,-0.308553290045,-0.0689660465728,0.95,20,0.00916568069128,0.0140822443419,-0.0774927717812,0.0909709245876,0.35,20,1,1,1,1,0
puzzle-5,within,80,sm_fotakis,pooled,20,20,-0.0413166850062,-0.0385620866729,-0.119138611237,0.0352382872893,0.75,20,-0.0195350640525,-0.00719968463979,-0.123553964194,0.0656688071382,0.6,20,-0.0217816209537,-0.0194906330393,-0.0806374504182,0.0332330661765,0.65,20,-0.0466252103937,-0.0463098999671,-0.127778140802,0.0319270925141,0.8,20,-0.0270634810299,-0.0206174513562,-0.134303212848,0.0680159614935,0.7,20,-0.0195617293637,-0.01751060939,-0.0863772089394,0.0378802801232,0.7,20,1,1,1,1,0
puzzle-5,within,80,sm_mle,matched_pool,20,20,-0.137640565382,-0.124964840023,-0.229749570105,-0.0339172157071,1,20,-0.145746219254,-0.120869519664,-0.301177737111,-0.063002633983,0.95,20,0.00810565387197,0.0165419581645,-0.0541525784781,0.0729248947916,0.4,20,-0.145065506839,-0.132894963156,-0.245583996779,-0.0285619198481,1,20,-0.155652845743,-0.122190003416,-0.308553290045,-0.0689660465728,0.95,20,0.0105873389046,0.0158866583682,-0.0575130014991,0.0828526039466,0.4,20,1,1,1,1,0
puzzle-5,within,80,sm_mle,pooled,20,20,-0.0248934731644,-0.0241152160334,-0.0925707395123,0.0578881491012,0.6,20,-0.0195350640525,-0.00719968463979,-0.123553964194,0.0656688071382,0.6,20,-0.00535840911187,-0.00361499985822,-0.0827765340749,0.0591049774196,0.55,20,-0.030149511213,-0.0316083241474,-0.0990516294994,0.0548501457884,0.7,20,-0.0270634810299,-0.0206174513562,-0.134303212848,0.0680159614935,0.7,20,-0.00308603018303,0.000601706631721,-0.0803833067811,0.0652323682402,0.5,20,1,1,1,1,0
puzzle-7,within,50,sm_fotakis,matched_pool,20,20,-0.158636213198,-0.144951719061,-0.248288048786,-0.0822072902213,1,20,-0.184479153273,-0.192743016927,-0.278417876914,-0.0858237883909,1,20,0.0258429400747,0.0274185816088,-0.0337299003027,0.126282633705,0.4,20,-0.160297977874,-0.147432937665,-0.250854459447,-0.0863873801233,1,20,-0.185822810501,-0.193900127686,-0.275954046087,-0.0864796344465,1,20,0.0255248326265,0.0241291249746,-0.0336948287036,0.124203405752,0.4,20,0.970833333333,0.974264705882,0.93112745098,1,0
puzzle-7,within,50,sm_fotakis,pooled,20,20,0.0256448053829,0.037853560465,-0.0450748604341,0.0818723915228,0.3,20,0.0383625732039,0.0470106940897,-0.0443137149032,0.091511894832,0.25,20,-0.012717767821,-0.0176934821277,-0.0658338694718,0.0603150277047,0.65,20,0.024700730823,0.0369910273751,-0.0448757141268,0.0852684014985,0.3,20,0.0375639316519,0.0419693357302,-0.040703718792,0.0954237765854,0.25,20,-0.0128632008288,-0.0159597531323,-0.0611401388878,0.0601245592425,0.75,20,0.975857843137,0.977941176471,0.93112745098,1,0
puzzle-7,within,50,sm_mle,matched_pool,20,20,-0.177852041929,-0.173856048452,-0.257823372181,-0.106976001389,1,20,-0.184479153273,-0.192743016927,-0.278417876914,-0.0858237883909,1,20,0.00662711134386,0.00589105682904,-0.0796220024774,0.0907460534655,0.4,20,-0.179515252972,-0.176775719418,-0.258240811375,-0.0977845409278,1,20,-0.185822810501,-0.193900127686,-0.275954046087,-0.0864796344465,1,20,0.00630755752861,0.00234315027569,-0.0741691869928,0.0886782960252,0.4,20,0.970833333333,0.974264705882,0.93112745098,1,0
puzzle-7,within,50,sm_mle,pooled,20,20,0.0497479861021,0.0624181567603,-0.0522073843858,0.101995948309,0.15,20,0.0383625732039,0.0470106940897,-0.0443137149032,0.091511894832,0.25,20,0.0113854128982,0.0141591086653,-0.0591614931103,0.0686518275145,0.3,20,0.048315962382,0.0584201284187,-0.052883324222,0.108642220798,0.15,20,0.0375639316519,0.0419693357302,-0.040703718792,0.0954237765854,0.25,20,0.0107520307301,0.0131277484225,-0.0564781950825,0.0683309873502,0.3,20,0.975857843137,0.977941176471,0.93112745098,1,0
puzzle-7,within,70,sm_fotakis,matched_pool,100,100,-0.115271294901,-0.118049038356,-0.232983969023,-0.0211655152488,0.96,100,-0.139108853239,-0.145755753634,-0.253443827283,-0.0243595248363,0.97,100,0.0238375583382,0.0261880799422,-0.0436877823056,0.0990396781045,0.29,100,-0.115029818374,-0.119737806329,-0.232305298958,-0.0203032266888,0.96,100,-0.138943670686,-0.147310529276,-0.254842526578,-0.0185152648944,0.97,100,0.0239138523125,0.0243094500123,-0.0467251896146,0.100503346877,0.29,100,0.993794466403,1,0.97233201581,1,0
puzzle-7,within,70,sm_fotakis,pooled,100,100,0.0042197640105,0.00475757419839,-0.0796459416045,0.0802957030327,0.44,100,-0.00705109948263,-0.0111250374377,-0.0926321984941,0.0752686819166,0.58,100,0.0112708634931,0.0147244212312,-0.0466234776344,0.069349127714,0.35,100,0.00452162576084,0.00505094291975,-0.0802642337658,0.0788781209045,0.41,100,-0.00681663432007,-0.00932507969336,-0.0921812181831,0.0683432215047,0.58,100,0.0113382600809,0.0127689660009,-0.0441421697372,0.069114098772,0.35,100,0.994031620553,1,0.97233201581,1,0
puzzle-7,within,70,sm_mle,matched_pool,100,100,-0.13274675644,-0.138913809001,-0.270466718635,-0.032116536971,0.95,100,-0.139108853239,-0.145755753634,-0.253443827283,-0.0243595248363,0.97,100,0.00636209679995,0.00507196538098,-0.0778268827876,0.0747572495227,0.43,100,-0.132976342932,-0.138559795883,-0.274213196685,-0.0286048632463,0.95,100,-0.138943670686,-0.147310529276,-0.254842526578,-0.0185152648944,0.97,100,0.00596732775419,0.00402286414528,-0.0800933845727,0.0749815459626,0.43,100,0.993794466403,1,0.97233201581,1,0
puzzle-7,within,70,sm_mle,pooled,100,100,0.0186686342408,0.0263179011718,-0.0806056767895,0.0932793705381,0.34,100,-0.00705109948263,-0.0111250374377,-0.0926321984941,0.0752686819166,0.58,100,0.0257197337234,0.0275555754829,-0.0387917402735,0.0843583494358,0.27,100,0.0187198749522,0.025508919246,-0.080839925507,0.0936381113533,0.35,100,-0.00681663432007,-0.00932507969336,-0.0921812181831,0.0683432215047,0.58,100,0.0255365092723,0.0263651695876,-0.041233844713,0.0829256157416,0.24,100,0.994031620553,1,0.97233201581,1,0
puzzle-7,within,80,sm_fotakis,matched_pool,20,20,-0.0921963098534,-0.0910844294291,-0.206622569429,-0.0059302307486,0.95,20,-0.134567508231,-0.151594182494,-0.222873315301,-0.0186602756136,0.95,20,0.042371198378,0.0491968313305,-0.0203055590721,0.0873441237524,0.15,20,-0.0912428576958,-0.0901750742444,-0.20480786047,0.000797259612263,0.95,20,-0.13375694512,-0.149268674548,-0.220887089478,-0.0130417651938,0.95,20,0.0425140874239,0.0490726684447,-0.0201627714979,0.0932443882722,0.2,20,0.998843930636,1,0.998843930636,1,0
puzzle-7,within,80,sm_fotakis,pooled,20,20,0.000887356232672,0.00769642711182,-0.0954754144502,0.0949980145967,0.45,20,-0.0244069828918,-0.0220783501475,-0.112607875515,0.0545952320691,0.6,20,0.0252943391245,0.0295599084375,-0.0457228058183,0.0697326874327,0.25,20,0.000965244061759,0.00843271775639,-0.0979829437984,0.0911110049361,0.45,20,-0.025036368983,-0.0252577259726,-0.111761016398,0.0597912283787,0.65,20,0.0260016130448,0.0324354613489,-0.0479716620649,0.0694956880971,0.25,20,0.998843930636,1,0.998843930636,1,0
puzzle-7,within,80,sm_mle,matched_pool,20,20,-0.0988280902057,-0.0600302568698,-0.243404971743,-0.00785190246313,0.95,20,-0.134567508231,-0.151594182494,-0.222873315301,-0.0186602756136,0.95,20,0.0357394180257,0.0333791033336,-0.0508184084198,0.107310371047,0.2,20,-0.0982725731011,-0.06867263614,-0.239462197486,-0.00196789335759,0.95,20,-0.13375694512,-0.149268674548,-0.220887089478,-0.0130417651938,0.95,20,0.0354843720187,0.0299860131684,-0.0498269687651,0.105599135403,0.2,20,0.998843930636,1,0.998843930636,1,0
puzzle-7,within,80,sm_mle,pooled,20,20,0.0178769237794,0.0282342810976,-0.0850421116958,0.118929005035,0.35,20,-0.0244069828918,-0.0220783501475,-0.112607875515,0.0545952320691,0.6,20,0.0422839066712,0.0389841782265,-0.0328344986869,0.0997482707217,0.15,20,0.0179121352363,0.02462434524,-0.0891321735319,0.123507229131,0.35,20,-0.025036368983,-0.0252577259726,-0.111761016398,0.0597912283787,0.65,20,0.0429485042193,0.0394988396234,-0.0321690427487,0.100315331687,0.15,20,0.998843930636,1,0.998843930636,1,0
puzzle-9,within,50,sm_fotakis,matched_pool,20,20,-0.105815177049,-0.122792350742,-0.165886161796,-0.0391961780221,1,20,-0.133671331993,-0.132843590213,-0.207518755966,-0.0659258555415,1,20,0.0278561549439,0.0370877778417,-0.0282569759539,0.0691392295024,0.1,20,-0.104886880613,-0.123266894422,-0.164827265996,-0.0406799395528,1,20,-0.133901985399,-0.13302235538,-0.20684861241,-0.0606346174758,1,20,0.0290151047868,0.0394685137621,-0.0269388623962,0.0713496817596,0.1,20,0.980958230958,0.97542997543,0.950737100737,1,0
puzzle-9,within,50,sm_fotakis,pooled,20,20,0.0575175756867,0.0642013831936,0.00561484660889,0.102977767812,0.05,20,0.0657249638083,0.0764114811993,-0.00424411927911,0.145530399193,0.1,20,-0.00820738812161,0.00136829306126,-0.0514149921074,0.0287517728994,0.45,20,0.0587863397277,0.0635996212413,0.00784332288398,0.106377495702,0.05,20,0.0663798134059,0.077736819738,-0.00276166317475,0.150265910013,0.15,20,-0.00759347367821,0.00203186636041,-0.0530681131776,0.0291149624316,0.45,20,0.980958230958,0.97542997543,0.950737100737,1,0
puzzle-9,within,50,sm_mle,matched_pool,20,20,-0.130070023884,-0.133755216823,-0.189401457668,-0.0526587860887,1,20,-0.133671331993,-0.132843590213,-0.207518755966,-0.0659258555415,1,20,0.00360130810871,0.00165723300629,-0.0453053600186,0.0570737245335,0.45,20,-0.127988378008,-0.131970388954,-0.188307494255,-0.0511503843298,1,20,-0.133901985399,-0.13302235538,-0.20684861241,-0.0606346174758,1,20,0.00591360739092,0.00504863008425,-0.0408351052338,0.0588905367364,0.45,20,0.980958230958,0.97542997543,0.950737100737,1,0
puzzle-9,within,50,sm_mle,pooled,20,20,0.0665831157505,0.072743149601,0.00933406839875,0.119280782149,0.05,20,0.0657249638083,0.0764114811993,-0.00424411927911,0.145530399193,0.1,20,0.000858151942272,-0.000345069412004,-0.033261658273,0.0538918201772,0.5,20,0.0682612650488,0.0743406487114,0.0122890594349,0.117989027444,0.05,20,0.0663798134059,0.077736819738,-0.00276166317475,0.150265910013,0.15,20,0.00188145164291,0.00275435687878,-0.033654406793,0.0558821099242,0.45,20,0.980958230958,0.97542997543,0.950737100737,1,0
puzzle-9,within,70,sm_fotakis,matched_pool,100,100,-0.0984269994347,-0.106367180805,-0.203579076622,0.00937721870278,0.94,100,-0.121190604245,-0.124316583138,-0.220444793347,-0.0115939152707,0.96,100,0.0227636048102,0.0235284216157,-0.0514314273714,0.0946550292685,0.3,100,-0.0987696843147,-0.106267641275,-0.206428244399,0.00845049262935,0.93,100,-0.121758583436,-0.121886322889,-0.221672563706,-0.00916763139462,0.97,100,0.0229888991217,0.0236156590874,-0.04943099538,0.0920895285536,0.29,100,0.996465863454,1,0.971887550201,1,0
puzzle-9,within,70,sm_fotakis,pooled,100,100,0.0138587986585,0.0117600607808,-0.0492781708508,0.089640435156,0.43,100,0.00299938032814,-0.00128777158691,-0.0743437198222,0.0967478461896,0.51,100,0.0108594183304,0.0116666494657,-0.0358467003854,0.0562495839433,0.31,100,0.0137801526131,0.0101759787563,-0.0488733237549,0.0911512560904,0.43,100,0.00290379875753,-0.00251674621814,-0.0733112514271,0.0933001581334,0.51,100,0.0108763538556,0.0111732811106,-0.0332204276313,0.0553712511925,0.32,100,0.996465863454,1,0.971887550201,1,0
puzzle-9,within,70,sm_mle,matched_pool,100,100,-0.116189587723,-0.123610401635,-0.223048580843,-0.00109411789428,0.95,100,-0.121190604245,-0.124316583138,-0.220444793347,-0.0115939152707,0.96,100,0.00500101652174,0.00808727935217,-0.0649930957155,0.0758953354369,0.44,100,-0.11532653816,-0.123085911688,-0.223301848923,7.87114730255e-05,0.94,100,-0.121758583436,-0.121886322889,-0.221672563706,-0.00916763139462,0.97,100,0.00643204527601,0.00885470629893,-0.0622818604962,0.0803223932659,0.42,100,0.996465863454,1,0.971887550201,1,0
puzzle-9,within,70,sm_mle,pooled,100,100,0.0177303353255,0.0114057685932,-0.0465868257193,0.103361210038,0.38,100,0.00299938032814,-0.00128777158691,-0.0743437198222,0.0967478461896,0.51,100,0.0147309549974,0.0149875365511,-0.034631331428,0.0572203779561,0.28,100,0.0184434919695,0.0125681487556,-0.0428120895722,0.10703829137,0.38,100,0.00290379875753,-0.00251674621814,-0.0733112514271,0.0933001581334,0.51,100,0.015539693212,0.0159561273998,-0.0328251186593,0.058225194109,0.29,100,0.996465863454,1,0.971887550201,1,0
puzzle-9,within,80,sm_fotakis,matched_pool,20,20,-0.101597913064,-0.102867200716,-0.183014446387,-0.00788856476581,1,20,-0.134969524703,-0.125912098637,-0.231088907444,-0.0648479101284,1,20,0.0333716116384,0.0317153453303,-0.0273753115583,0.0995439707628,0.2,20,-0.100127781021,-0.101435636209,-0.176291306962,-0.0109716255507,1,20,-0.134492508389,-0.125213707452,-0.239592784094,-0.0587785813507,1,20,0.0343647273683,0.0308612024182,-0.0225483782065,0.102865428215,0.25,20,0.998520710059,1,0.998520710059,1,0
puzzle-9,within,80,sm_fotakis,pooled,20,20,-0.0106039205329,-0.0184851181604,-0.0797297389257,0.0556806406778,0.6,20,-0.028632782624,-0.0335911565075,-0.0850052908864,0.0362494094306,0.75,20,0.0180288620911,0.0100477648896,-0.0202870911276,0.085857673415,0.4,20,-0.00962867713086,-0.014276390989,-0.0794185190153,0.0643590638117,0.55,20,-0.027851529494,-0.0296808516785,-0.0834743359267,0.0436903717252,0.75,20,0.0182228523631,0.0123422154404,-0.023430278271,0.0873132411209,0.35,20,0.998520710059,1,0.998520710059,1,0
puzzle-9,within,80,sm_mle,matched_pool,20,20,-0.117544028781,-0.120147243541,-0.235876292264,-0.0241109301936,0.95,20,-0.134969524703,-0.125912098637,-0.231088907444,-0.0648479101284,1,20,0.0174254959219,0.0162312536367,-0.0665234212008,0.105235495305,0.4,20,-0.114340629978,-0.111832510684,-0.237628123861,-0.0235922186394,0.95,20,-0.134492508389,-0.125213707452,-0.239592784094,-0.0587785813507,1,20,0.0201518784109,0.0150467848938,-0.0663591354528,0.106802218853,0.35,20,0.998520710059,1,0.998520710059,1,0
puzzle-9,within,80,sm_mle,pooled,20,20,-0.00737833751608,-0.0174191516995,-0.0815057426961,0.0645537612201,0.55,20,-0.028632782624,-0.0335911565075,-0.0850052908864,0.0362494094306,0.75,20,0.021254445108,0.017572783274,-0.0217039919321,0.10137226037,0.3,20,-0.00572796979432,-0.0137562608425,-0.0803566068789,0.07253155069,0.55,20,-0.027851529494,-0.0296808516785,-0.0834743359267,0.0436903717252,0.75,20,0.0221235596997,0.0189127249134,-0.0216338534402,0.0952531736768,0.3,20,0.998520710059,1,0.998520710059,1,0
sounds,within,50,sm_efficient,matched_pool,20,0,,,,,,0,,,,,,0,,,,,,0,,,,,,0,,,,,,0,,,,,,20,0,0,0,0,0
sounds,within,50,sm_efficient,pooled,20,0,,,,,,0,,,,,,0,,,,,,0,,,,,,0,,,,,,0,,,,,,20,0,0,0,0,0
sounds,within,50,sm_fotakis,matched_pool,20,0,,,,,,0,,,,,,0,,,,,,0,,,,,,0,,,,,,0,,,,,,20,0,0,0,0,0
sounds,within,50,sm_fotakis,pooled,20,0,,,,,,0,,,,,,0,,,,,,0,,,,,,0,,,,,,0,,,,,,20,0,0,0,0,0
sounds,within,50,sm_mle,matched_pool,20,0,,,,,,0,,,,,,0,,,,,,0,,,,,,0,,,,,,0,,,,,,20,0,0,0,0,0
sounds,within,50,sm_mle,pooled,20,0,,,,,,0,,,,,,0,,,,,,0,,,,,,0,,,,,,0,,,,,,20,0,0,0,0,0
sounds,within,70,sm_efficient,matched_pool,100,0,,,,,,0,,,,,,0,,,,,,0,,,,,,0,,,,,,0,,,,,,100,0,0,0,0,0
sounds,within,70,sm_efficient,pooled,100,0,,,,,,0,,,,,,0,,,,,,0,,,,,,0,,,,,,0,,,,,,100,0,0,0,0,0
sounds,within,70,sm_fotakis,matched_pool,100,0,,,,,,0,,,,,,0,,,,,,0,,,,,,0,,,,,,0,,,,,,100,0,0,0,0,0
sounds,within,70,sm_fotakis,pooled,100,0,,,,,,0,,,,,,0,,,,,,0,,,,,,0,,,,,,0,,,,,,100,0,0,0,0,0
sounds,within,70,sm_mle,matched_pool,100,0,,,,,,0,,,,,,0,,,,,,0,,,,,,0,,,,,,0,,,,,,100,0,0,0,0,0
sounds,within,70,sm_mle,pooled,100,26,0.504913488208,0.524485610446,0.00205692267673,1.1468749786,0.0769230769231,26,0.299794033697,0.264610536084,-0.210831588009,1.22915563805,0.192307692308,26,0.205119454511,0.143676271873,-0.363970748941,0.756957021111,0.192307692308,26,0.504913488208,0.524485610446,0.00205692267673,1.1468749786,0.0769230769231,26,0.299794033697,0.264610536084,-0.210831588009,1.22915563805,0.192307692308,26,0.205119454511,0.143676271873,-0.363970748941,0.756957021111,0.192307692308,100,0.00608695652174,0,0,0.0217391304348,0
sounds,within,80,sm_efficient,matched_pool,20,0,,,,,,0,,,,,,0,,,,,,0,,,,,,0,,,,,,0,,,,,,20,0,0,0,0,0
sounds,within,80,sm_efficient,pooled,20,0,,,,,,0,,,,,,0,,,,,,0,,,,,,0,,,,,,0,,,,,,20,0,0,0,0,0
sounds,within,80,sm_fotakis,matched_pool,20,0,,,,,,0,,,,,,0,,,,,,0,,,,,,0,,,,,,0,,,,,,20,0,0,0,0,0
sounds,within,80,sm_fotakis,pooled,20,0,,,,,,0,,,,,,0,,,,,,0,,,,,,0,,,,,,0,,,,,,20,0,0,0,0,0
sounds,within,80,sm_mle,matched_pool,20,0,,,,,,0,,,,,,0,,,,,,0,,,,,,0,,,,,,0,,,,,,20,0,0,0,0,0
sounds,within,80,sm_mle,pooled,20,14,0.318137062626,0.239434456373,0.0330875828767,0.73849885881,0,14,0.2318434634,0.226930708973,-0.205164503679,0.728496414343,0.142857142857,14,0.0862935992257,0.0615930235327,-0.149746324313,0.434375409821,0.428571428571,14,0.318137062626,0.239434456373,0.0330875828767,0.73849885881,0,14,0.2318434634,0.226930708973,-0.205164503679,0.728496414343,0.142857142857,14,0.0862935992257,0.0615930235327,-0.149746324313,0.434375409821,0.428571428571,20,0.025,0.0217391304348,0,0.0663043478261,0
