dataset,design,percent,scheme,method,status,fit_contexts,min_training_reports,max_training_reports,min_item_count,min_pair_count,max_pair_count,min_lambda,max_lambda,min_mu,max_mu,max_hierarchy_depth
dots-3,group_holdout,70,pooled,pl,ok,100,549,563,549,549,563,549,563,549,563,
dots-3,group_holdout,70,pooled,sm_efficient,excluded_outside_theorem_regime,100,549,563,549,549,563,549,563,549,563,
dots-3,group_holdout,70,pooled,sm_fotakis,ok,100,549,563,549,549,563,549,563,549,563,
dots-3,group_holdout,70,pooled,sm_mle,ok,100,549,563,549,549,563,549,563,549,563,
dots-3,group_holdout,70,pooled,sm_sharp,excluded_outside_theorem_regime,100,549,563,549,549,563,549,563,549,563,
dots-3,within,50,local,pl,no_unique_finite_mle,1,10,10,10,10,10,10,10,10,10,
dots-3,within,50,local,pl,ok,799,9,10,9,9,10,9,10,9,10,
dots-3,within,50,local,sm_efficient,excluded_outside_theorem_regime,800,9,10,9,9,10,9,10,9,10,
dots-3,within,50,local,sm_fotakis,ok,800,9,10,9,9,10,9,10,9,10,
dots-3,within,50,local,sm_mle,ok,800,9,10,9,9,10,9,10,9,10,
dots-3,within,50,local,sm_sharp,excluded_outside_theorem_regime,800,9,10,9,9,10,9,10,9,10,
dots-3,within,50,matched_pool,pl,ok,800,9,10,9,9,10,9,10,9,10,
dots-3,within,50,matched_pool,sm_efficient,excluded_outside_theorem_regime,800,9,10,9,9,10,9,10,9,10,
dots-3,within,50,matched_pool,sm_fotakis,ok,800,9,10,9,9,10,9,10,9,10,
dots-3,within,50,matched_pool,sm_mle,ok,800,9,10,9,9,10,9,10,9,10,
dots-3,within,50,matched_pool,sm_sharp,excluded_outside_theorem_regime,800,9,10,9,9,10,9,10,9,10,
dots-3,within,50,pooled,pl,ok,20,391,391,391,391,391,391,391,391,391,
dots-3,within,50,pooled,sm_efficient,excluded_outside_theorem_regime,20,391,391,391,391,391,391,391,391,391,
dots-3,within,50,pooled,sm_fotakis,ok,20,391,391,391,391,391,391,391,391,391,
dots-3,within,50,pooled,sm_mle,ok,20,391,391,391,391,391,391,391,391,391,
dots-3,within,50,pooled,sm_sharp,excluded_outside_theorem_regime,20,391,391,391,391,391,391,391,391,391,
dots-3,within,70,local,pl,ok,4000,12,14,12,12,14,12,14,12,14,
dots-3,within,70,local,sm_efficient,excluded_outside_theorem_regime,4000,12,14,12,12,14,12,14,12,14,
dots-3,within,70,local,sm_fotakis,ok,4000,12,14,12,12,14,12,14,12,14,
dots-3,within,70,local,sm_mle,ok,4000,12,14,12,12,14,12,14,12,14,
dots-3,within,70,local,sm_sharp,excluded_outside_theorem_regime,4000,12,14,12,12,14,12,14,12,14,
dots-3,within,70,matched_pool,pl,ok,4000,12,14,12,12,14,12,14,12,14,
dots-3,within,70,matched_pool,sm_efficient,excluded_outside_theorem_regime,4000,12,14,12,12,14,12,14,12,14,
dots-3,within,70,matched_pool,sm_fotakis,ok,4000,12,14,12,12,14,12,14,12,14,
dots-3,within,70,matched_pool,sm_mle,ok,4000,12,14,12,12,14,12,14,12,14,
dots-3,within,70,matched_pool,sm_sharp,excluded_outside_theorem_regime,4000,12,14,12,12,14,12,14,12,14,
dots-3,within,70,pooled,pl,ok,100,544,544,544,544,544,544,544,544,544,
dots-3,within,70,pooled,sm_efficient,excluded_outside_theorem_regime,100,544,544,544,544,544,544,544,544,544,
dots-3,within,70,pooled,sm_fotakis,ok,100,544,544,544,544,544,544,544,544,544,
dots-3,within,70,pooled,sm_mle,ok,100,544,544,544,544,544,544,544,544,544,
dots-3,within,70,pooled,sm_sharp,excluded_outside_theorem_regime,100,544,544,544,544,544,544,544,544,544,
dots-3,within,80,local,pl,ok,800,14,16,14,14,16,14,16,14,16,
dots-3,within,80,local,sm_efficient,excluded_outside_theorem_regime,800,14,16,14,14,16,14,16,14,16,
dots-3,within,80,local,sm_fotakis,ok,800,14,16,14,14,16,14,16,14,16,
dots-3,within,80,local,sm_mle,ok,800,14,16,14,14,16,14,16,14,16,
dots-3,within,80,local,sm_sharp,excluded_outside_theorem_regime,800,14,16,14,14,16,14,16,14,16,
dots-3,within,80,matched_pool,pl,ok,800,14,16,14,14,16,14,16,14,16,
dots-3,within,80,matched_pool,sm_efficient,excluded_outside_theorem_regime,800,14,16,14,14,16,14,16,14,16,
dots-3,within,80,matched_pool,sm_fotakis,ok,800,14,16,14,14,16,14,16,14,16,
dots-3,within,80,matched_pool,sm_mle,ok,800,14,16,14,14,16,14,16,14,16,
dots-3,within,80,matched_pool,sm_sharp,excluded_outside_theorem_regime,800,14,16,14,14,16,14,16,14,16,
dots-3,within,80,pooled,pl,ok,20,624,624,624,624,624,624,624,624,624,
dots-3,within,80,pooled,sm_efficient,excluded_outside_theorem_regime,20,624,624,624,624,624,624,624,624,624,
dots-3,within,80,pooled,sm_fotakis,ok,20,624,624,624,624,624,624,624,624,624,
dots-3,within,80,pooled,sm_mle,ok,20,624,624,624,624,624,624,624,624,624,
dots-3,within,80,pooled,sm_sharp,excluded_outside_theorem_regime,20,624,624,624,624,624,624,624,624,624,
dots-5,group_holdout,70,pooled,pl,ok,100,550,560,550,550,560,550,560,550,560,
dots-5,group_holdout,70,pooled,sm_efficient,excluded_outside_theorem_regime,100,550,560,550,550,560,550,560,550,560,
dots-5,group_holdout,70,pooled,sm_fotakis,ok,100,550,560,550,550,560,550,560,550,560,
dots-5,group_holdout,70,pooled,sm_mle,ok,100,550,560,550,550,560,550,560,550,560,
dots-5,group_holdout,70,pooled,sm_sharp,excluded_outside_theorem_regime,100,550,560,550,550,560,550,560,550,560,
dots-5,within,50,local,pl,ok,800,9,10,9,9,10,9,10,9,10,
dots-5,within,50,local,sm_efficient,excluded_outside_theorem_regime,800,9,10,9,9,10,9,10,9,10,
dots-5,within,50,local,sm_fotakis,ok,800,9,10,9,9,10,9,10,9,10,
dots-5,within,50,local,sm_mle,ok,800,9,10,9,9,10,9,10,9,10,
dots-5,within,50,local,sm_sharp,excluded_outside_theorem_regime,800,9,10,9,9,10,9,10,9,10,
dots-5,within,50,matched_pool,pl,ok,800,9,10,9,9,10,9,10,9,10,
dots-5,within,50,matched_pool,sm_efficient,excluded_outside_theorem_regime,800,9,10,9,9,10,9,10,9,10,
dots-5,within,50,matched_pool,sm_fotakis,ok,800,9,10,9,9,10,9,10,9,10,
dots-5,within,50,matched_pool,sm_mle,ok,800,9,10,9,9,10,9,10,9,10,
dots-5,within,50,matched_pool,sm_sharp,excluded_outside_theorem_regime,800,9,10,9,9,10,9,10,9,10,
dots-5,within,50,pooled,pl,ok,20,388,388,388,388,388,388,388,388,388,
dots-5,within,50,pooled,sm_efficient,excluded_outside_theorem_regime,20,388,388,388,388,388,388,388,388,388,
dots-5,within,50,pooled,sm_fotakis,ok,20,388,388,388,388,388,388,388,388,388,
dots-5,within,50,pooled,sm_mle,ok,20,388,388,388,388,388,388,388,388,388,
dots-5,within,50,pooled,sm_sharp,excluded_outside_theorem_regime,20,388,388,388,388,388,388,388,388,388,
dots-5,within,70,local,pl,ok,4000,12,14,12,12,14,12,14,12,14,
dots-5,within,70,local,sm_efficient,excluded_outside_theorem_regime,4000,12,14,12,12,14,12,14,12,14,
dots-5,within,70,local,sm_fotakis,ok,4000,12,14,12,12,14,12,14,12,14,
dots-5,within,70,local,sm_mle,ok,4000,12,14,12,12,14,12,14,12,14,
dots-5,within,70,local,sm_sharp,excluded_outside_theorem_regime,4000,12,14,12,12,14,12,14,12,14,
dots-5,within,70,matched_pool,pl,ok,4000,12,14,12,12,14,12,14,12,14,
dots-5,within,70,matched_pool,sm_efficient,excluded_outside_theorem_regime,4000,12,14,12,12,14,12,14,12,14,
dots-5,within,70,matched_pool,sm_fotakis,ok,4000,12,14,12,12,14,12,14,12,14,
dots-5,within,70,matched_pool,sm_mle,ok,4000,12,14,12,12,14,12,14,12,14,
dots-5,within,70,matched_pool,sm_sharp,excluded_outside_theorem_regime,4000,12,14,12,12,14,12,14,12,14,
dots-5,within,70,pooled,pl,ok,100,547,547,547,547,547,547,547,547,547,
dots-5,within,70,pooled,sm_efficient,excluded_outside_theorem_regime,100,547,547,547,547,547,547,547,547,547,
dots-5,within,70,pooled,sm_fotakis,ok,100,547,547,547,547,547,547,547,547,547,
dots-5,within,70,pooled,sm_mle,ok,100,547,547,547,547,547,547,547,547,547,
dots-5,within,70,pooled,sm_sharp,excluded_outside_theorem_regime,100,547,547,547,547,547,547,547,547,547,
dots-5,within,80,local,pl,ok,800,14,16,14,14,16,14,16,14,16,
dots-5,within,80,local,sm_efficient,excluded_outside_theorem_regime,800,14,16,14,14,16,14,16,14,16,
dots-5,within,80,local,sm_fotakis,ok,800,14,16,14,14,16,14,16,14,16,
dots-5,within,80,local,sm_mle,ok,800,14,16,14,14,16,14,16,14,16,
dots-5,within,80,local,sm_sharp,excluded_outside_theorem_regime,800,14,16,14,14,16,14,16,14,16,
dots-5,within,80,matched_pool,pl,ok,800,14,16,14,14,16,14,16,14,16,
dots-5,within,80,matched_pool,sm_efficient,excluded_outside_theorem_regime,800,14,16,14,14,16,14,16,14,16,
dots-5,within,80,matched_pool,sm_fotakis,ok,800,14,16,14,14,16,14,16,14,16,
dots-5,within,80,matched_pool,sm_mle,ok,800,14,16,14,14,16,14,16,14,16,
dots-5,within,80,matched_pool,sm_sharp,excluded_outside_theorem_regime,800,14,16,14,14,16,14,16,14,16,
dots-5,within,80,pooled,pl,ok,20,627,627,627,627,627,627,627,627,627,
dots-5,within,80,pooled,sm_efficient,excluded_outside_theorem_regime,20,627,627,627,627,627,627,627,627,627,
dots-5,within,80,pooled,sm_fotakis,ok,20,627,627,627,627,627,627,627,627,627,
dots-5,within,80,pooled,sm_mle,ok,20,627,627,627,627,627,627,627,627,627,
dots-5,within,80,pooled,sm_sharp,excluded_outside_theorem_regime,20,627,627,627,627,627,627,627,627,627,
dots-7,group_holdout,70,pooled,pl,ok,100,555,565,555,555,565,555,565,555,565,
dots-7,group_holdout,70,pooled,sm_efficient,excluded_outside_theorem_regime,100,555,565,555,555,565,555,565,555,565,
dots-7,group_holdout,70,pooled,sm_fotakis,ok,100,555,565,555,555,565,555,565,555,565,
dots-7,group_holdout,70,pooled,sm_mle,ok,100,555,565,555,555,565,555,565,555,565,
dots-7,group_holdout,70,pooled,sm_sharp,excluded_outside_theorem_regime,100,555,565,555,555,565,555,565,555,565,
dots-7,within,50,local,pl,no_unique_finite_mle,11,9,10,9,9,10,9,10,9,10,
dots-7,within,50,local,pl,ok,789,9,10,9,9,10,9,10,9,10,
dots-7,within,50,local,sm_efficient,excluded_outside_theorem_regime,800,9,10,9,9,10,9,10,9,10,
dots-7,within,50,local,sm_fotakis,ok,800,9,10,9,9,10,9,10,9,10,
dots-7,within,50,local,sm_mle,ok,800,9,10,9,9,10,9,10,9,10,
dots-7,within,50,local,sm_sharp,excluded_outside_theorem_regime,800,9,10,9,9,10,9,10,9,10,
dots-7,within,50,matched_pool,pl,no_unique_finite_mle,2,9,9,9,9,9,9,9,9,9,
dots-7,within,50,matched_pool,pl,ok,798,9,10,9,9,10,9,10,9,10,
dots-7,within,50,matched_pool,sm_efficient,excluded_outside_theorem_regime,800,9,10,9,9,10,9,10,9,10,
dots-7,within,50,matched_pool,sm_fotakis,ok,800,9,10,9,9,10,9,10,9,10,
dots-7,within,50,matched_pool,sm_mle,ok,800,9,10,9,9,10,9,10,9,10,
dots-7,within,50,matched_pool,sm_sharp,excluded_outside_theorem_regime,800,9,10,9,9,10,9,10,9,10,
dots-7,within,50,pooled,pl,ok,20,390,390,390,390,390,390,390,390,390,
dots-7,within,50,pooled,sm_efficient,excluded_outside_theorem_regime,20,390,390,390,390,390,390,390,390,390,
dots-7,within,50,pooled,sm_fotakis,ok,20,390,390,390,390,390,390,390,390,390,
dots-7,within,50,pooled,sm_mle,ok,20,390,390,390,390,390,390,390,390,390,
dots-7,within,50,pooled,sm_sharp,excluded_outside_theorem_regime,20,390,390,390,390,390,390,390,390,390,
dots-7,within,70,local,pl,no_unique_finite_mle,2,14,14,14,14,14,14,14,14,14,
dots-7,within,70,local,pl,ok,3998,12,14,12,12,14,12,14,12,14,
dots-7,within,70,local,sm_efficient,excluded_outside_theorem_regime,4000,12,14,12,12,14,12,14,12,14,
dots-7,within,70,local,sm_fotakis,ok,4000,12,14,12,12,14,12,14,12,14,
dots-7,within,70,local,sm_mle,ok,4000,12,14,12,12,14,12,14,12,14,
dots-7,within,70,local,sm_sharp,excluded_outside_theorem_regime,4000,12,14,12,12,14,12,14,12,14,
dots-7,within,70,matched_pool,pl,ok,4000,12,14,12,12,14,12,14,12,14,
dots-7,within,70,matched_pool,sm_efficient,excluded_outside_theorem_regime,4000,12,14,12,12,14,12,14,12,14,
dots-7,within,70,matched_pool,sm_fotakis,ok,4000,12,14,12,12,14,12,14,12,14,
dots-7,within,70,matched_pool,sm_mle,ok,4000,12,14,12,12,14,12,14,12,14,
dots-7,within,70,matched_pool,sm_sharp,excluded_outside_theorem_regime,4000,12,14,12,12,14,12,14,12,14,
dots-7,within,70,pooled,pl,ok,100,549,549,549,549,549,549,549,549,549,
dots-7,within,70,pooled,sm_efficient,excluded_outside_theorem_regime,100,549,549,549,549,549,549,549,549,549,
dots-7,within,70,pooled,sm_fotakis,ok,100,549,549,549,549,549,549,549,549,549,
dots-7,within,70,pooled,sm_mle,ok,100,549,549,549,549,549,549,549,549,549,
dots-7,within,70,pooled,sm_sharp,excluded_outside_theorem_regime,100,549,549,549,549,549,549,549,549,549,
dots-7,within,80,local,pl,ok,800,14,16,14,14,16,14,16,14,16,
dots-7,within,80,local,sm_efficient,excluded_outside_theorem_regime,800,14,16,14,14,16,14,16,14,16,
dots-7,within,80,local,sm_fotakis,ok,800,14,16,14,14,16,14,16,14,16,
dots-7,within,80,local,sm_mle,ok,800,14,16,14,14,16,14,16,14,16,
dots-7,within,80,local,sm_sharp,excluded_outside_theorem_regime,800,14,16,14,14,16,14,16,14,16,
dots-7,within,80,matched_pool,pl,ok,800,14,16,14,14,16,14,16,14,16,
dots-7,within,80,matched_pool,sm_efficient,excluded_outside_theorem_regime,800,14,16,14,14,16,14,16,14,16,
dots-7,within,80,matched_pool,sm_fotakis,ok,800,14,16,14,14,16,14,16,14,16,
dots-7,within,80,matched_pool,sm_mle,ok,800,14,16,14,14,16,14,16,14,16,
dots-7,within,80,matched_pool,sm_sharp,excluded_outside_theorem_regime,800,14,16,14,14,16,14,16,14,16,
dots-7,within,80,pooled,pl,ok,20,629,629,629,629,629,629,629,629,629,
dots-7,within,80,pooled,sm_efficient,excluded_outside_theorem_regime,20,629,629,629,629,629,629,629,629,629,
dots-7,within,80,pooled,sm_fotakis,ok,20,629,629,629,629,629,629,629,629,629,
dots-7,within,80,pooled,sm_mle,ok,20,629,629,629,629,629,629,629,629,629,
dots-7,within,80,pooled,sm_sharp,excluded_outside_theorem_regime,20,629,629,629,629,629,629,629,629,629,
dots-9,group_holdout,70,pooled,pl,ok,100,550,561,550,550,561,550,561,550,561,
dots-9,group_holdout,70,pooled,sm_efficient,excluded_outside_theorem_regime,100,550,561,550,550,561,550,561,550,561,
dots-9,group_holdout,70,pooled,sm_fotakis,ok,100,550,561,550,550,561,550,561,550,561,
dots-9,group_holdout,70,pooled,sm_mle,ok,100,550,561,550,550,561,550,561,550,561,
dots-9,group_holdout,70,pooled,sm_sharp,excluded_outside_theorem_regime,100,550,561,550,550,561,550,561,550,561,
dots-9,within,50,local,pl,no_unique_finite_mle,4,9,10,9,9,10,9,10,9,10,
dots-9,within,50,local,pl,ok,796,9,10,9,9,10,9,10,9,10,
dots-9,within,50,local,sm_efficient,excluded_outside_theorem_regime,800,9,10,9,9,10,9,10,9,10,
dots-9,within,50,local,sm_fotakis,ok,800,9,10,9,9,10,9,10,9,10,
dots-9,within,50,local,sm_mle,ok,800,9,10,9,9,10,9,10,9,10,
dots-9,within,50,local,sm_sharp,excluded_outside_theorem_regime,800,9,10,9,9,10,9,10,9,10,
dots-9,within,50,matched_pool,pl,no_unique_finite_mle,3,10,10,10,10,10,10,10,10,10,
dots-9,within,50,matched_pool,pl,ok,797,9,10,9,9,10,9,10,9,10,
dots-9,within,50,matched_pool,sm_efficient,excluded_outside_theorem_regime,800,9,10,9,9,10,9,10,9,10,
dots-9,within,50,matched_pool,sm_fotakis,ok,800,9,10,9,9,10,9,10,9,10,
dots-9,within,50,matched_pool,sm_mle,ok,800,9,10,9,9,10,9,10,9,10,
dots-9,within,50,matched_pool,sm_sharp,excluded_outside_theorem_regime,800,9,10,9,9,10,9,10,9,10,
dots-9,within,50,pooled,pl,ok,20,385,385,385,385,385,385,385,385,385,
dots-9,within,50,pooled,sm_efficient,excluded_outside_theorem_regime,20,385,385,385,385,385,385,385,385,385,
dots-9,within,50,pooled,sm_fotakis,ok,20,385,385,385,385,385,385,385,385,385,
dots-9,within,50,pooled,sm_mle,ok,20,385,385,385,385,385,385,385,385,385,
dots-9,within,50,pooled,sm_sharp,excluded_outside_theorem_regime,20,385,385,385,385,385,385,385,385,385,
dots-9,within,70,local,pl,ok,4000,13,14,13,13,14,13,14,13,14,
dots-9,within,70,local,sm_efficient,excluded_outside_theorem_regime,4000,13,14,13,13,14,13,14,13,14,
dots-9,within,70,local,sm_fotakis,ok,4000,13,14,13,13,14,13,14,13,14,
dots-9,within,70,local,sm_mle,ok,4000,13,14,13,13,14,13,14,13,14,
dots-9,within,70,local,sm_sharp,excluded_outside_theorem_regime,4000,13,14,13,13,14,13,14,13,14,
dots-9,within,70,matched_pool,pl,ok,4000,13,14,13,13,14,13,14,13,14,
dots-9,within,70,matched_pool,sm_efficient,excluded_outside_theorem_regime,4000,13,14,13,13,14,13,14,13,14,
dots-9,within,70,matched_pool,sm_fotakis,ok,4000,13,14,13,13,14,13,14,13,14,
dots-9,within,70,matched_pool,sm_mle,ok,4000,13,14,13,13,14,13,14,13,14,
dots-9,within,70,matched_pool,sm_sharp,excluded_outside_theorem_regime,4000,13,14,13,13,14,13,14,13,14,
dots-9,within,70,pooled,pl,ok,100,545,545,545,545,545,545,545,545,545,
dots-9,within,70,pooled,sm_efficient,excluded_outside_theorem_regime,100,545,545,545,545,545,545,545,545,545,
dots-9,within,70,pooled,sm_fotakis,ok,100,545,545,545,545,545,545,545,545,545,
dots-9,within,70,pooled,sm_mle,ok,100,545,545,545,545,545,545,545,545,545,
dots-9,within,70,pooled,sm_sharp,excluded_outside_theorem_regime,100,545,545,545,545,545,545,545,545,545,
dots-9,within,80,local,pl,ok,800,15,16,15,15,16,15,16,15,16,
dots-9,within,80,local,sm_efficient,excluded_outside_theorem_regime,800,15,16,15,15,16,15,16,15,16,
dots-9,within,80,local,sm_fotakis,ok,800,15,16,15,15,16,15,16,15,16,
dots-9,within,80,local,sm_mle,ok,800,15,16,15,15,16,15,16,15,16,
dots-9,within,80,local,sm_sharp,excluded_outside_theorem_regime,800,15,16,15,15,16,15,16,15,16,
dots-9,within,80,matched_pool,pl,ok,800,15,16,15,15,16,15,16,15,16,
dots-9,within,80,matched_pool,sm_efficient,excluded_outside_theorem_regime,800,15,16,15,15,16,15,16,15,16,
dots-9,within,80,matched_pool,sm_fotakis,ok,800,15,16,15,15,16,15,16,15,16,
dots-9,within,80,matched_pool,sm_mle,ok,800,15,16,15,15,16,15,16,15,16,
dots-9,within,80,matched_pool,sm_sharp,excluded_outside_theorem_regime,800,15,16,15,15,16,15,16,15,16,
dots-9,within,80,pooled,pl,ok,20,625,625,625,625,625,625,625,625,625,
dots-9,within,80,pooled,sm_efficient,excluded_outside_theorem_regime,20,625,625,625,625,625,625,625,625,625,
dots-9,within,80,pooled,sm_fotakis,ok,20,625,625,625,625,625,625,625,625,625,
dots-9,within,80,pooled,sm_mle,ok,20,625,625,625,625,625,625,625,625,625,
dots-9,within,80,pooled,sm_sharp,excluded_outside_theorem_regime,20,625,625,625,625,625,625,625,625,625,
puzzle-11,group_holdout,70,pooled,pl,ok,100,548,561,548,548,561,548,561,548,561,
puzzle-11,group_holdout,70,pooled,sm_efficient,excluded_outside_theorem_regime,100,548,561,548,548,561,548,561,548,561,
puzzle-11,group_holdout,70,pooled,sm_fotakis,ok,100,548,561,548,548,561,548,561,548,561,
puzzle-11,group_holdout,70,pooled,sm_mle,ok,100,548,561,548,548,561,548,561,548,561,
puzzle-11,group_holdout,70,pooled,sm_sharp,excluded_outside_theorem_regime,100,548,561,548,548,561,548,561,548,561,
puzzle-11,within,50,local,pl,no_unique_finite_mle,1,10,10,10,10,10,10,10,10,10,
puzzle-11,within,50,local,pl,ok,799,9,10,9,9,10,9,10,9,10,
puzzle-11,within,50,local,sm_efficient,excluded_outside_theorem_regime,800,9,10,9,9,10,9,10,9,10,
puzzle-11,within,50,local,sm_fotakis,ok,800,9,10,9,9,10,9,10,9,10,
puzzle-11,within,50,local,sm_mle,ok,800,9,10,9,9,10,9,10,9,10,
puzzle-11,within,50,local,sm_sharp,excluded_outside_theorem_regime,800,9,10,9,9,10,9,10,9,10,
puzzle-11,within,50,matched_pool,pl,ok,800,9,10,9,9,10,9,10,9,10,
puzzle-11,within,50,matched_pool,sm_efficient,excluded_outside_theorem_regime,800,9,10,9,9,10,9,10,9,10,
puzzle-11,within,50,matched_pool,sm_fotakis,ok,800,9,10,9,9,10,9,10,9,10,
puzzle-11,within,50,matched_pool,sm_mle,ok,800,9,10,9,9,10,9,10,9,10,
puzzle-11,within,50,matched_pool,sm_sharp,excluded_outside_theorem_regime,800,9,10,9,9,10,9,10,9,10,
puzzle-11,within,50,pooled,pl,ok,20,387,387,387,387,387,387,387,387,387,
puzzle-11,within,50,pooled,sm_efficient,excluded_outside_theorem_regime,20,387,387,387,387,387,387,387,387,387,
puzzle-11,within,50,pooled,sm_fotakis,ok,20,387,387,387,387,387,387,387,387,387,
puzzle-11,within,50,pooled,sm_mle,ok,20,387,387,387,387,387,387,387,387,387,
puzzle-11,within,50,pooled,sm_sharp,excluded_outside_theorem_regime,20,387,387,387,387,387,387,387,387,387,
puzzle-11,within,70,local,pl,ok,4000,12,14,12,12,14,12,14,12,14,
puzzle-11,within,70,local,sm_efficient,excluded_outside_theorem_regime,4000,12,14,12,12,14,12,14,12,14,
puzzle-11,within,70,local,sm_fotakis,ok,4000,12,14,12,12,14,12,14,12,14,
puzzle-11,within,70,local,sm_mle,ok,4000,12,14,12,12,14,12,14,12,14,
puzzle-11,within,70,local,sm_sharp,excluded_outside_theorem_regime,4000,12,14,12,12,14,12,14,12,14,
puzzle-11,within,70,matched_pool,pl,ok,4000,12,14,12,12,14,12,14,12,14,
puzzle-11,within,70,matched_pool,sm_efficient,excluded_outside_theorem_regime,4000,12,14,12,12,14,12,14,12,14,
puzzle-11,within,70,matched_pool,sm_fotakis,ok,4000,12,14,12,12,14,12,14,12,14,
puzzle-11,within,70,matched_pool,sm_mle,ok,4000,12,14,12,12,14,12,14,12,14,
puzzle-11,within,70,matched_pool,sm_sharp,excluded_outside_theorem_regime,4000,12,14,12,12,14,12,14,12,14,
puzzle-11,within,70,pooled,pl,ok,100,544,544,544,544,544,544,544,544,544,
puzzle-11,within,70,pooled,sm_efficient,excluded_outside_theorem_regime,100,544,544,544,544,544,544,544,544,544,
puzzle-11,within,70,pooled,sm_fotakis,ok,100,544,544,544,544,544,544,544,544,544,
puzzle-11,within,70,pooled,sm_mle,ok,100,544,544,544,544,544,544,544,544,544,
puzzle-11,within,70,pooled,sm_sharp,excluded_outside_theorem_regime,100,544,544,544,544,544,544,544,544,544,
puzzle-11,within,80,local,pl,ok,800,14,16,14,14,16,14,16,14,16,
puzzle-11,within,80,local,sm_efficient,excluded_outside_theorem_regime,800,14,16,14,14,16,14,16,14,16,
puzzle-11,within,80,local,sm_fotakis,ok,800,14,16,14,14,16,14,16,14,16,
puzzle-11,within,80,local,sm_mle,ok,800,14,16,14,14,16,14,16,14,16,
puzzle-11,within,80,local,sm_sharp,excluded_outside_theorem_regime,800,14,16,14,14,16,14,16,14,16,
puzzle-11,within,80,matched_pool,pl,ok,800,14,16,14,14,16,14,16,14,16,
puzzle-11,within,80,matched_pool,sm_efficient,excluded_outside_theorem_regime,800,14,16,14,14,16,14,16,14,16,
puzzle-11,within,80,matched_pool,sm_fotakis,ok,800,14,16,14,14,16,14,16,14,16,
puzzle-11,within,80,matched_pool,sm_mle,ok,800,14,16,14,14,16,14,16,14,16,
puzzle-11,within,80,matched_pool,sm_sharp,excluded_outside_theorem_regime,800,14,16,14,14,16,14,16,14,16,
puzzle-11,within,80,pooled,pl,ok,20,624,624,624,624,624,624,624,624,624,
puzzle-11,within,80,pooled,sm_efficient,excluded_outside_theorem_regime,20,624,624,624,624,624,624,624,624,624,
puzzle-11,within,80,pooled,sm_fotakis,ok,20,624,624,624,624,624,624,624,624,624,
puzzle-11,within,80,pooled,sm_mle,ok,20,624,624,624,624,624,624,624,624,624,
puzzle-11,within,80,pooled,sm_sharp,excluded_outside_theorem_regime,20,624,624,624,624,624,624,624,624,624,
puzzle-5,group_holdout,70,pooled,pl,ok,100,549,566,549,549,566,549,566,549,566,
puzzle-5,group_holdout,70,pooled,sm_efficient,excluded_outside_theorem_regime,100,549,566,549,549,566,549,566,549,566,
puzzle-5,group_holdout,70,pooled,sm_fotakis,ok,100,549,566,549,549,566,549,566,549,566,
puzzle-5,group_holdout,70,pooled,sm_mle,ok,100,549,566,549,549,566,549,566,549,566,
puzzle-5,group_holdout,70,pooled,sm_sharp,excluded_outside_theorem_regime,100,549,566,549,549,566,549,566,549,566,
puzzle-5,within,50,local,pl,no_unique_finite_mle,43,8,10,8,8,10,8,10,8,10,
puzzle-5,within,50,local,pl,ok,757,8,10,8,8,10,8,10,8,10,
puzzle-5,within,50,local,sm_efficient,excluded_outside_theorem_regime,800,8,10,8,8,10,8,10,8,10,
puzzle-5,within,50,local,sm_fotakis,ok,800,8,10,8,8,10,8,10,8,10,
puzzle-5,within,50,local,sm_mle,ok,800,8,10,8,8,10,8,10,8,10,
puzzle-5,within,50,local,sm_sharp,excluded_outside_theorem_regime,800,8,10,8,8,10,8,10,8,10,
puzzle-5,within,50,matched_pool,pl,no_unique_finite_mle,6,8,10,8,8,10,8,10,8,10,
puzzle-5,within,50,matched_pool,pl,ok,794,8,10,8,8,10,8,10,8,10,
puzzle-5,within,50,matched_pool,sm_efficient,excluded_outside_theorem_regime,800,8,10,8,8,10,8,10,8,10,
puzzle-5,within,50,matched_pool,sm_fotakis,ok,800,8,10,8,8,10,8,10,8,10,
puzzle-5,within,50,matched_pool,sm_mle,ok,800,8,10,8,8,10,8,10,8,10,
puzzle-5,within,50,matched_pool,sm_sharp,excluded_outside_theorem_regime,800,8,10,8,8,10,8,10,8,10,
puzzle-5,within,50,pooled,pl,ok,20,387,387,387,387,387,387,387,387,387,
puzzle-5,within,50,pooled,sm_efficient,excluded_outside_theorem_regime,20,387,387,387,387,387,387,387,387,387,
puzzle-5,within,50,pooled,sm_fotakis,ok,20,387,387,387,387,387,387,387,387,387,
puzzle-5,within,50,pooled,sm_mle,ok,20,387,387,387,387,387,387,387,387,387,
puzzle-5,within,50,pooled,sm_sharp,excluded_outside_theorem_regime,20,387,387,387,387,387,387,387,387,387,
puzzle-5,within,70,local,pl,no_unique_finite_mle,21,11,14,11,11,14,11,14,11,14,
puzzle-5,within,70,local,pl,ok,3979,11,14,11,11,14,11,14,11,14,
puzzle-5,within,70,local,sm_efficient,excluded_outside_theorem_regime,4000,11,14,11,11,14,11,14,11,14,
puzzle-5,within,70,local,sm_fotakis,ok,4000,11,14,11,11,14,11,14,11,14,
puzzle-5,within,70,local,sm_mle,ok,4000,11,14,11,11,14,11,14,11,14,
puzzle-5,within,70,local,sm_sharp,excluded_outside_theorem_regime,4000,11,14,11,11,14,11,14,11,14,
puzzle-5,within,70,matched_pool,pl,no_unique_finite_mle,2,11,14,11,11,14,11,14,11,14,
puzzle-5,within,70,matched_pool,pl,ok,3998,11,14,11,11,14,11,14,11,14,
puzzle-5,within,70,matched_pool,sm_efficient,excluded_outside_theorem_regime,4000,11,14,11,11,14,11,14,11,14,
puzzle-5,within,70,matched_pool,sm_fotakis,ok,4000,11,14,11,11,14,11,14,11,14,
puzzle-5,within,70,matched_pool,sm_mle,ok,4000,11,14,11,11,14,11,14,11,14,
puzzle-5,within,70,matched_pool,sm_sharp,excluded_outside_theorem_regime,4000,11,14,11,11,14,11,14,11,14,
puzzle-5,within,70,pooled,pl,ok,100,542,542,542,542,542,542,542,542,542,
puzzle-5,within,70,pooled,sm_efficient,excluded_outside_theorem_regime,100,542,542,542,542,542,542,542,542,542,
puzzle-5,within,70,pooled,sm_fotakis,ok,100,542,542,542,542,542,542,542,542,542,
puzzle-5,within,70,pooled,sm_mle,ok,100,542,542,542,542,542,542,542,542,542,
puzzle-5,within,70,pooled,sm_sharp,excluded_outside_theorem_regime,100,542,542,542,542,542,542,542,542,542,
puzzle-5,within,80,local,pl,ok,800,13,16,13,13,16,13,16,13,16,
puzzle-5,within,80,local,sm_efficient,excluded_outside_theorem_regime,800,13,16,13,13,16,13,16,13,16,
puzzle-5,within,80,local,sm_fotakis,ok,800,13,16,13,13,16,13,16,13,16,
puzzle-5,within,80,local,sm_mle,ok,800,13,16,13,13,16,13,16,13,16,
puzzle-5,within,80,local,sm_sharp,excluded_outside_theorem_regime,800,13,16,13,13,16,13,16,13,16,
puzzle-5,within,80,matched_pool,pl,ok,800,13,16,13,13,16,13,16,13,16,
puzzle-5,within,80,matched_pool,sm_efficient,excluded_outside_theorem_regime,800,13,16,13,13,16,13,16,13,16,
puzzle-5,within,80,matched_pool,sm_fotakis,ok,800,13,16,13,13,16,13,16,13,16,
puzzle-5,within,80,matched_pool,sm_mle,ok,800,13,16,13,13,16,13,16,13,16,
puzzle-5,within,80,matched_pool,sm_sharp,excluded_outside_theorem_regime,800,13,16,13,13,16,13,16,13,16,
puzzle-5,within,80,pooled,pl,ok,20,622,622,622,622,622,622,622,622,622,
puzzle-5,within,80,pooled,sm_efficient,excluded_outside_theorem_regime,20,622,622,622,622,622,622,622,622,622,
puzzle-5,within,80,pooled,sm_fotakis,ok,20,622,622,622,622,622,622,622,622,622,
puzzle-5,within,80,pooled,sm_mle,ok,20,622,622,622,622,622,622,622,622,622,
puzzle-5,within,80,pooled,sm_sharp,excluded_outside_theorem_regime,20,622,622,622,622,622,622,622,622,622,
puzzle-7,group_holdout,70,pooled,pl,ok,100,550,563,550,550,563,550,563,550,563,
puzzle-7,group_holdout,70,pooled,sm_efficient,excluded_outside_theorem_regime,100,550,563,550,550,563,550,563,550,563,
puzzle-7,group_holdout,70,pooled,sm_fotakis,ok,100,550,563,550,550,563,550,563,550,563,
puzzle-7,group_holdout,70,pooled,sm_mle,ok,100,550,563,550,550,563,550,563,550,563,
puzzle-7,group_holdout,70,pooled,sm_sharp,excluded_outside_theorem_regime,100,550,563,550,550,563,550,563,550,563,
puzzle-7,within,50,local,pl,no_unique_finite_mle,20,9,10,9,9,10,9,10,9,10,
puzzle-7,within,50,local,pl,ok,780,9,10,9,9,10,9,10,9,10,
puzzle-7,within,50,local,sm_efficient,excluded_outside_theorem_regime,800,9,10,9,9,10,9,10,9,10,
puzzle-7,within,50,local,sm_fotakis,ok,800,9,10,9,9,10,9,10,9,10,
puzzle-7,within,50,local,sm_mle,ok,800,9,10,9,9,10,9,10,9,10,
puzzle-7,within,50,local,sm_sharp,excluded_outside_theorem_regime,800,9,10,9,9,10,9,10,9,10,
puzzle-7,within,50,matched_pool,pl,no_unique_finite_mle,4,9,10,9,9,10,9,10,9,10,
puzzle-7,within,50,matched_pool,pl,ok,796,9,10,9,9,10,9,10,9,10,
puzzle-7,within,50,matched_pool,sm_efficient,excluded_outside_theorem_regime,800,9,10,9,9,10,9,10,9,10,
puzzle-7,within,50,matched_pool,sm_fotakis,ok,800,9,10,9,9,10,9,10,9,10,
puzzle-7,within,50,matched_pool,sm_mle,ok,800,9,10,9,9,10,9,10,9,10,
puzzle-7,within,50,matched_pool,sm_sharp,excluded_outside_theorem_regime,800,9,10,9,9,10,9,10,9,10,
puzzle-7,within,50,pooled,pl,ok,20,387,387,387,387,387,387,387,387,387,
puzzle-7,within,50,pooled,sm_efficient,excluded_outside_theorem_regime,20,387,387,387,387,387,387,387,387,387,
puzzle-7,within,50,pooled,sm_fotakis,ok,20,387,387,387,387,387,387,387,387,387,
puzzle-7,within,50,pooled,sm_mle,ok,20,387,387,387,387,387,387,387,387,387,
puzzle-7,within,50,pooled,sm_sharp,excluded_outside_theorem_regime,20,387,387,387,387,387,387,387,387,387,
puzzle-7,within,70,local,pl,no_unique_finite_mle,24,12,14,12,12,14,12,14,12,14,
puzzle-7,within,70,local,pl,ok,3976,12,14,12,12,14,12,14,12,14,
puzzle-7,within,70,local,sm_efficient,excluded_outside_theorem_regime,4000,12,14,12,12,14,12,14,12,14,
puzzle-7,within,70,local,sm_fotakis,ok,4000,12,14,12,12,14,12,14,12,14,
puzzle-7,within,70,local,sm_mle,ok,4000,12,14,12,12,14,12,14,12,14,
puzzle-7,within,70,local,sm_sharp,excluded_outside_theorem_regime,4000,12,14,12,12,14,12,14,12,14,
puzzle-7,within,70,matched_pool,pl,no_unique_finite_mle,1,13,13,13,13,13,13,13,13,13,
puzzle-7,within,70,matched_pool,pl,ok,3999,12,14,12,12,14,12,14,12,14,
puzzle-7,within,70,matched_pool,sm_efficient,excluded_outside_theorem_regime,4000,12,14,12,12,14,12,14,12,14,
puzzle-7,within,70,matched_pool,sm_fotakis,ok,4000,12,14,12,12,14,12,14,12,14,
puzzle-7,within,70,matched_pool,sm_mle,ok,4000,12,14,12,12,14,12,14,12,14,
puzzle-7,within,70,matched_pool,sm_sharp,excluded_outside_theorem_regime,4000,12,14,12,12,14,12,14,12,14,
puzzle-7,within,70,pooled,pl,ok,100,542,542,542,542,542,542,542,542,542,
puzzle-7,within,70,pooled,sm_efficient,excluded_outside_theorem_regime,100,542,542,542,542,542,542,542,542,542,
puzzle-7,within,70,pooled,sm_fotakis,ok,100,542,542,542,542,542,542,542,542,542,
puzzle-7,within,70,pooled,sm_mle,ok,100,542,542,542,542,542,542,542,542,542,
puzzle-7,within,70,pooled,sm_sharp,excluded_outside_theorem_regime,100,542,542,542,542,542,542,542,542,542,
puzzle-7,within,80,local,pl,no_unique_finite_mle,1,14,14,14,14,14,14,14,14,14,
puzzle-7,within,80,local,pl,ok,799,14,16,14,14,16,14,16,14,16,
puzzle-7,within,80,local,sm_efficient,excluded_outside_theorem_regime,800,14,16,14,14,16,14,16,14,16,
puzzle-7,within,80,local,sm_fotakis,ok,800,14,16,14,14,16,14,16,14,16,
puzzle-7,within,80,local,sm_mle,ok,800,14,16,14,14,16,14,16,14,16,
puzzle-7,within,80,local,sm_sharp,excluded_outside_theorem_regime,800,14,16,14,14,16,14,16,14,16,
puzzle-7,within,80,matched_pool,pl,ok,800,14,16,14,14,16,14,16,14,16,
puzzle-7,within,80,matched_pool,sm_efficient,excluded_outside_theorem_regime,800,14,16,14,14,16,14,16,14,16,
puzzle-7,within,80,matched_pool,sm_fotakis,ok,800,14,16,14,14,16,14,16,14,16,
puzzle-7,within,80,matched_pool,sm_mle,ok,800,14,16,14,14,16,14,16,14,16,
puzzle-7,within,80,matched_pool,sm_sharp,excluded_outside_theorem_regime,800,14,16,14,14,16,14,16,14,16,
puzzle-7,within,80,pooled,pl,ok,20,622,622,622,622,622,622,622,622,622,
puzzle-7,within,80,pooled,sm_efficient,excluded_outside_theorem_regime,20,622,622,622,622,622,622,622,622,622,
puzzle-7,within,80,pooled,sm_fotakis,ok,20,622,622,622,622,622,622,622,622,622,
puzzle-7,within,80,pooled,sm_mle,ok,20,622,622,622,622,622,622,622,622,622,
puzzle-7,within,80,pooled,sm_sharp,excluded_outside_theorem_regime,20,622,622,622,622,622,622,622,622,622,
puzzle-9,group_holdout,70,pooled,pl,ok,100,553,563,553,553,563,553,563,553,563,
puzzle-9,group_holdout,70,pooled,sm_efficient,excluded_outside_theorem_regime,100,553,563,553,553,563,553,563,553,563,
puzzle-9,group_holdout,70,pooled,sm_fotakis,ok,100,553,563,553,553,563,553,563,553,563,
puzzle-9,group_holdout,70,pooled,sm_mle,ok,100,553,563,553,553,563,553,563,553,563,
puzzle-9,group_holdout,70,pooled,sm_sharp,excluded_outside_theorem_regime,100,553,563,553,553,563,553,563,553,563,
puzzle-9,within,50,local,pl,no_unique_finite_mle,15,9,10,9,9,10,9,10,9,10,
puzzle-9,within,50,local,pl,ok,785,9,11,9,9,11,9,11,9,11,
puzzle-9,within,50,local,sm_efficient,excluded_outside_theorem_regime,800,9,11,9,9,11,9,11,9,11,
puzzle-9,within,50,local,sm_fotakis,ok,800,9,11,9,9,11,9,11,9,11,
puzzle-9,within,50,local,sm_mle,ok,800,9,11,9,9,11,9,11,9,11,
puzzle-9,within,50,local,sm_sharp,excluded_outside_theorem_regime,800,9,11,9,9,11,9,11,9,11,
puzzle-9,within,50,matched_pool,pl,ok,800,9,11,9,9,11,9,11,9,11,
puzzle-9,within,50,matched_pool,sm_efficient,excluded_outside_theorem_regime,800,9,11,9,9,11,9,11,9,11,
puzzle-9,within,50,matched_pool,sm_fotakis,ok,800,9,11,9,9,11,9,11,9,11,
puzzle-9,within,50,matched_pool,sm_mle,ok,800,9,11,9,9,11,9,11,9,11,
puzzle-9,within,50,matched_pool,sm_sharp,excluded_outside_theorem_regime,800,9,11,9,9,11,9,11,9,11,
puzzle-9,within,50,pooled,pl,ok,20,390,390,390,390,390,390,390,390,390,
puzzle-9,within,50,pooled,sm_efficient,excluded_outside_theorem_regime,20,390,390,390,390,390,390,390,390,390,
puzzle-9,within,50,pooled,sm_fotakis,ok,20,390,390,390,390,390,390,390,390,390,
puzzle-9,within,50,pooled,sm_mle,ok,20,390,390,390,390,390,390,390,390,390,
puzzle-9,within,50,pooled,sm_sharp,excluded_outside_theorem_regime,20,390,390,390,390,390,390,390,390,390,
puzzle-9,within,70,local,pl,no_unique_finite_mle,13,12,14,12,12,14,12,14,12,14,
puzzle-9,within,70,local,pl,ok,3987,12,15,12,12,15,12,15,12,15,
puzzle-9,within,70,local,sm_efficient,excluded_outside_theorem_regime,4000,12,15,12,12,15,12,15,12,15,
puzzle-9,within,70,local,sm_fotakis,ok,4000,12,15,12,12,15,12,15,12,15,
puzzle-9,within,70,local,sm_mle,ok,4000,12,15,12,12,15,12,15,12,15,
puzzle-9,within,70,local,sm_sharp,excluded_outside_theorem_regime,4000,12,15,12,12,15,12,15,12,15,
puzzle-9,within,70,matched_pool,pl,ok,4000,12,15,12,12,15,12,15,12,15,
puzzle-9,within,70,matched_pool,sm_efficient,excluded_outside_theorem_regime,4000,12,15,12,12,15,12,15,12,15,
puzzle-9,within,70,matched_pool,sm_fotakis,ok,4000,12,15,12,12,15,12,15,12,15,
puzzle-9,within,70,matched_pool,sm_mle,ok,4000,12,15,12,12,15,12,15,12,15,
puzzle-9,within,70,matched_pool,sm_sharp,excluded_outside_theorem_regime,4000,12,15,12,12,15,12,15,12,15,
puzzle-9,within,70,pooled,pl,ok,100,548,548,548,548,548,548,548,548,548,
puzzle-9,within,70,pooled,sm_efficient,excluded_outside_theorem_regime,100,548,548,548,548,548,548,548,548,548,
puzzle-9,within,70,pooled,sm_fotakis,ok,100,548,548,548,548,548,548,548,548,548,
puzzle-9,within,70,pooled,sm_mle,ok,100,548,548,548,548,548,548,548,548,548,
puzzle-9,within,70,pooled,sm_sharp,excluded_outside_theorem_regime,100,548,548,548,548,548,548,548,548,548,
puzzle-9,within,80,local,pl,no_unique_finite_mle,1,16,16,16,16,16,16,16,16,16,
puzzle-9,within,80,local,pl,ok,799,14,17,14,14,17,14,17,14,17,
puzzle-9,within,80,local,sm_efficient,excluded_outside_theorem_regime,800,14,17,14,14,17,14,17,14,17,
puzzle-9,within,80,local,sm_fotakis,ok,800,14,17,14,14,17,14,17,14,17,
puzzle-9,within,80,local,sm_mle,ok,800,14,17,14,14,17,14,17,14,17,
puzzle-9,within,80,local,sm_sharp,excluded_outside_theorem_regime,800,14,17,14,14,17,14,17,14,17,
puzzle-9,within,80,matched_pool,pl,ok,800,14,17,14,14,17,14,17,14,17,
puzzle-9,within,80,matched_pool,sm_efficient,excluded_outside_theorem_regime,800,14,17,14,14,17,14,17,14,17,
puzzle-9,within,80,matched_pool,sm_fotakis,ok,800,14,17,14,14,17,14,17,14,17,
puzzle-9,within,80,matched_pool,sm_mle,ok,800,14,17,14,14,17,14,17,14,17,
puzzle-9,within,80,matched_pool,sm_sharp,excluded_outside_theorem_regime,800,14,17,14,14,17,14,17,14,17,
puzzle-9,within,80,pooled,pl,ok,20,628,628,628,628,628,628,628,628,628,
puzzle-9,within,80,pooled,sm_efficient,excluded_outside_theorem_regime,20,628,628,628,628,628,628,628,628,628,
puzzle-9,within,80,pooled,sm_fotakis,ok,20,628,628,628,628,628,628,628,628,628,
puzzle-9,within,80,pooled,sm_mle,ok,20,628,628,628,628,628,628,628,628,628,
puzzle-9,within,80,pooled,sm_sharp,excluded_outside_theorem_regime,20,628,628,628,628,628,628,628,628,628,
sounds,group_holdout,70,pooled,pl,ok,100,960,960,132,5,10,14.5454545455,14.5454545455,160,160,
sounds,group_holdout,70,pooled,sm_efficient,excluded_outside_theorem_regime,100,960,960,132,5,10,14.5454545455,14.5454545455,160,160,
sounds,group_holdout,70,pooled,sm_fotakis,ok,100,960,960,132,5,10,14.5454545455,14.5454545455,160,160,
sounds,group_holdout,70,pooled,sm_mle,ok,100,960,960,132,5,10,14.5454545455,14.5454545455,160,160,
sounds,group_holdout,70,pooled,sm_sharp,excluded_outside_theorem_regime,100,960,960,132,5,10,14.5454545455,14.5454545455,160,160,
sounds,within,50,local,pl,no_unique_finite_mle,920,15,15,0,0,0,0.227272727273,0.227272727273,2.5,2.5,
sounds,within,50,local,sm_efficient,ok,531,15,15,1,0,0,0.227272727273,0.227272727273,2.5,2.5,0
sounds,within,50,local,sm_efficient,unseen_catalog_items,389,15,15,0,0,0,0.227272727273,0.227272727273,2.5,2.5,
sounds,within,50,local,sm_fotakis,not_p_frequent,531,15,15,1,0,0,0.227272727273,0.227272727273,2.5,2.5,
sounds,within,50,local,sm_fotakis,unseen_catalog_items,389,15,15,0,0,0,0.227272727273,0.227272727273,2.5,2.5,
sounds,within,50,local,sm_mle,ok,531,15,15,1,0,0,0.227272727273,0.227272727273,2.5,2.5,
sounds,within,50,local,sm_mle,unseen_catalog_items,389,15,15,0,0,0,0.227272727273,0.227272727273,2.5,2.5,
sounds,within,50,local,sm_sharp,exact_sieve_unavailable,531,15,15,1,0,0,0.227272727273,0.227272727273,2.5,2.5,
sounds,within,50,local,sm_sharp,unseen_catalog_items,389,15,15,0,0,0,0.227272727273,0.227272727273,2.5,2.5,
sounds,within,50,matched_pool,pl,no_unique_finite_mle,920,15,15,0,0,0,0.227272727273,0.227272727273,2.5,2.5,
sounds,within,50,matched_pool,sm_efficient,ok,373,15,15,1,0,0,0.227272727273,0.227272727273,2.5,2.5,0
sounds,within,50,matched_pool,sm_efficient,unseen_catalog_items,547,15,15,0,0,0,0.227272727273,0.227272727273,2.5,2.5,
sounds,within,50,matched_pool,sm_fotakis,not_p_frequent,373,15,15,1,0,0,0.227272727273,0.227272727273,2.5,2.5,
sounds,within,50,matched_pool,sm_fotakis,unseen_catalog_items,547,15,15,0,0,0,0.227272727273,0.227272727273,2.5,2.5,
sounds,within,50,matched_pool,sm_mle,ok,373,15,15,1,0,0,0.227272727273,0.227272727273,2.5,2.5,
sounds,within,50,matched_pool,sm_mle,unseen_catalog_items,547,15,15,0,0,0,0.227272727273,0.227272727273,2.5,2.5,
sounds,within,50,matched_pool,sm_sharp,exact_sieve_unavailable,373,15,15,1,0,0,0.227272727273,0.227272727273,2.5,2.5,
sounds,within,50,matched_pool,sm_sharp,unseen_catalog_items,547,15,15,0,0,0,0.227272727273,0.227272727273,2.5,2.5,
sounds,within,50,pooled,pl,ok,20,690,690,85,2,6,10.4545454545,10.4545454545,115,115,
sounds,within,50,pooled,sm_efficient,excluded_outside_theorem_regime,20,690,690,85,2,6,10.4545454545,10.4545454545,115,115,
sounds,within,50,pooled,sm_fotakis,ok,20,690,690,85,2,6,10.4545454545,10.4545454545,115,115,
sounds,within,50,pooled,sm_mle,ok,20,690,690,85,2,6,10.4545454545,10.4545454545,115,115,
sounds,within,50,pooled,sm_sharp,excluded_outside_theorem_regime,20,690,690,85,2,6,10.4545454545,10.4545454545,115,115,
sounds,within,70,local,pl,no_unique_finite_mle,4572,21,21,0,0,0,0.318181818182,0.318181818182,3.5,3.5,
sounds,within,70,local,pl,ok,28,21,21,2,0,0,0.318181818182,0.318181818182,3.5,3.5,
sounds,within,70,local,sm_efficient,ok,4146,21,21,1,0,0,0.318181818182,0.318181818182,3.5,3.5,0
sounds,within,70,local,sm_efficient,unseen_catalog_items,454,21,21,0,0,0,0.318181818182,0.318181818182,3.5,3.5,
sounds,within,70,local,sm_fotakis,not_p_frequent,4146,21,21,1,0,0,0.318181818182,0.318181818182,3.5,3.5,
sounds,within,70,local,sm_fotakis,unseen_catalog_items,454,21,21,0,0,0,0.318181818182,0.318181818182,3.5,3.5,
sounds,within,70,local,sm_mle,ok,4146,21,21,1,0,0,0.318181818182,0.318181818182,3.5,3.5,
sounds,within,70,local,sm_mle,unseen_catalog_items,454,21,21,0,0,0,0.318181818182,0.318181818182,3.5,3.5,
sounds,within,70,local,sm_sharp,exact_sieve_unavailable,4146,21,21,1,0,0,0.318181818182,0.318181818182,3.5,3.5,
sounds,within,70,local,sm_sharp,unseen_catalog_items,454,21,21,0,0,0,0.318181818182,0.318181818182,3.5,3.5,
sounds,within,70,matched_pool,pl,no_unique_finite_mle,4591,21,21,0,0,0,0.318181818182,0.318181818182,3.5,3.5,
sounds,within,70,matched_pool,pl,ok,9,21,21,2,0,0,0.318181818182,0.318181818182,3.5,3.5,
sounds,within,70,matched_pool,sm_efficient,ok,3513,21,21,1,0,0,0.318181818182,0.318181818182,3.5,3.5,0
sounds,within,70,matched_pool,sm_efficient,unseen_catalog_items,1087,21,21,0,0,0,0.318181818182,0.318181818182,3.5,3.5,
sounds,within,70,matched_pool,sm_fotakis,not_p_frequent,3513,21,21,1,0,0,0.318181818182,0.318181818182,3.5,3.5,
sounds,within,70,matched_pool,sm_fotakis,unseen_catalog_items,1087,21,21,0,0,0,0.318181818182,0.318181818182,3.5,3.5,
sounds,within,70,matched_pool,sm_mle,ok,3513,21,21,1,0,0,0.318181818182,0.318181818182,3.5,3.5,
sounds,within,70,matched_pool,sm_mle,unseen_catalog_items,1087,21,21,0,0,0,0.318181818182,0.318181818182,3.5,3.5,
sounds,within,70,matched_pool,sm_sharp,exact_sieve_unavailable,3513,21,21,1,0,0,0.318181818182,0.318181818182,3.5,3.5,
sounds,within,70,matched_pool,sm_sharp,unseen_catalog_items,1087,21,21,0,0,0,0.318181818182,0.318181818182,3.5,3.5,
sounds,within,70,pooled,pl,ok,100,966,966,129,5,9,14.6363636364,14.6363636364,161,161,
sounds,within,70,pooled,sm_efficient,excluded_outside_theorem_regime,100,966,966,129,5,9,14.6363636364,14.6363636364,161,161,
sounds,within,70,pooled,sm_fotakis,ok,100,966,966,129,5,9,14.6363636364,14.6363636364,161,161,
sounds,within,70,pooled,sm_mle,ok,100,966,966,129,5,9,14.6363636364,14.6363636364,161,161,
sounds,within,70,pooled,sm_sharp,excluded_outside_theorem_regime,100,966,966,129,5,9,14.6363636364,14.6363636364,161,161,
sounds,within,80,local,pl,no_unique_finite_mle,897,24,24,0,0,0,0.363636363636,0.363636363636,4,4,
sounds,within,80,local,pl,ok,23,24,24,2,0,0,0.363636363636,0.363636363636,4,4,
sounds,within,80,local,sm_efficient,ok,889,24,24,1,0,0,0.363636363636,0.363636363636,4,4,0
sounds,within,80,local,sm_efficient,unseen_catalog_items,31,24,24,0,0,0,0.363636363636,0.363636363636,4,4,
sounds,within,80,local,sm_fotakis,not_p_frequent,889,24,24,1,0,0,0.363636363636,0.363636363636,4,4,
sounds,within,80,local,sm_fotakis,unseen_catalog_items,31,24,24,0,0,0,0.363636363636,0.363636363636,4,4,
sounds,within,80,local,sm_mle,ok,889,24,24,1,0,0,0.363636363636,0.363636363636,4,4,
sounds,within,80,local,sm_mle,unseen_catalog_items,31,24,24,0,0,0,0.363636363636,0.363636363636,4,4,
sounds,within,80,local,sm_sharp,exact_sieve_unavailable,889,24,24,1,0,0,0.363636363636,0.363636363636,4,4,
sounds,within,80,local,sm_sharp,unseen_catalog_items,31,24,24,0,0,0,0.363636363636,0.363636363636,4,4,
sounds,within,80,matched_pool,pl,no_unique_finite_mle,915,24,24,0,0,0,0.363636363636,0.363636363636,4,4,
sounds,within,80,matched_pool,pl,ok,5,24,24,2,0,0,0.363636363636,0.363636363636,4,4,
sounds,within,80,matched_pool,sm_efficient,ok,795,24,24,1,0,0,0.363636363636,0.363636363636,4,4,0
sounds,within,80,matched_pool,sm_efficient,unseen_catalog_items,125,24,24,0,0,0,0.363636363636,0.363636363636,4,4,
sounds,within,80,matched_pool,sm_fotakis,not_p_frequent,795,24,24,1,0,0,0.363636363636,0.363636363636,4,4,
sounds,within,80,matched_pool,sm_fotakis,unseen_catalog_items,125,24,24,0,0,0,0.363636363636,0.363636363636,4,4,
sounds,within,80,matched_pool,sm_mle,ok,795,24,24,1,0,0,0.363636363636,0.363636363636,4,4,
sounds,within,80,matched_pool,sm_mle,unseen_catalog_items,125,24,24,0,0,0,0.363636363636,0.363636363636,4,4,
sounds,within,80,matched_pool,sm_sharp,exact_sieve_unavailable,795,24,24,1,0,0,0.363636363636,0.363636363636,4,4,
sounds,within,80,matched_pool,sm_sharp,unseen_catalog_items,125,24,24,0,0,0,0.363636363636,0.363636363636,4,4,
sounds,within,80,pooled,pl,ok,20,1104,1104,151,8,11,16.7272727273,16.7272727273,184,184,
sounds,within,80,pooled,sm_efficient,excluded_outside_theorem_regime,20,1104,1104,151,8,11,16.7272727273,16.7272727273,184,184,
sounds,within,80,pooled,sm_fotakis,ok,20,1104,1104,151,8,11,16.7272727273,16.7272727273,184,184,
sounds,within,80,pooled,sm_mle,ok,20,1104,1104,151,8,11,16.7272727273,16.7272727273,184,184,
sounds,within,80,pooled,sm_sharp,excluded_outside_theorem_regime,20,1104,1104,151,8,11,16.7272727273,16.7272727273,184,184,
