family,n,r,N,value,shape,selector,repetitions,abstentions,selected_sm,pair_selected_nll_defined,pair_selected_nll_infinite,pair_selected_nll_finite,pair_selected_nll,pair_regret_defined,pair_regret_infinite,pair_regret_finite,pair_regret,pair_correct_defined,pair_correct_infinite,pair_correct_finite,pair_correct,context_selected_nll_defined,context_selected_nll_infinite,context_selected_nll_finite,context_selected_nll,context_regret_defined,context_regret_infinite,context_regret_finite,context_regret,context_correct_defined,context_correct_infinite,context_correct_finite,context_correct,pair_selected_nll_finite_conditional,pair_selected_nll_finite_conditional_lo,pair_selected_nll_finite_conditional_hi,pair_regret_finite_conditional,pair_regret_finite_conditional_lo,pair_regret_finite_conditional_hi,pair_correct_finite_conditional,pair_correct_finite_conditional_lo,pair_correct_finite_conditional_hi,pair_selected_nll_lo,pair_selected_nll_hi,pair_regret_lo,pair_regret_hi,pair_correct_lo,pair_correct_hi,context_selected_nll_finite_conditional,context_selected_nll_finite_conditional_lo,context_selected_nll_finite_conditional_hi,context_regret_finite_conditional,context_regret_finite_conditional_lo,context_regret_finite_conditional_hi,context_correct_finite_conditional,context_correct_finite_conditional_lo,context_correct_finite_conditional_hi,context_selected_nll_lo,context_selected_nll_hi,context_regret_lo,context_regret_hi,context_correct_lo,context_correct_hi
bridge,8,2,8,0.0,alternating,pair,40,40,0,0.0,0.0,0.0,,0.0,0.0,0.0,,0.0,0.0,0.0,,,,,,,,,,,,,,,,,,,,,,,,,,,,,,,,,,,,,,,,,,,
bridge,8,2,8,0.0,alternating,context,40,40,0,,,,,,,,,,,,,0.0,0.0,0.0,,0.0,0.0,0.0,,0.0,0.0,0.0,,,,,,,,,,,,,,,,,,,,,,,,,,,,,,,
bridge,8,2,8,0.0,equal,pair,40,40,0,0.0,0.0,0.0,,0.0,0.0,0.0,,0.0,0.0,0.0,,,,,,,,,,,,,,,,,,,,,,,,,,,,,,,,,,,,,,,,,,,
bridge,8,2,8,0.0,equal,context,40,40,0,,,,,,,,,,,,,0.0,0.0,0.0,,0.0,0.0,0.0,,0.0,0.0,0.0,,,,,,,,,,,,,,,,,,,,,,,,,,,,,,,
bridge,8,2,8,0.25,alternating,pair,40,40,0,0.0,0.0,0.0,,0.0,0.0,0.0,,0.0,0.0,0.0,,,,,,,,,,,,,,,,,,,,,,,,,,,,,,,,,,,,,,,,,,,
bridge,8,2,8,0.25,alternating,context,40,40,0,,,,,,,,,,,,,0.0,0.0,0.0,,0.0,0.0,0.0,,0.0,0.0,0.0,,,,,,,,,,,,,,,,,,,,,,,,,,,,,,,
bridge,8,2,8,0.25,equal,pair,40,40,0,0.0,0.0,0.0,,0.0,0.0,0.0,,0.0,0.0,0.0,,,,,,,,,,,,,,,,,,,,,,,,,,,,,,,,,,,,,,,,,,,
bridge,8,2,8,0.25,equal,context,40,40,0,,,,,,,,,,,,,0.0,0.0,0.0,,0.0,0.0,0.0,,0.0,0.0,0.0,,,,,,,,,,,,,,,,,,,,,,,,,,,,,,,
bridge,8,2,8,0.5,alternating,pair,40,40,0,0.0,0.0,0.0,,0.0,0.0,0.0,,0.0,0.0,0.0,,,,,,,,,,,,,,,,,,,,,,,,,,,,,,,,,,,,,,,,,,,
bridge,8,2,8,0.5,alternating,context,40,40,0,,,,,,,,,,,,,0.0,0.0,0.0,,0.0,0.0,0.0,,0.0,0.0,0.0,,,,,,,,,,,,,,,,,,,,,,,,,,,,,,,
bridge,8,2,8,0.5,equal,pair,40,40,0,0.0,0.0,0.0,,0.0,0.0,0.0,,0.0,0.0,0.0,,,,,,,,,,,,,,,,,,,,,,,,,,,,,,,,,,,,,,,,,,,
bridge,8,2,8,0.5,equal,context,40,40,0,,,,,,,,,,,,,0.0,0.0,0.0,,0.0,0.0,0.0,,0.0,0.0,0.0,,,,,,,,,,,,,,,,,,,,,,,,,,,,,,,
bridge,8,2,8,0.75,alternating,pair,40,40,0,0.0,0.0,0.0,,0.0,0.0,0.0,,0.0,0.0,0.0,,,,,,,,,,,,,,,,,,,,,,,,,,,,,,,,,,,,,,,,,,,
bridge,8,2,8,0.75,alternating,context,40,40,0,,,,,,,,,,,,,0.0,0.0,0.0,,0.0,0.0,0.0,,0.0,0.0,0.0,,,,,,,,,,,,,,,,,,,,,,,,,,,,,,,
bridge,8,2,8,0.75,equal,pair,40,40,0,0.0,0.0,0.0,,0.0,0.0,0.0,,0.0,0.0,0.0,,,,,,,,,,,,,,,,,,,,,,,,,,,,,,,,,,,,,,,,,,,
bridge,8,2,8,0.75,equal,context,40,40,0,,,,,,,,,,,,,0.0,0.0,0.0,,0.0,0.0,0.0,,0.0,0.0,0.0,,,,,,,,,,,,,,,,,,,,,,,,,,,,,,,
bridge,8,2,8,1.0,alternating,pair,40,40,0,0.0,0.0,0.0,,0.0,0.0,0.0,,0.0,0.0,0.0,,,,,,,,,,,,,,,,,,,,,,,,,,,,,,,,,,,,,,,,,,,
bridge,8,2,8,1.0,alternating,context,40,40,0,,,,,,,,,,,,,0.0,0.0,0.0,,0.0,0.0,0.0,,0.0,0.0,0.0,,,,,,,,,,,,,,,,,,,,,,,,,,,,,,,
bridge,8,2,8,1.0,equal,pair,40,40,0,0.0,0.0,0.0,,0.0,0.0,0.0,,0.0,0.0,0.0,,,,,,,,,,,,,,,,,,,,,,,,,,,,,,,,,,,,,,,,,,,
bridge,8,2,8,1.0,equal,context,40,40,0,,,,,,,,,,,,,0.0,0.0,0.0,,0.0,0.0,0.0,,0.0,0.0,0.0,,,,,,,,,,,,,,,,,,,,,,,,,,,,,,,
bridge,8,2,28,0.0,alternating,pair,40,14,9,26.0,0.0,26.0,,26.0,0.0,26.0,,26.0,0.0,26.0,,,,,,,,,,,,,,0.7548849644633673,0.7240685001744113,0.7857014287523233,0.0006941116774233307,-0.00011361714272126991,0.0015018404975679312,0.8846153846153846,0.7530168300853823,1.0162139391453868,,,,,,,,,,,,,,,,,,,,,
bridge,8,2,28,0.0,alternating,context,40,40,0,,,,,,,,,,,,,0.0,0.0,0.0,,0.0,0.0,0.0,,0.0,0.0,0.0,,,,,,,,,,,,,,,,,,,,,,,,,,,,,,,
bridge,8,2,28,0.0,equal,pair,40,17,10,23.0,0.0,23.0,,23.0,0.0,23.0,,23.0,0.0,23.0,,,,,,,,,,,,,,0.7975122475631641,0.7556959922691165,0.8393285028572116,0.00253617757469047,-0.0005327575150252872,0.005605112664406227,0.8695652173913043,0.7206570151369278,1.0184734196456808,,,,,,,,,,,,,,,,,,,,,
bridge,8,2,28,0.0,equal,context,40,40,0,,,,,,,,,,,,,0.0,0.0,0.0,,0.0,0.0,0.0,,0.0,0.0,0.0,,,,,,,,,,,,,,,,,,,,,,,,,,,,,,,
bridge,8,2,28,0.25,alternating,pair,40,20,6,20.0,0.0,20.0,,20.0,0.0,20.0,,20.0,0.0,20.0,,,,,,,,,,,,,,0.7823287659088201,0.7474025742791932,0.8172549575384469,0.0,0.0,0.0,1.0,1.0,1.0,,,,,,,,,,,,,,,,,,,,,
bridge,8,2,28,0.25,alternating,context,40,40,0,,,,,,,,,,,,,0.0,0.0,0.0,,0.0,0.0,0.0,,0.0,0.0,0.0,,,,,,,,,,,,,,,,,,,,,,,,,,,,,,,
bridge,8,2,28,0.25,equal,pair,40,19,6,21.0,0.0,21.0,,21.0,0.0,21.0,,21.0,0.0,21.0,,,,,,,,,,,,,,0.7815005477029091,0.7342558814255851,0.8287452139802332,0.0,0.0,0.0,1.0,1.0,1.0,,,,,,,,,,,,,,,,,,,,,
bridge,8,2,28,0.25,equal,context,40,40,0,,,,,,,,,,,,,0.0,0.0,0.0,,0.0,0.0,0.0,,0.0,0.0,0.0,,,,,,,,,,,,,,,,,,,,,,,,,,,,,,,
bridge,8,2,28,0.5,alternating,pair,40,19,6,21.0,0.0,21.0,,21.0,0.0,21.0,,21.0,0.0,21.0,,,,,,,,,,,,,,0.7407397272082363,0.7120255840057166,0.7694538704107561,0.0,0.0,0.0,1.0,1.0,1.0,,,,,,,,,,,,,,,,,,,,,
bridge,8,2,28,0.5,alternating,context,40,40,0,,,,,,,,,,,,,0.0,0.0,0.0,,0.0,0.0,0.0,,0.0,0.0,0.0,,,,,,,,,,,,,,,,,,,,,,,,,,,,,,,
bridge,8,2,28,0.5,equal,pair,40,20,7,20.0,0.0,20.0,,20.0,0.0,20.0,,20.0,0.0,20.0,,,,,,,,,,,,,,0.7739082070007026,0.7397794844714655,0.8080369295299398,0.0021948208033985154,-0.0010045549515659991,0.00539419655836303,0.85,0.6785440695301583,1.0214559304698416,,,,,,,,,,,,,,,,,,,,,
bridge,8,2,28,0.5,equal,context,40,40,0,,,,,,,,,,,,,0.0,0.0,0.0,,0.0,0.0,0.0,,0.0,0.0,0.0,,,,,,,,,,,,,,,,,,,,,,,,,,,,,,,
bridge,8,2,28,0.75,alternating,pair,40,23,6,17.0,0.0,17.0,,17.0,0.0,17.0,,17.0,0.0,17.0,,,,,,,,,,,,,,0.7430275724458394,0.7051446102112923,0.7809105346803865,0.0,0.0,0.0,1.0,1.0,1.0,,,,,,,,,,,,,,,,,,,,,
bridge,8,2,28,0.75,alternating,context,40,40,0,,,,,,,,,,,,,0.0,0.0,0.0,,0.0,0.0,0.0,,0.0,0.0,0.0,,,,,,,,,,,,,,,,,,,,,,,,,,,,,,,
bridge,8,2,28,0.75,equal,pair,40,21,6,19.0,0.0,19.0,,19.0,0.0,19.0,,19.0,0.0,19.0,,,,,,,,,,,,,,0.7392137797003748,0.6995847814035496,0.7788427779972,0.0,0.0,0.0,1.0,1.0,1.0,,,,,,,,,,,,,,,,,,,,,
bridge,8,2,28,0.75,equal,context,40,40,0,,,,,,,,,,,,,0.0,0.0,0.0,,0.0,0.0,0.0,,0.0,0.0,0.0,,,,,,,,,,,,,,,,,,,,,,,,,,,,,,,
bridge,8,2,28,1.0,alternating,pair,40,27,3,13.0,0.0,13.0,,13.0,0.0,13.0,,13.0,0.0,13.0,,,,,,,,,,,,,,0.7121968061331467,0.6758049543665428,0.7485886578997507,0.000595511383063823,-0.0007019964585685105,0.0018930192246961566,0.9230769230769231,0.755475936179444,1.0906779099744024,,,,,,,,,,,,,,,,,,,,,
bridge,8,2,28,1.0,alternating,context,40,40,0,,,,,,,,,,,,,0.0,0.0,0.0,,0.0,0.0,0.0,,0.0,0.0,0.0,,,,,,,,,,,,,,,,,,,,,,,,,,,,,,,
bridge,8,2,28,1.0,equal,pair,40,26,4,14.0,0.0,14.0,,14.0,0.0,14.0,,14.0,0.0,14.0,,,,,,,,,,,,,,0.7280319556123509,0.6921659483413464,0.7638979628833554,0.0011741185384401785,-0.0012472490314116445,0.0035954861082920014,0.8571428571428571,0.647474073000117,1.0668116412855972,,,,,,,,,,,,,,,,,,,,,
bridge,8,2,28,1.0,equal,context,40,40,0,,,,,,,,,,,,,0.0,0.0,0.0,,0.0,0.0,0.0,,0.0,0.0,0.0,,,,,,,,,,,,,,,,,,,,,,,,,,,,,,,
bridge,8,2,112,0.0,alternating,pair,40,0,20,40.0,0.0,40.0,0.6617794411757095,40.0,0.0,40.0,0.0002398279194716025,40.0,0.0,40.0,0.95,,,,,,,,,,,,,0.6617794411757095,0.6542163376986316,0.6693425446527874,0.0002398279194716025,-0.000149622334458739,0.000629278173401944,0.95,0.8794098627676206,1.0205901372323793,0.6542163376986316,0.6693425446527874,-0.000149622334458739,0.000629278173401944,0.8794098627676206,1.0205901372323793,,,,,,,,,,,,,,,
bridge,8,2,112,0.0,alternating,context,40,40,0,,,,,,,,,,,,,0.0,0.0,0.0,,0.0,0.0,0.0,,0.0,0.0,0.0,,,,,,,,,,,,,,,,,,,,,,,,,,,,,,,
bridge,8,2,112,0.0,equal,pair,40,0,20,40.0,0.0,40.0,0.6635455612074664,40.0,0.0,40.0,0.00052190337561185,40.0,0.0,40.0,0.925,,,,,,,,,,,,,0.6635455612074664,0.6554095059844629,0.67168161643047,0.00052190337561185,-0.00016117672776499396,0.001204983478988694,0.925,0.8396902401409426,1.0103097598590574,0.6554095059844629,0.67168161643047,-0.00016117672776499396,0.001204983478988694,0.8396902401409426,1.0103097598590574,,,,,,,,,,,,,,,
bridge,8,2,112,0.0,equal,context,40,40,0,,,,,,,,,,,,,0.0,0.0,0.0,,0.0,0.0,0.0,,0.0,0.0,0.0,,,,,,,,,,,,,,,,,,,,,,,,,,,,,,,
bridge,8,2,112,0.25,alternating,pair,40,0,18,40.0,0.0,40.0,0.6570220996496385,40.0,0.0,40.0,0.00019106631187226,40.0,0.0,40.0,0.975,,,,,,,,,,,,,0.6570220996496385,0.6500469431606489,0.6639972561386281,0.00019106631187226,-0.0001954017822766723,0.0005775344060211924,0.975,0.924432726999081,1.025567273000919,0.6500469431606489,0.6639972561386281,-0.0001954017822766723,0.0005775344060211924,0.924432726999081,1.025567273000919,,,,,,,,,,,,,,,
bridge,8,2,112,0.25,alternating,context,40,40,0,,,,,,,,,,,,,0.0,0.0,0.0,,0.0,0.0,0.0,,0.0,0.0,0.0,,,,,,,,,,,,,,,,,,,,,,,,,,,,,,,
bridge,8,2,112,0.25,equal,pair,40,0,15,40.0,0.0,40.0,0.6545912175885842,40.0,0.0,40.0,1.5877182347255002e-05,40.0,0.0,40.0,0.975,,,,,,,,,,,,,0.6545912175885842,0.6488258681532545,0.6603565670239139,1.5877182347255002e-05,-1.623745022230564e-05,4.799181491681564e-05,0.975,0.924432726999081,1.025567273000919,0.6488258681532545,0.6603565670239139,-1.623745022230564e-05,4.799181491681564e-05,0.924432726999081,1.025567273000919,,,,,,,,,,,,,,,
bridge,8,2,112,0.25,equal,context,40,40,0,,,,,,,,,,,,,0.0,0.0,0.0,,0.0,0.0,0.0,,0.0,0.0,0.0,,,,,,,,,,,,,,,,,,,,,,,,,,,,,,,
bridge,8,2,112,0.5,alternating,pair,40,0,12,40.0,0.0,40.0,0.6520675887862515,40.0,0.0,40.0,0.00025329849061467253,40.0,0.0,40.0,0.95,,,,,,,,,,,,,0.6520675887862515,0.6450277191200433,0.6591074584524597,0.00025329849061467253,-0.00019519174822686908,0.0007017887294562141,0.95,0.8794098627676206,1.0205901372323793,0.6450277191200433,0.6591074584524597,-0.00019519174822686908,0.0007017887294562141,0.8794098627676206,1.0205901372323793,,,,,,,,,,,,,,,
bridge,8,2,112,0.5,alternating,context,40,40,0,,,,,,,,,,,,,0.0,0.0,0.0,,0.0,0.0,0.0,,0.0,0.0,0.0,,,,,,,,,,,,,,,,,,,,,,,,,,,,,,,
bridge,8,2,112,0.5,equal,pair,40,0,7,40.0,0.0,40.0,0.650810350367649,40.0,0.0,40.0,0.0006388554827990475,40.0,0.0,40.0,0.875,,,,,,,,,,,,,0.650810350367649,0.6441155585691726,0.6575051421661254,0.0006388554827990475,-1.6071595369253236e-05,0.0012937825609673484,0.875,0.7678835294475241,0.9821164705524759,0.6441155585691726,0.6575051421661254,-1.6071595369253236e-05,0.0012937825609673484,0.7678835294475241,0.9821164705524759,,,,,,,,,,,,,,,
bridge,8,2,112,0.5,equal,context,40,40,0,,,,,,,,,,,,,0.0,0.0,0.0,,0.0,0.0,0.0,,0.0,0.0,0.0,,,,,,,,,,,,,,,,,,,,,,,,,,,,,,,
bridge,8,2,112,0.75,alternating,pair,40,1,9,39.0,0.0,39.0,,39.0,0.0,39.0,,39.0,0.0,39.0,,,,,,,,,,,,,,0.6402990824390793,0.6325132465578209,0.6480849183203377,0.0001805023495095769,-0.00018490555341000908,0.0005459102524291629,0.9743589743589743,0.9224514316945649,1.0262665170233838,,,,,,,,,,,,,,,,,,,,,
bridge,8,2,112,0.75,alternating,context,40,40,0,,,,,,,,,,,,,0.0,0.0,0.0,,0.0,0.0,0.0,,0.0,0.0,0.0,,,,,,,,,,,,,,,,,,,,,,,,,,,,,,,
bridge,8,2,112,0.75,equal,pair,40,0,6,40.0,0.0,40.0,0.6446875758427605,40.0,0.0,40.0,0.0002392124971742825,40.0,0.0,40.0,0.95,,,,,,,,,,,,,0.6446875758427605,0.6391028933826745,0.6502722583028465,0.0002392124971742825,-0.00023209436739510652,0.0007105193617436715,0.95,0.8794098627676206,1.0205901372323793,0.6391028933826745,0.6502722583028465,-0.00023209436739510652,0.0007105193617436715,0.8794098627676206,1.0205901372323793,,,,,,,,,,,,,,,
bridge,8,2,112,0.75,equal,context,40,40,0,,,,,,,,,,,,,0.0,0.0,0.0,,0.0,0.0,0.0,,0.0,0.0,0.0,,,,,,,,,,,,,,,,,,,,,,,,,,,,,,,
bridge,8,2,112,1.0,alternating,pair,40,0,4,40.0,0.0,40.0,0.6330809143013593,40.0,0.0,40.0,0.0010012941315744675,40.0,0.0,40.0,0.925,,,,,,,,,,,,,0.6330809143013593,0.626255442932977,0.6399063856697416,0.0010012941315744675,-0.00017268692565074986,0.002175275188799685,0.925,0.8396902401409426,1.0103097598590574,0.626255442932977,0.6399063856697416,-0.00017268692565074986,0.002175275188799685,0.8396902401409426,1.0103097598590574,,,,,,,,,,,,,,,
bridge,8,2,112,1.0,alternating,context,40,40,0,,,,,,,,,,,,,0.0,0.0,0.0,,0.0,0.0,0.0,,0.0,0.0,0.0,,,,,,,,,,,,,,,,,,,,,,,,,,,,,,,
bridge,8,2,112,1.0,equal,pair,40,0,1,40.0,0.0,40.0,0.6293875312701779,40.0,0.0,40.0,8.1590342635975e-06,40.0,0.0,40.0,0.975,,,,,,,,,,,,,0.6293875312701779,0.622814878666573,0.6359601838737827,8.1590342635975e-06,-8.34417025764998e-06,2.466223878484498e-05,0.975,0.924432726999081,1.025567273000919,0.622814878666573,0.6359601838737827,-8.34417025764998e-06,2.466223878484498e-05,0.924432726999081,1.025567273000919,,,,,,,,,,,,,,,
bridge,8,2,112,1.0,equal,context,40,40,0,,,,,,,,,,,,,0.0,0.0,0.0,,0.0,0.0,0.0,,0.0,0.0,0.0,,,,,,,,,,,,,,,,,,,,,,,,,,,,,,,
bridge,8,2,448,0.0,alternating,pair,40,0,39,40.0,0.0,40.0,0.6265417600574075,40.0,0.0,40.0,0.000165154095124895,40.0,0.0,40.0,0.95,,,,,,,,,,,,,0.6265417600574075,0.623834620983296,0.6292488991315189,0.000165154095124895,-0.000134935582819602,0.000465243773069392,0.95,0.8794098627676206,1.0205901372323793,0.623834620983296,0.6292488991315189,-0.000134935582819602,0.000465243773069392,0.8794098627676206,1.0205901372323793,,,,,,,,,,,,,,,
bridge,8,2,448,0.0,alternating,context,40,40,0,,,,,,,,,,,,,0.0,0.0,0.0,,0.0,0.0,0.0,,0.0,0.0,0.0,,,,,,,,,,,,,,,,,,,,,,,,,,,,,,,
bridge,8,2,448,0.0,equal,pair,40,0,37,40.0,0.0,40.0,0.6250852158695563,40.0,0.0,40.0,3.26858634703825e-05,40.0,0.0,40.0,0.975,,,,,,,,,,,,,0.6250852158695563,0.6222168186914094,0.6279536130477033,3.26858634703825e-05,-3.3427535784721437e-05,9.879926272548644e-05,0.975,0.924432726999081,1.025567273000919,0.6222168186914094,0.6279536130477033,-3.3427535784721437e-05,9.879926272548644e-05,0.924432726999081,1.025567273000919,,,,,,,,,,,,,,,
bridge,8,2,448,0.0,equal,context,40,40,0,,,,,,,,,,,,,0.0,0.0,0.0,,0.0,0.0,0.0,,0.0,0.0,0.0,,,,,,,,,,,,,,,,,,,,,,,,,,,,,,,
bridge,8,2,448,0.25,alternating,pair,40,0,30,40.0,0.0,40.0,0.6296286265385727,40.0,0.0,40.0,0.000639201499581405,40.0,0.0,40.0,0.9,,,,,,,,,,,,,0.6296286265385727,0.6272927834800134,0.6319644695971319,0.000639201499581405,-0.00012049600929604732,0.0013988990084588574,0.9,0.8028330711768601,0.99716692882314,0.6272927834800134,0.6319644695971319,-0.00012049600929604732,0.0013988990084588574,0.8028330711768601,0.99716692882314,,,,,,,,,,,,,,,
bridge,8,2,448,0.25,alternating,context,40,40,0,,,,,,,,,,,,,0.0,0.0,0.0,,0.0,0.0,0.0,,0.0,0.0,0.0,,,,,,,,,,,,,,,,,,,,,,,,,,,,,,,
bridge,8,2,448,0.25,equal,pair,40,0,26,40.0,0.0,40.0,0.6292522645730789,40.0,0.0,40.0,0.0013053366807644201,40.0,0.0,40.0,0.825,,,,,,,,,,,,,0.6292522645730789,0.6267230399706691,0.6317814891754887,0.0013053366807644201,0.0002299814653604949,0.002380691896168345,0.825,0.7019325448870513,0.9480674551129487,0.6267230399706691,0.6317814891754887,0.0002299814653604949,0.002380691896168345,0.7019325448870513,0.9480674551129487,,,,,,,,,,,,,,,
bridge,8,2,448,0.25,equal,context,40,40,0,,,,,,,,,,,,,0.0,0.0,0.0,,0.0,0.0,0.0,,0.0,0.0,0.0,,,,,,,,,,,,,,,,,,,,,,,,,,,,,,,
bridge,8,2,448,0.5,alternating,pair,40,0,8,40.0,0.0,40.0,0.6264589710771722,40.0,0.0,40.0,0.000560087511235635,40.0,0.0,40.0,0.775,,,,,,,,,,,,,0.6264589710771722,0.6246494514509778,0.6282684907033665,0.000560087511235635,3.883442506657836e-05,0.0010813405974046918,0.775,0.6397493591132202,0.9102506408867799,0.6246494514509778,0.6282684907033665,3.883442506657836e-05,0.0010813405974046918,0.6397493591132202,0.9102506408867799,,,,,,,,,,,,,,,
bridge,8,2,448,0.5,alternating,context,40,40,0,,,,,,,,,,,,,0.0,0.0,0.0,,0.0,0.0,0.0,,0.0,0.0,0.0,,,,,,,,,,,,,,,,,,,,,,,,,,,,,,,
bridge,8,2,448,0.5,equal,pair,40,0,13,40.0,0.0,40.0,0.6262659707650906,40.0,0.0,40.0,0.0011385608246278173,40.0,0.0,40.0,0.75,,,,,,,,,,,,,0.6262659707650906,0.6240911189753919,0.6284408225547893,0.0011385608246278173,0.0001148617250120716,0.002162259924243563,0.75,0.6097516187190775,0.8902483812809225,0.6240911189753919,0.6284408225547893,0.0001148617250120716,0.002162259924243563,0.6097516187190775,0.8902483812809225,,,,,,,,,,,,,,,
bridge,8,2,448,0.5,equal,context,40,40,0,,,,,,,,,,,,,0.0,0.0,0.0,,0.0,0.0,0.0,,0.0,0.0,0.0,,,,,,,,,,,,,,,,,,,,,,,,,,,,,,,
bridge,8,2,448,0.75,alternating,pair,40,0,3,40.0,0.0,40.0,0.6157035772589801,40.0,0.0,40.0,0.0009670033130687375,40.0,0.0,40.0,0.925,,,,,,,,,,,,,0.6157035772589801,0.614202768689924,0.6172043858280362,0.0009670033130687375,-0.00021373984775280644,0.0021477464738902815,0.925,0.8396902401409426,1.0103097598590574,0.614202768689924,0.6172043858280362,-0.00021373984775280644,0.0021477464738902815,0.8396902401409426,1.0103097598590574,,,,,,,,,,,,,,,
bridge,8,2,448,0.75,alternating,context,40,40,0,,,,,,,,,,,,,0.0,0.0,0.0,,0.0,0.0,0.0,,0.0,0.0,0.0,,,,,,,,,,,,,,,,,,,,,,,,,,,,,,,
bridge,8,2,448,0.75,equal,pair,40,0,2,40.0,0.0,40.0,0.6156951851955296,40.0,0.0,40.0,0.0001024264999281875,40.0,0.0,40.0,0.975,,,,,,,,,,,,,0.6156951851955296,0.6141617534855944,0.6172286169054647,0.0001024264999281875,-0.00010475065144770326,0.00030960365130407825,0.975,0.924432726999081,1.025567273000919,0.6141617534855944,0.6172286169054647,-0.00010475065144770326,0.00030960365130407825,0.924432726999081,1.025567273000919,,,,,,,,,,,,,,,
bridge,8,2,448,0.75,equal,context,40,40,0,,,,,,,,,,,,,0.0,0.0,0.0,,0.0,0.0,0.0,,0.0,0.0,0.0,,,,,,,,,,,,,,,,,,,,,,,,,,,,,,,
bridge,8,2,448,1.0,alternating,pair,40,0,0,40.0,0.0,40.0,0.6022337779292843,40.0,0.0,40.0,0.0,40.0,0.0,40.0,1.0,,,,,,,,,,,,,0.6022337779292843,0.6006527366253036,0.6038148192332651,0.0,0.0,0.0,1.0,1.0,1.0,0.6006527366253036,0.6038148192332651,0.0,0.0,1.0,1.0,,,,,,,,,,,,,,,
bridge,8,2,448,1.0,alternating,context,40,40,0,,,,,,,,,,,,,0.0,0.0,0.0,,0.0,0.0,0.0,,0.0,0.0,0.0,,,,,,,,,,,,,,,,,,,,,,,,,,,,,,,
bridge,8,2,448,1.0,equal,pair,40,0,0,40.0,0.0,40.0,0.6048280337198199,40.0,0.0,40.0,0.0,40.0,0.0,40.0,1.0,,,,,,,,,,,,,0.6048280337198199,0.6032733943706272,0.6063826730690125,0.0,0.0,0.0,1.0,1.0,1.0,0.6032733943706272,0.6063826730690125,0.0,0.0,1.0,1.0,,,,,,,,,,,,,,,
bridge,8,2,448,1.0,equal,context,40,40,0,,,,,,,,,,,,,0.0,0.0,0.0,,0.0,0.0,0.0,,0.0,0.0,0.0,,,,,,,,,,,,,,,,,,,,,,,,,,,,,,,
bridge,8,3,8,0.0,alternating,pair,40,37,1,3.0,0.0,3.0,,3.0,0.0,3.0,,3.0,0.0,3.0,,,,,,,,,,,,,,1.9388925522073837,1.5856314977362698,2.2921536066784975,0.0,0.0,0.0,1.0,1.0,1.0,,,,,,,,,,,,,,,,,,,,,
bridge,8,3,8,0.0,alternating,context,40,37,0,,,,,,,,,,,,,3.0,0.0,3.0,,3.0,0.0,3.0,,3.0,0.0,3.0,,,,,,,,,,,,,,,,,1.9619404181559348,1.6431133834435583,2.2807674528683113,0.023047865948551034,-0.07611909738988176,0.12221482928698382,0.6666666666666666,-0.7675509099164876,2.100884243249821,,,,,,
bridge,8,3,8,0.0,equal,pair,40,33,1,7.0,0.0,7.0,,7.0,0.0,7.0,,7.0,0.0,7.0,,,,,,,,,,,,,,2.0173488926349434,1.7425401521161468,2.29215763315374,0.005144449260329286,-0.007443564602384461,0.01773246312304303,0.8571428571428571,0.507584021265003,1.2067016930207113,,,,,,,,,,,,,,,,,,,,,
bridge,8,3,8,0.0,equal,context,40,33,1,,,,,,,,,,,,,7.0,0.0,7.0,,7.0,0.0,7.0,,7.0,0.0,7.0,,,,,,,,,,,,,,,,,2.0173488926349434,1.7425401521161468,2.29215763315374,0.005144449260329286,-0.007443564602384461,0.01773246312304303,0.8571428571428571,0.507584021265003,1.2067016930207113,,,,,,
bridge,8,3,8,0.25,alternating,pair,40,35,4,5.0,0.0,5.0,,5.0,0.0,5.0,,5.0,0.0,5.0,,,,,,,,,,,,,,1.8463472464818906,1.7634597648079706,1.9292347281558107,0.0,0.0,0.0,1.0,1.0,1.0,,,,,,,,,,,,,,,,,,,,,
bridge,8,3,8,0.25,alternating,context,40,35,0,,,,,,,,,,,,,5.0,0.0,5.0,,5.0,0.0,5.0,,5.0,0.0,5.0,,,,,,,,,,,,,,,,,1.9515798521484278,1.8139189293414788,2.089240774955377,0.10523260566653732,-0.008447340594155861,0.2189125519272305,0.2,-0.3552890210395587,0.7552890210395586,,,,,,
bridge,8,3,8,0.25,equal,pair,40,35,1,5.0,0.0,5.0,,5.0,0.0,5.0,,5.0,0.0,5.0,,,,,,,,,,,,,,1.8612238705966155,1.6805087342868188,2.041939006906412,0.0,0.0,0.0,1.0,1.0,1.0,,,,,,,,,,,,,,,,,,,,,
bridge,8,3,8,0.25,equal,context,40,35,0,,,,,,,,,,,,,5.0,0.0,5.0,,5.0,0.0,5.0,,5.0,0.0,5.0,,,,,,,,,,,,,,,,,1.8711484883694296,1.6706454509206576,2.0716515258182016,0.00992461777281406,-0.01763053866347456,0.03747977420910268,0.8,0.24471097896044147,1.3552890210395585,,,,,,
bridge,8,3,8,0.5,alternating,pair,40,39,0,1.0,0.0,1.0,,1.0,0.0,1.0,,1.0,0.0,1.0,,,,,,,,,,,,,,1.6873617212533696,,,0.0,,,1.0,,,,,,,,,,,,,,,,,,,,,,,
bridge,8,3,8,0.5,alternating,context,40,39,0,,,,,,,,,,,,,1.0,0.0,1.0,,1.0,0.0,1.0,,1.0,0.0,1.0,,,,,,,,,,,,,,,,,1.6873617212533696,,,0.0,,,1.0,,,,,,,,
bridge,8,3,8,0.5,equal,pair,40,36,2,4.0,0.0,4.0,,4.0,0.0,4.0,,4.0,0.0,4.0,,,,,,,,,,,,,,1.7910244503172745,1.5208240599580327,2.061224840676516,0.0,0.0,0.0,1.0,1.0,1.0,,,,,,,,,,,,,,,,,,,,,
bridge,8,3,8,0.5,equal,context,40,36,0,,,,,,,,,,,,,4.0,0.0,4.0,,4.0,0.0,4.0,,4.0,0.0,4.0,,,,,,,,,,,,,,,,,1.8900284829460576,1.4970336417492944,2.283023324142821,0.09900403262878317,-0.08314732615552055,0.2811553914130869,0.5,-0.41869311551853927,1.4186931155185394,,,,,,
bridge,8,3,8,0.75,alternating,pair,40,38,0,2.0,0.0,2.0,,2.0,0.0,2.0,,2.0,0.0,2.0,,,,,,,,,,,,,,2.2172507991135277,-2.9014264747862124,7.335928073013267,0.0,0.0,0.0,1.0,1.0,1.0,,,,,,,,,,,,,,,,,,,,,
bridge,8,3,8,0.75,alternating,context,40,38,0,,,,,,,,,,,,,2.0,0.0,2.0,,2.0,0.0,2.0,,2.0,0.0,2.0,,,,,,,,,,,,,,,,,2.2172507991135277,-2.9014264747862124,7.335928073013267,0.0,0.0,0.0,1.0,1.0,1.0,,,,,,
bridge,8,3,8,0.75,equal,pair,40,37,1,3.0,0.0,3.0,,3.0,0.0,3.0,,3.0,0.0,3.0,,,,,,,,,,,,,,2.2062384410454645,1.3653964309070319,3.047080451183897,0.0,0.0,0.0,1.0,1.0,1.0,,,,,,,,,,,,,,,,,,,,,
bridge,8,3,8,0.75,equal,context,40,37,0,,,,,,,,,,,,,3.0,0.0,3.0,,3.0,0.0,3.0,,3.0,0.0,3.0,,,,,,,,,,,,,,,,,2.270817099831309,1.3414803142639844,3.2001538853986338,0.06457865878584457,-0.21328088372262866,0.3424382012943178,0.6666666666666666,-0.7675509099164876,2.100884243249821,,,,,,
bridge,8,3,8,1.0,alternating,pair,40,38,0,2.0,0.0,2.0,,2.0,0.0,2.0,,2.0,0.0,2.0,,,,,,,,,,,,,,1.8864347693234818,0.6495423978806363,3.1233271407663272,0.0,0.0,0.0,1.0,1.0,1.0,,,,,,,,,,,,,,,,,,,,,
bridge,8,3,8,1.0,alternating,context,40,38,0,,,,,,,,,,,,,2.0,0.0,2.0,,2.0,0.0,2.0,,2.0,0.0,2.0,,,,,,,,,,,,,,,,,1.8864347693234818,0.6495423978806363,3.1233271407663272,0.0,0.0,0.0,1.0,1.0,1.0,,,,,,
bridge,8,3,8,1.0,equal,pair,40,35,1,5.0,0.0,5.0,,5.0,0.0,5.0,,5.0,0.0,5.0,,,,,,,,,,,,,,1.8237624173281533,1.6099713427516127,2.037553491904694,0.0,0.0,0.0,1.0,1.0,1.0,,,,,,,,,,,,,,,,,,,,,
bridge,8,3,8,1.0,equal,context,40,35,0,,,,,,,,,,,,,5.0,0.0,5.0,,5.0,0.0,5.0,,5.0,0.0,5.0,,,,,,,,,,,,,,,,,1.8423065787051691,1.6077743952782653,2.076838762132073,0.018544161377015818,-0.03294268470819772,0.07003100746222936,0.8,0.24471097896044125,1.355289021039559,,,,,,
bridge,8,3,28,0.0,alternating,pair,40,0,25,40.0,0.0,40.0,1.7010761080498114,40.0,0.0,40.0,0.0008444685610650799,40.0,0.0,40.0,0.9,,,,,,,,,,,,,1.7010761080498114,1.6640785979316652,1.7380736181679575,0.0008444685610650799,-0.0001407449199768479,0.0018296820421070078,0.9,0.8028330711768601,0.99716692882314,1.6640785979316652,1.7380736181679575,-0.0001407449199768479,0.0018296820421070078,0.8028330711768601,0.99716692882314,,,,,,,,,,,,,,,
bridge,8,3,28,0.0,alternating,context,40,0,19,,,,,,,,,,,,,40.0,0.0,40.0,1.7107551757014008,40.0,0.0,40.0,0.010523536212654653,40.0,0.0,40.0,0.75,,,,,,,,,,,,,,,,1.7107551757014008,1.6704022825826927,1.7511080688201088,0.010523536212654653,0.0038357792149746493,0.017211293210334655,0.75,0.6097516187190775,0.8902483812809225,1.6704022825826927,1.7511080688201088,0.0038357792149746493,0.017211293210334655,0.6097516187190775,0.8902483812809225
bridge,8,3,28,0.0,equal,pair,40,3,20,37.0,0.0,37.0,,37.0,0.0,37.0,,37.0,0.0,37.0,,,,,,,,,,,,,,1.6976394737983316,1.674180930823677,1.7210980167729861,0.0002781003523486081,-0.00012533070698756685,0.000681531411684783,0.9459459459459459,0.8695123792489233,1.0223795126429687,,,,,,,,,,,,,,,,,,,,,
bridge,8,3,28,0.0,equal,context,40,3,10,,,,,,,,,,,,,37.0,0.0,37.0,,37.0,0.0,37.0,,37.0,0.0,37.0,,,,,,,,,,,,,,,,,1.7291000683989932,1.7018674614790907,1.7563326753188957,0.03173869495301005,0.013421433483219274,0.05005595642280083,0.5675675675675675,0.4001100130454277,0.7350251220897074,,,,,,
bridge,8,3,28,0.25,alternating,pair,40,1,16,39.0,0.0,39.0,,39.0,0.0,39.0,,39.0,0.0,39.0,,,,,,,,,,,,,,1.7051210102079357,1.6800968900012572,1.7301451304146143,0.0005842436167051973,-0.00024285357302875456,0.0014113408064391493,0.9487179487179487,0.876281936860685,1.0211539605752122,,,,,,,,,,,,,,,,,,,,,
bridge,8,3,28,0.25,alternating,context,40,1,6,,,,,,,,,,,,,39.0,0.0,39.0,,39.0,0.0,39.0,,39.0,0.0,39.0,,,,,,,,,,,,,,,,,1.7198829795195711,1.697027002239831,1.7427389567993112,0.015346212928340727,0.00726601928962183,0.023426406567059625,0.5897435897435898,0.4282100981333393,0.7512770813538402,,,,,,
bridge,8,3,28,0.25,equal,pair,40,0,17,40.0,0.0,40.0,1.683442844478476,40.0,0.0,40.0,0.0021845561961664076,40.0,0.0,40.0,0.9,,,,,,,,,,,,,1.683442844478476,1.6562537918197378,1.710631897137214,0.0021845561961664076,-0.0010024161631899354,0.005371528555522751,0.9,0.8028330711768601,0.99716692882314,1.6562537918197378,1.710631897137214,-0.0010024161631899354,0.005371528555522751,0.8028330711768601,0.99716692882314,,,,,,,,,,,,,,,
bridge,8,3,28,0.25,equal,context,40,0,7,,,,,,,,,,,,,40.0,0.0,40.0,1.7068906752496287,40.0,0.0,40.0,0.02563238696731921,40.0,0.0,40.0,0.55,,,,,,,,,,,,,,,,1.7068906752496287,1.6753599552464034,1.738421395252854,0.02563238696731921,0.010929250614887956,0.04033552331975047,0.55,0.3888668775312379,0.7111331224687623,1.6753599552464034,1.738421395252854,0.010929250614887956,0.04033552331975047,0.3888668775312379,0.7111331224687623
bridge,8,3,28,0.5,alternating,pair,40,1,15,39.0,0.0,39.0,,39.0,0.0,39.0,,39.0,0.0,39.0,,,,,,,,,,,,,,1.655609896329636,1.6303948918086142,1.6808249008506577,0.00022389021945401285,-9.692071671041122e-05,0.000544701155618437,0.9487179487179487,0.876281936860685,1.0211539605752122,,,,,,,,,,,,,,,,,,,,,
bridge,8,3,28,0.5,alternating,context,40,1,3,,,,,,,,,,,,,39.0,0.0,39.0,,39.0,0.0,39.0,,39.0,0.0,39.0,,,,,,,,,,,,,,,,,1.6833378443739928,1.6509386596814992,1.7157370290664864,0.027951838263810657,0.011367023501184507,0.04453665302643681,0.6923076923076923,0.5407384162160208,0.8438769683993638,,,,,,
bridge,8,3,28,0.5,equal,pair,40,3,11,37.0,0.0,37.0,,37.0,0.0,37.0,,37.0,0.0,37.0,,,,,,,,,,,,,,1.6936949114517041,1.6598007028734043,1.727589120030004,0.0010732577689571703,-0.0004522002588852334,0.002598715796799574,0.918918918918919,0.826654300097457,1.011183537740381,,,,,,,,,,,,,,,,,,,,,
bridge,8,3,28,0.5,equal,context,40,3,1,,,,,,,,,,,,,37.0,0.0,37.0,,37.0,0.0,37.0,,37.0,0.0,37.0,,,,,,,,,,,,,,,,,1.7149405316664312,1.6775228737463945,1.752358189586468,0.022318877983684336,0.008226456581542838,0.03641129938582584,0.6486486486486487,0.4872825114315909,0.8100147858657065,,,,,,
bridge,8,3,28,0.75,alternating,pair,40,1,13,39.0,0.0,39.0,,39.0,0.0,39.0,,39.0,0.0,39.0,,,,,,,,,,,,,,1.6337386159623228,1.6087210221963106,1.658756209728335,0.000492653343254823,-0.0003143769904780391,0.0012996836769876851,0.9487179487179487,0.876281936860685,1.0211539605752122,,,,,,,,,,,,,,,,,,,,,
bridge,8,3,28,0.75,alternating,context,40,1,0,,,,,,,,,,,,,39.0,0.0,39.0,,39.0,0.0,39.0,,39.0,0.0,39.0,,,,,,,,,,,,,,,,,1.661786031875623,1.6284622282528027,1.6951098354984433,0.0285400692565545,0.008379940880819649,0.04870019763228935,0.6666666666666666,0.5118573757476177,0.8214759575857156,,,,,,
bridge,8,3,28,0.75,equal,pair,40,0,6,40.0,0.0,40.0,1.6578618216383632,40.0,0.0,40.0,0.00048052483691008,40.0,0.0,40.0,0.925,,,,,,,,,,,,,1.6578618216383632,1.6298320703587346,1.6858915729179917,0.00048052483691008,-7.615788012094621e-05,0.0010372075539411062,0.925,0.8396902401409426,1.0103097598590574,1.6298320703587346,1.6858915729179917,-7.615788012094621e-05,0.0010372075539411062,0.8396902401409426,1.0103097598590574,,,,,,,,,,,,,,,
bridge,8,3,28,0.75,equal,context,40,0,0,,,,,,,,,,,,,40.0,0.0,40.0,1.6693156953385295,40.0,0.0,40.0,0.011934398537076516,40.0,0.0,40.0,0.825,,,,,,,,,,,,,,,,1.6693156953385295,1.6383916997505894,1.7002396909264696,0.011934398537076516,0.0004992495181540303,0.023369547555999,0.825,0.7019325448870513,0.9480674551129487,1.6383916997505894,1.7002396909264696,0.0004992495181540303,0.023369547555999,0.7019325448870513,0.9480674551129487
bridge,8,3,28,1.0,alternating,pair,40,4,8,36.0,0.0,36.0,,36.0,0.0,36.0,,36.0,0.0,36.0,,,,,,,,,,,,,,1.6121563774725134,1.5900135668747688,1.634299188070258,0.00034635298242199165,-0.0002635117842352533,0.0009562177490792367,0.9444444444444444,0.8658418174941954,1.0230470713946933,,,,,,,,,,,,,,,,,,,,,
bridge,8,3,28,1.0,alternating,context,40,4,0,,,,,,,,,,,,,36.0,0.0,36.0,,36.0,0.0,36.0,,36.0,0.0,36.0,,,,,,,,,,,,,,,,,1.6209449526989301,1.5947708727844023,1.647119032613458,0.009134928208838752,-0.0016900483470225509,0.019959904764700054,0.8333333333333334,0.7054485544578342,0.9612181122088326,,,,,,
bridge,8,3,28,1.0,equal,pair,40,2,6,38.0,0.0,38.0,,38.0,0.0,38.0,,38.0,0.0,38.0,,,,,,,,,,,,,,1.619200047247979,1.5955862077622343,1.6428138867337239,5.3234621333736835e-06,-5.462896718488938e-06,1.6109820985236304e-05,0.9736842105263158,0.9203633562360761,1.0270050648165556,,,,,,,,,,,,,,,,,,,,,
bridge,8,3,28,1.0,equal,context,40,2,0,,,,,,,,,,,,,38.0,0.0,38.0,,38.0,0.0,38.0,,38.0,0.0,38.0,,,,,,,,,,,,,,,,,1.6357161158906166,1.6014255998480844,1.6700066319331488,0.01652139210477101,0.0017998757499550627,0.03124290845958696,0.8157894736842105,0.6866597850525252,0.9449191623158958,,,,,,
bridge,8,3,112,0.0,alternating,pair,40,0,36,40.0,0.0,40.0,1.5606775544797216,40.0,0.0,40.0,0.0001132775078591275,40.0,0.0,40.0,0.975,,,,,,,,,,,,,1.5606775544797216,1.5506329429534493,1.5707221660059938,0.0001132775078591275,-0.00011584787873192253,0.0003424028944501775,0.975,0.924432726999081,1.025567273000919,1.5506329429534493,1.5707221660059938,-0.00011584787873192253,0.0003424028944501775,0.924432726999081,1.025567273000919,,,,,,,,,,,,,,,
bridge,8,3,112,0.0,alternating,context,40,0,38,,,,,,,,,,,,,40.0,0.0,40.0,1.5623367589814379,40.0,0.0,40.0,0.00177248200957534,40.0,0.0,40.0,0.925,,,,,,,,,,,,,,,,1.5623367589814379,1.551657424813716,1.5730160931491597,0.00177248200957534,-0.0011655863532174235,0.004710550372368103,0.925,0.8396902401409426,1.0103097598590574,1.551657424813716,1.5730160931491597,-0.0011655863532174235,0.004710550372368103,0.8396902401409426,1.0103097598590574
bridge,8,3,112,0.0,equal,pair,40,0,35,40.0,0.0,40.0,1.565659410131905,40.0,0.0,40.0,7.2559277495375e-05,40.0,0.0,40.0,0.975,,,,,,,,,,,,,1.565659410131905,1.5547118507084938,1.5766069695553162,7.2559277495375e-05,-7.420571425894768e-05,0.00021932426924969767,0.975,0.924432726999081,1.025567273000919,1.5547118507084938,1.5766069695553162,-7.420571425894768e-05,0.00021932426924969767,0.924432726999081,1.025567273000919,,,,,,,,,,,,,,,
bridge,8,3,112,0.0,equal,context,40,0,37,,,,,,,,,,,,,40.0,0.0,40.0,1.5678350421675198,40.0,0.0,40.0,0.002248191313109995,40.0,0.0,40.0,0.875,,,,,,,,,,,,,,,,1.5678350421675198,1.5555119555436443,1.5801581287913953,0.002248191313109995,0.00010490585245630192,0.004391476773763689,0.875,0.7678835294475241,0.9821164705524759,1.5555119555436443,1.5801581287913953,0.00010490585245630192,0.004391476773763689,0.7678835294475241,0.9821164705524759
bridge,8,3,112,0.25,alternating,pair,40,0,26,40.0,0.0,40.0,1.5724159076979594,40.0,0.0,40.0,0.0005894853726549,40.0,0.0,40.0,0.925,,,,,,,,,,,,,1.5724159076979594,1.5637849381710252,1.5810468772248936,0.0005894853726549,-0.0002030961479552373,0.0013820668932650374,0.925,0.8396902401409426,1.0103097598590574,1.5637849381710252,1.5810468772248936,-0.0002030961479552373,0.0013820668932650374,0.8396902401409426,1.0103097598590574,,,,,,,,,,,,,,,
bridge,8,3,112,0.25,alternating,context,40,0,23,,,,,,,,,,,,,40.0,0.0,40.0,1.5784041719364108,40.0,0.0,40.0,0.006577749611106567,40.0,0.0,40.0,0.7,,,,,,,,,,,,,,,,1.5784041719364108,1.56824545146199,1.5885628924108317,0.006577749611106567,0.002770896436878772,0.010384602785334363,0.7,0.551575064540525,0.848424935459475,1.56824545146199,1.5885628924108317,0.002770896436878772,0.010384602785334363,0.551575064540525,0.848424935459475
bridge,8,3,112,0.25,equal,pair,40,0,28,40.0,0.0,40.0,1.5699116341719535,40.0,0.0,40.0,0.000819729184939285,40.0,0.0,40.0,0.925,,,,,,,,,,,,,1.5699116341719535,1.5609539979233302,1.5788692704205767,0.000819729184939285,-0.00016089098540233494,0.0018003493552809049,0.925,0.8396902401409426,1.0103097598590574,1.5609539979233302,1.5788692704205767,-0.00016089098540233494,0.0018003493552809049,0.8396902401409426,1.0103097598590574,,,,,,,,,,,,,,,
bridge,8,3,112,0.25,equal,context,40,0,24,,,,,,,,,,,,,40.0,0.0,40.0,1.5733502070183267,40.0,0.0,40.0,0.004258302031312397,40.0,0.0,40.0,0.775,,,,,,,,,,,,,,,,1.5733502070183267,1.5635042781270003,1.5831961359096531,0.004258302031312397,0.000821706341320178,0.007694897721304617,0.775,0.6397493591132202,0.9102506408867799,1.5635042781270003,1.5831961359096531,0.000821706341320178,0.007694897721304617,0.6397493591132202,0.9102506408867799
bridge,8,3,112,0.5,alternating,pair,40,0,14,40.0,0.0,40.0,1.5586077218612662,40.0,0.0,40.0,0.001730649292569207,40.0,0.0,40.0,0.8,,,,,,,,,,,,,1.5586077218612662,1.5536275428403978,1.5635879008821345,0.001730649292569207,0.00046336561424691926,0.002997932970891495,0.8,0.6704440949024801,0.92955590509752,1.5536275428403978,1.5635879008821345,0.00046336561424691926,0.002997932970891495,0.6704440949024801,0.92955590509752,,,,,,,,,,,,,,,
bridge,8,3,112,0.5,alternating,context,40,0,9,,,,,,,,,,,,,40.0,0.0,40.0,1.5628135798025276,40.0,0.0,40.0,0.00593650723383069,40.0,0.0,40.0,0.675,,,,,,,,,,,,,,,,1.5628135798025276,1.556910430315366,1.568716729289689,0.00593650723383069,0.0020555432662245163,0.009817471201436863,0.675,0.523298180997243,0.8267018190027571,1.556910430315366,1.568716729289689,0.0020555432662245163,0.009817471201436863,0.523298180997243,0.8267018190027571
bridge,8,3,112,0.5,equal,pair,40,0,10,40.0,0.0,40.0,1.564547086169157,40.0,0.0,40.0,0.0014209512628064252,40.0,0.0,40.0,0.875,,,,,,,,,,,,,1.564547086169157,1.558166600372311,1.5709275719660032,0.0014209512628064252,-7.063636249303104e-05,0.0029125388881058815,0.875,0.7678835294475241,0.9821164705524759,1.558166600372311,1.5709275719660032,-7.063636249303104e-05,0.0029125388881058815,0.7678835294475241,0.9821164705524759,,,,,,,,,,,,,,,
bridge,8,3,112,0.5,equal,context,40,0,7,,,,,,,,,,,,,40.0,0.0,40.0,1.568110366808126,40.0,0.0,40.0,0.004984231901775417,40.0,0.0,40.0,0.7,,,,,,,,,,,,,,,,1.568110366808126,1.5616974746799819,1.57452325893627,0.004984231901775417,0.001929844768607655,0.008038619034943179,0.7,0.551575064540525,0.848424935459475,1.5616974746799819,1.57452325893627,0.001929844768607655,0.008038619034943179,0.551575064540525,0.848424935459475
bridge,8,3,112,0.75,alternating,pair,40,0,7,40.0,0.0,40.0,1.5362541646937515,40.0,0.0,40.0,0.0005685240639133275,40.0,0.0,40.0,0.95,,,,,,,,,,,,,1.5362541646937515,1.5301414730444103,1.5423668563430928,0.0005685240639133275,-0.00034212158030621424,0.0014791697081328692,0.95,0.8794098627676206,1.0205901372323793,1.5301414730444103,1.5423668563430928,-0.00034212158030621424,0.0014791697081328692,0.8794098627676206,1.0205901372323793,,,,,,,,,,,,,,,
bridge,8,3,112,0.75,alternating,context,40,0,0,,,,,,,,,,,,,40.0,0.0,40.0,1.5382895404695685,40.0,0.0,40.0,0.002603899839730095,40.0,0.0,40.0,0.875,,,,,,,,,,,,,,,,1.5382895404695685,1.530994760529832,1.545584320409305,0.002603899839730095,-0.0007668059551241878,0.005974605634584378,0.875,0.7678835294475241,0.9821164705524759,1.530994760529832,1.545584320409305,-0.0007668059551241878,0.005974605634584378,0.7678835294475241,0.9821164705524759
bridge,8,3,112,0.75,equal,pair,40,0,1,40.0,0.0,40.0,1.5395657660717805,40.0,0.0,40.0,0.0001617459232551125,40.0,0.0,40.0,0.975,,,,,,,,,,,,,1.5395657660717805,1.5343915788436733,1.5447399532998878,0.0001617459232551125,-0.00016541608706596622,0.0004889079335761912,0.975,0.924432726999081,1.025567273000919,1.5343915788436733,1.5447399532998878,-0.00016541608706596622,0.0004889079335761912,0.924432726999081,1.025567273000919,,,,,,,,,,,,,,,
bridge,8,3,112,0.75,equal,context,40,0,2,,,,,,,,,,,,,40.0,0.0,40.0,1.540938319495454,40.0,0.0,40.0,0.0015342993469287176,40.0,0.0,40.0,0.95,,,,,,,,,,,,,,,,1.540938319495454,1.5356750969293405,1.5462015420615676,0.0015342993469287176,-0.0010654703070695915,0.0041340690009270264,0.95,0.8794098627676206,1.0205901372323793,1.5356750969293405,1.5462015420615676,-0.0010654703070695915,0.0041340690009270264,0.8794098627676206,1.0205901372323793
bridge,8,3,112,1.0,alternating,pair,40,0,0,40.0,0.0,40.0,1.5000191743593292,40.0,0.0,40.0,0.0,40.0,0.0,40.0,1.0,,,,,,,,,,,,,1.5000191743593292,1.4944068277581448,1.5056315209605136,0.0,0.0,0.0,1.0,1.0,1.0,1.4944068277581448,1.5056315209605136,0.0,0.0,1.0,1.0,,,,,,,,,,,,,,,
bridge,8,3,112,1.0,alternating,context,40,0,0,,,,,,,,,,,,,40.0,0.0,40.0,1.5000191743593292,40.0,0.0,40.0,0.0,40.0,0.0,40.0,1.0,,,,,,,,,,,,,,,,1.5000191743593292,1.4944068277581448,1.5056315209605136,0.0,0.0,0.0,1.0,1.0,1.0,1.4944068277581448,1.5056315209605136,0.0,0.0,1.0,1.0
bridge,8,3,112,1.0,equal,pair,40,0,0,40.0,0.0,40.0,1.5150099510532367,40.0,0.0,40.0,0.0,40.0,0.0,40.0,1.0,,,,,,,,,,,,,1.5150099510532367,1.5081531698982151,1.5218667322082582,0.0,0.0,0.0,1.0,1.0,1.0,1.5081531698982151,1.5218667322082582,0.0,0.0,1.0,1.0,,,,,,,,,,,,,,,
bridge,8,3,112,1.0,equal,context,40,0,0,,,,,,,,,,,,,40.0,0.0,40.0,1.5150099510532367,40.0,0.0,40.0,0.0,40.0,0.0,40.0,1.0,,,,,,,,,,,,,,,,1.5150099510532367,1.5081531698982151,1.5218667322082582,0.0,0.0,0.0,1.0,1.0,1.0,1.5081531698982151,1.5218667322082582,0.0,0.0,1.0,1.0
bridge,8,3,448,0.0,alternating,pair,40,0,40,40.0,0.0,40.0,1.5348693196960643,40.0,0.0,40.0,0.0,40.0,0.0,40.0,1.0,,,,,,,,,,,,,1.5348693196960643,1.5344920228462373,1.5352466165458913,0.0,0.0,0.0,1.0,1.0,1.0,1.5344920228462373,1.5352466165458913,0.0,0.0,1.0,1.0,,,,,,,,,,,,,,,
bridge,8,3,448,0.0,alternating,context,40,0,40,,,,,,,,,,,,,40.0,0.0,40.0,1.5348693196960643,40.0,0.0,40.0,0.0,40.0,0.0,40.0,1.0,,,,,,,,,,,,,,,,1.5348693196960643,1.5344920228462373,1.5352466165458913,0.0,0.0,0.0,1.0,1.0,1.0,1.5344920228462373,1.5352466165458913,0.0,0.0,1.0,1.0
bridge,8,3,448,0.0,equal,pair,40,0,40,40.0,0.0,40.0,1.537335623111926,40.0,0.0,40.0,0.0,40.0,0.0,40.0,1.0,,,,,,,,,,,,,1.537335623111926,1.5346154835478558,1.540055762675996,0.0,0.0,0.0,1.0,1.0,1.0,1.5346154835478558,1.540055762675996,0.0,0.0,1.0,1.0,,,,,,,,,,,,,,,
bridge,8,3,448,0.0,equal,context,40,0,40,,,,,,,,,,,,,40.0,0.0,40.0,1.537335623111926,40.0,0.0,40.0,0.0,40.0,0.0,40.0,1.0,,,,,,,,,,,,,,,,1.537335623111926,1.5346154835478558,1.540055762675996,0.0,0.0,0.0,1.0,1.0,1.0,1.5346154835478558,1.540055762675996,0.0,0.0,1.0,1.0
bridge,8,3,448,0.25,alternating,pair,40,0,37,40.0,0.0,40.0,1.5389255716539658,40.0,0.0,40.0,0.0,40.0,0.0,40.0,1.0,,,,,,,,,,,,,1.5389255716539658,1.535511351372396,1.5423397919355357,0.0,0.0,0.0,1.0,1.0,1.0,1.535511351372396,1.5423397919355357,0.0,0.0,1.0,1.0,,,,,,,,,,,,,,,
bridge,8,3,448,0.25,alternating,context,40,0,34,,,,,,,,,,,,,40.0,0.0,40.0,1.5413028969519145,40.0,0.0,40.0,0.0023773252979486124,40.0,0.0,40.0,0.875,,,,,,,,,,,,,,,,1.5413028969519145,1.5372155306678426,1.5453902632359864,0.0023773252979486124,-0.00016004211850454515,0.00491469271440177,0.875,0.7678835294475241,0.9821164705524759,1.5372155306678426,1.5453902632359864,-0.00016004211850454515,0.00491469271440177,0.7678835294475241,0.9821164705524759
bridge,8,3,448,0.25,equal,pair,40,0,40,40.0,0.0,40.0,1.5381909302875427,40.0,0.0,40.0,0.0,40.0,0.0,40.0,1.0,,,,,,,,,,,,,1.5381909302875427,1.535175734611839,1.5412061259632464,0.0,0.0,0.0,1.0,1.0,1.0,1.535175734611839,1.5412061259632464,0.0,0.0,1.0,1.0,,,,,,,,,,,,,,,
bridge,8,3,448,0.25,equal,context,40,0,35,,,,,,,,,,,,,40.0,0.0,40.0,1.5418727495205056,40.0,0.0,40.0,0.0036818192329629226,40.0,0.0,40.0,0.875,,,,,,,,,,,,,,,,1.5418727495205056,1.537485304926854,1.5462601941141572,0.0036818192329629226,0.000265352957908342,0.007098285508017503,0.875,0.7678835294475241,0.9821164705524759,1.537485304926854,1.5462601941141572,0.000265352957908342,0.007098285508017503,0.7678835294475241,0.9821164705524759
bridge,8,3,448,0.5,alternating,pair,40,0,25,40.0,0.0,40.0,1.5378333048812167,40.0,0.0,40.0,0.0011102706827576835,40.0,0.0,40.0,0.725,,,,,,,,,,,,,1.5378333048812167,1.5362048109960282,1.5394617987664052,0.0011102706827576835,0.0002540747304049678,0.001966466635110399,0.725,0.5803785966029212,0.8696214033970787,1.5362048109960282,1.5394617987664052,0.0002540747304049678,0.001966466635110399,0.5803785966029212,0.8696214033970787,,,,,,,,,,,,,,,
bridge,8,3,448,0.5,alternating,context,40,0,16,,,,,,,,,,,,,40.0,0.0,40.0,1.541528473465203,40.0,0.0,40.0,0.004805439266744149,40.0,0.0,40.0,0.35,,,,,,,,,,,,,,,,1.541528473465203,1.539132847337536,1.54392409959287,0.004805439266744149,0.0028887534033075523,0.006722125130180746,0.35,0.19551442919052786,0.5044855708094721,1.539132847337536,1.54392409959287,0.0028887534033075523,0.006722125130180746,0.19551442919052786,0.5044855708094721
bridge,8,3,448,0.5,equal,pair,40,0,26,40.0,0.0,40.0,1.5367391255298462,40.0,0.0,40.0,0.0011186611905017727,40.0,0.0,40.0,0.775,,,,,,,,,,,,,1.5367391255298462,1.5356236187575767,1.5378546323021156,0.0011186611905017727,0.00034300582010265914,0.0018943165609008863,0.775,0.6397493591132202,0.9102506408867799,1.5356236187575767,1.5378546323021156,0.00034300582010265914,0.0018943165609008863,0.6397493591132202,0.9102506408867799,,,,,,,,,,,,,,,
bridge,8,3,448,0.5,equal,context,40,0,18,,,,,,,,,,,,,40.0,0.0,40.0,1.538542480079964,40.0,0.0,40.0,0.0029220157406194326,40.0,0.0,40.0,0.575,,,,,,,,,,,,,,,,1.538542480079964,1.5371286278285268,1.5399563323314014,0.0029220157406194326,0.0015835758578552357,0.004260455623383629,0.575,0.4148873635561479,0.735112636443852,1.5371286278285268,1.5399563323314014,0.0015835758578552357,0.004260455623383629,0.4148873635561479,0.735112636443852
bridge,8,3,448,0.75,alternating,pair,40,0,2,40.0,0.0,40.0,1.510925134812262,40.0,0.0,40.0,0.00107898024607955,40.0,0.0,40.0,0.95,,,,,,,,,,,,,1.510925134812262,1.508471274937802,1.5133789946867222,0.00107898024607955,-0.0004448177686227567,0.0026027782607818566,0.95,0.8794098627676206,1.0205901372323793,1.508471274937802,1.5133789946867222,-0.0004448177686227567,0.0026027782607818566,0.8794098627676206,1.0205901372323793,,,,,,,,,,,,,,,
bridge,8,3,448,0.75,alternating,context,40,0,0,,,,,,,,,,,,,40.0,0.0,40.0,1.5098461545661825,40.0,0.0,40.0,0.0,40.0,0.0,40.0,1.0,,,,,,,,,,,,,,,,1.5098461545661825,1.5081599653956517,1.5115323437367134,0.0,0.0,0.0,1.0,1.0,1.0,1.5081599653956517,1.5115323437367134,0.0,0.0,1.0,1.0
bridge,8,3,448,0.75,equal,pair,40,0,0,40.0,0.0,40.0,1.514757830701152,40.0,0.0,40.0,0.0,40.0,0.0,40.0,1.0,,,,,,,,,,,,,1.514757830701152,1.5133244970381443,1.5161911643641597,0.0,0.0,0.0,1.0,1.0,1.0,1.5133244970381443,1.5161911643641597,0.0,0.0,1.0,1.0,,,,,,,,,,,,,,,
bridge,8,3,448,0.75,equal,context,40,0,3,,,,,,,,,,,,,40.0,0.0,40.0,1.5170251149312943,40.0,0.0,40.0,0.0022672842301423727,40.0,0.0,40.0,0.925,,,,,,,,,,,,,,,,1.5170251149312943,1.5142311122360381,1.5198191176265505,0.0022672842301423727,-0.0004049123906223963,0.004939480850907141,0.925,0.8396902401409426,1.0103097598590574,1.5142311122360381,1.5198191176265505,-0.0004049123906223963,0.004939480850907141,0.8396902401409426,1.0103097598590574
bridge,8,3,448,1.0,alternating,pair,40,0,0,40.0,0.0,40.0,1.4769470538474259,40.0,0.0,40.0,0.0,40.0,0.0,40.0,1.0,,,,,,,,,,,,,1.4769470538474259,1.475610496961061,1.4782836107337907,0.0,0.0,0.0,1.0,1.0,1.0,1.475610496961061,1.4782836107337907,0.0,0.0,1.0,1.0,,,,,,,,,,,,,,,
bridge,8,3,448,1.0,alternating,context,40,0,0,,,,,,,,,,,,,40.0,0.0,40.0,1.4769470538474259,40.0,0.0,40.0,0.0,40.0,0.0,40.0,1.0,,,,,,,,,,,,,,,,1.4769470538474259,1.475610496961061,1.4782836107337907,0.0,0.0,0.0,1.0,1.0,1.0,1.475610496961061,1.4782836107337907,0.0,0.0,1.0,1.0
bridge,8,3,448,1.0,equal,pair,40,0,0,40.0,0.0,40.0,1.4844985268313446,40.0,0.0,40.0,0.0,40.0,0.0,40.0,1.0,,,,,,,,,,,,,1.4844985268313446,1.4832443724945021,1.4857526811681872,0.0,0.0,0.0,1.0,1.0,1.0,1.4832443724945021,1.4857526811681872,0.0,0.0,1.0,1.0,,,,,,,,,,,,,,,
bridge,8,3,448,1.0,equal,context,40,0,0,,,,,,,,,,,,,40.0,0.0,40.0,1.4844985268313446,40.0,0.0,40.0,0.0,40.0,0.0,40.0,1.0,,,,,,,,,,,,,,,,1.4844985268313446,1.4832443724945021,1.4857526811681872,0.0,0.0,0.0,1.0,1.0,1.0,1.4832443724945021,1.4857526811681872,0.0,0.0,1.0,1.0
