n,r,N,family,value,shape,mean_inversions,equal_gap_probability_sd,within_shell_kl,context_probability_sd,context_slope
32,3,40,bridge,0.0,equal,0.8266854234999625,1.1102230246251565e-16,0.0,0.04149980360131176,0.10339113311720693
32,3,160,bridge,0.0,equal,0.8266854234999625,1.1102230246251565e-16,0.0,0.04149980360131176,0.10339113311720693
32,3,640,bridge,0.0,equal,0.8266854234999625,1.1102230246251565e-16,0.0,0.04149980360131176,0.10339113311720693
32,3,40,bridge,0.5,equal,0.8266854234999955,0.053718676588444654,0.009483086919992476,0.02074990180065589,0.05169556655860354
32,3,160,bridge,0.5,equal,0.8266854234999955,0.053718676588444654,0.009483086919992476,0.02074990180065589,0.05169556655860354
32,3,640,bridge,0.5,equal,0.8266854234999955,0.053718676588444654,0.009483086919992476,0.02074990180065589,0.05169556655860354
32,3,40,bridge,1.0,equal,0.8266854235000348,0.10743735317688931,0.03943202295758639,2.13544025768219e-16,6.349203698947805e-18
32,3,160,bridge,1.0,equal,0.8266854235000348,0.10743735317688931,0.03943202295758639,2.13544025768219e-16,6.349203698947805e-18
32,3,640,bridge,1.0,equal,0.8266854235000348,0.10743735317688931,0.03943202295758639,2.13544025768219e-16,6.349203698947805e-18
