part,cell,rep,family,value,shape,n,r,N,lambda_,mu,unseen_items,primary_sm,sm_nll,pl_nll,pair_choice,discovery_pair_sm,discovery_pair_pl,context_choice,context_eligible_cells,context_status,pair_selected_nll,pair_regret,pair_correct,context_selected_nll,context_regret,context_correct,context_observed,context_sm_predicted,context_pl_predicted
coverage,0,0,bridge,0.0,equal,32,3,40,0.24193548387096775,3.75,0,borda,1.9708376573701925,,abstain,0.7728098720011753,,abstain,0,fit_unavailable,,,,,,,,,
coverage,0,1,bridge,0.0,equal,32,3,40,0.24193548387096775,3.75,0,borda,2.1102435668583066,,abstain,0.8483992486865707,,abstain,0,fit_unavailable,,,,,,,,,
coverage,0,2,bridge,0.0,equal,32,3,40,0.24193548387096775,3.75,1,borda,1.9563941866871049,,abstain,0.7578025387793654,,abstain,0,fit_unavailable,,,,,,,,,
coverage,0,3,bridge,0.0,equal,32,3,40,0.24193548387096775,3.75,0,borda,1.9776779190031597,,abstain,0.7808227602410359,,abstain,0,fit_unavailable,,,,,,,,,
coverage,0,4,bridge,0.0,equal,32,3,40,0.24193548387096775,3.75,1,borda,2.0189776709301133,,abstain,0.8035423716648534,,abstain,0,fit_unavailable,,,,,,,,,
coverage,0,5,bridge,0.0,equal,32,3,40,0.24193548387096775,3.75,0,borda,2.2555330982927426,,abstain,0.8582246223018452,,abstain,0,fit_unavailable,,,,,,,,,
coverage,0,6,bridge,0.0,equal,32,3,40,0.24193548387096775,3.75,0,borda,1.9721329019522789,,abstain,0.7687903355792937,,abstain,0,fit_unavailable,,,,,,,,,
coverage,0,7,bridge,0.0,equal,32,3,40,0.24193548387096775,3.75,1,borda,2.105975099031805,,abstain,0.8200870048504715,,abstain,0,fit_unavailable,,,,,,,,,
coverage,0,8,bridge,0.0,equal,32,3,40,0.24193548387096775,3.75,0,borda,2.023847426835558,,abstain,0.8010687361359041,,abstain,0,fit_unavailable,,,,,,,,,
coverage,0,9,bridge,0.0,equal,32,3,40,0.24193548387096775,3.75,1,borda,1.8473560919789673,,abstain,0.7304298492328021,,abstain,0,fit_unavailable,,,,,,,,,
coverage,0,10,bridge,0.0,equal,32,3,40,0.24193548387096775,3.75,0,borda,2.1118403201989855,,abstain,0.8208251104731963,,abstain,0,fit_unavailable,,,,,,,,,
coverage,0,11,bridge,0.0,equal,32,3,40,0.24193548387096775,3.75,0,borda,1.9978599533945363,,abstain,0.7508853006225771,,abstain,0,fit_unavailable,,,,,,,,,
coverage,0,12,bridge,0.0,equal,32,3,40,0.24193548387096775,3.75,1,borda,1.9182970613965007,,abstain,0.7535346627485544,,abstain,0,fit_unavailable,,,,,,,,,
coverage,0,13,bridge,0.0,equal,32,3,40,0.24193548387096775,3.75,0,borda,1.9680201808397646,,abstain,0.7875616332503236,,abstain,0,fit_unavailable,,,,,,,,,
coverage,0,14,bridge,0.0,equal,32,3,40,0.24193548387096775,3.75,0,borda,1.9667048720107827,,abstain,0.7418192986653103,,abstain,0,fit_unavailable,,,,,,,,,
coverage,0,15,bridge,0.0,equal,32,3,40,0.24193548387096775,3.75,1,borda,2.0871614505983063,,abstain,0.8400237043600446,,abstain,0,fit_unavailable,,,,,,,,,
coverage,0,16,bridge,0.0,equal,32,3,40,0.24193548387096775,3.75,0,borda,2.1357747071867745,,abstain,0.8166895140731042,,abstain,0,fit_unavailable,,,,,,,,,
coverage,0,17,bridge,0.0,equal,32,3,40,0.24193548387096775,3.75,1,borda,1.8666422998534653,,abstain,0.7294313855211103,,abstain,0,fit_unavailable,,,,,,,,,
coverage,0,18,bridge,0.0,equal,32,3,40,0.24193548387096775,3.75,1,borda,2.0790344847677202,,abstain,0.8148195032360115,,abstain,0,fit_unavailable,,,,,,,,,
coverage,0,19,bridge,0.0,equal,32,3,40,0.24193548387096775,3.75,1,borda,1.7966532142134928,,abstain,0.7137215228339004,,abstain,0,fit_unavailable,,,,,,,,,
coverage,0,20,bridge,0.0,equal,32,3,40,0.24193548387096775,3.75,0,borda,1.909115534160669,,abstain,0.7187020891661721,,abstain,0,fit_unavailable,,,,,,,,,
coverage,0,21,bridge,0.0,equal,32,3,40,0.24193548387096775,3.75,1,borda,1.9241727813321157,,abstain,0.7371676892328235,,abstain,0,fit_unavailable,,,,,,,,,
coverage,0,22,bridge,0.0,equal,32,3,40,0.24193548387096775,3.75,0,borda,1.929795315147674,,abstain,0.7540006610452508,,abstain,0,fit_unavailable,,,,,,,,,
coverage,0,23,bridge,0.0,equal,32,3,40,0.24193548387096775,3.75,0,borda,2.0726148887860365,,abstain,0.7911524514284495,,abstain,0,fit_unavailable,,,,,,,,,
coverage,0,24,bridge,0.0,equal,32,3,40,0.24193548387096775,3.75,1,borda,1.8362258652679702,,abstain,0.6948970106324726,,abstain,0,fit_unavailable,,,,,,,,,
coverage,0,25,bridge,0.0,equal,32,3,40,0.24193548387096775,3.75,0,borda,1.921384402226292,,abstain,0.7586075603456865,,abstain,0,fit_unavailable,,,,,,,,,
coverage,0,26,bridge,0.0,equal,32,3,40,0.24193548387096775,3.75,1,borda,2.075860604688912,,abstain,0.7898273990728046,,abstain,0,fit_unavailable,,,,,,,,,
coverage,0,27,bridge,0.0,equal,32,3,40,0.24193548387096775,3.75,0,borda,1.838564405641786,,abstain,0.7139960653345516,,abstain,0,fit_unavailable,,,,,,,,,
coverage,0,28,bridge,0.0,equal,32,3,40,0.24193548387096775,3.75,0,borda,1.8764373214677916,,abstain,0.7342483066395666,,abstain,0,fit_unavailable,,,,,,,,,
coverage,0,29,bridge,0.0,equal,32,3,40,0.24193548387096775,3.75,1,borda,1.9005272762104655,,abstain,0.7344701384478979,,abstain,0,fit_unavailable,,,,,,,,,
coverage,0,30,bridge,0.0,equal,32,3,40,0.24193548387096775,3.75,0,borda,1.9933550556446316,,abstain,0.7882899480486291,,abstain,0,fit_unavailable,,,,,,,,,
coverage,0,31,bridge,0.0,equal,32,3,40,0.24193548387096775,3.75,1,borda,1.9459221383575387,,abstain,0.7316940094950081,,abstain,0,fit_unavailable,,,,,,,,,
coverage,0,32,bridge,0.0,equal,32,3,40,0.24193548387096775,3.75,2,borda,1.9771829484841816,,abstain,0.7773539313264238,,abstain,0,fit_unavailable,,,,,,,,,
coverage,0,33,bridge,0.0,equal,32,3,40,0.24193548387096775,3.75,2,borda,1.876821839428483,,abstain,0.7311498849509911,,abstain,0,fit_unavailable,,,,,,,,,
coverage,0,34,bridge,0.0,equal,32,3,40,0.24193548387096775,3.75,0,borda,2.125290311786946,,abstain,0.8158289194303556,,abstain,0,fit_unavailable,,,,,,,,,
coverage,0,35,bridge,0.0,equal,32,3,40,0.24193548387096775,3.75,0,borda,1.9621689147235366,,abstain,0.7503417324183286,,abstain,0,fit_unavailable,,,,,,,,,
coverage,0,36,bridge,0.0,equal,32,3,40,0.24193548387096775,3.75,1,borda,2.2080873696768792,,abstain,0.8245998626348857,,abstain,0,fit_unavailable,,,,,,,,,
coverage,0,37,bridge,0.0,equal,32,3,40,0.24193548387096775,3.75,2,borda,1.9077365314323074,,abstain,0.7631059195054983,,abstain,0,fit_unavailable,,,,,,,,,
coverage,0,38,bridge,0.0,equal,32,3,40,0.24193548387096775,3.75,1,borda,1.9989616513192143,,abstain,0.7861829232224147,,abstain,0,fit_unavailable,,,,,,,,,
coverage,0,39,bridge,0.0,equal,32,3,40,0.24193548387096775,3.75,0,borda,2.0413347854661974,,abstain,0.7553875927910313,,abstain,0,fit_unavailable,,,,,,,,,
coverage,1,0,bridge,0.0,equal,32,3,160,0.967741935483871,15.0,0,borda,1.660369328754241,1.6721125989705499,pl,0.6290584834626682,0.6212460418049889,sm,177,ok,1.6721125989705499,0.011743270216308943,0.0,1.660369328754241,0.0,1.0,0.05104654746342449,0.09985161356428746,0.0
coverage,1,1,bridge,0.0,equal,32,3,160,0.967741935483871,15.0,0,borda,1.6834480691743594,1.7271092749878534,sm,0.6542805458146274,0.686362352112235,pl,178,ok,1.6834480691743594,0.0,1.0,1.7271092749878534,0.043661205813493975,0.0,0.01379516180359661,0.08581115146256925,0.0
coverage,1,2,bridge,0.0,equal,32,3,160,0.967741935483871,15.0,0,borda,1.6847689992275883,1.7128259728214652,sm,0.6456000057810525,0.6586024720174677,pl,183,ok,1.6847689992275883,0.0,1.0,1.7128259728214652,0.028056973593876933,0.0,0.03406960998341244,0.10684190313317685,0.0
coverage,1,3,bridge,0.0,equal,32,3,160,0.967741935483871,15.0,0,borda,1.7131218547578777,1.7259850317750283,sm,0.6465077634604468,0.6482619269419589,pl,179,ok,1.7131218547578777,0.0,1.0,1.7259850317750283,0.012863177017150562,0.0,0.013942295365493546,0.10049458977601279,0.0
coverage,1,4,bridge,0.0,equal,32,3,160,0.967741935483871,15.0,0,borda,1.680644140621916,1.6814436287503907,pl,0.64365332642488,0.6431685997342312,pl,181,ok,1.6814436287503907,0.0007994881284747457,0.0,1.6814436287503907,0.0007994881284747457,0.0,0.012896996681800773,0.10295988732426298,0.0
coverage,1,5,bridge,0.0,equal,32,3,160,0.967741935483871,15.0,0,borda,1.7035990133872443,1.7717817936036646,sm,0.6582836684830926,0.6725626880213974,pl,187,ok,1.7035990133872443,0.0,1.0,1.7717817936036646,0.06818278021642032,0.0,0.0014853949195304495,0.10174883771190608,0.0
coverage,1,6,bridge,0.0,equal,32,3,160,0.967741935483871,15.0,0,borda,1.693437191222387,1.7758051655444818,sm,0.6525735484286436,0.7069567616827601,sm,186,ok,1.693437191222387,0.0,1.0,1.693437191222387,0.0,1.0,0.07550814781530372,0.10632246369622621,0.0
coverage,1,7,bridge,0.0,equal,32,3,160,0.967741935483871,15.0,0,borda,1.6934371912223867,1.700562036345131,pl,0.6665994201483555,0.6613840802713606,pl,171,ok,1.700562036345131,0.007124845122744361,0.0,1.700562036345131,0.007124845122744361,0.0,0.022618645918765858,0.10632246369622615,0.0
coverage,1,8,bridge,0.0,equal,32,3,160,0.967741935483871,15.0,0,borda,1.6806239669117182,1.6904801083243384,pl,0.6299583781254885,0.6221505402800527,pl,191,ok,1.6904801083243384,0.009856141412620145,0.0,1.6904801083243384,0.009856141412620145,0.0,0.009540768461003706,0.09985161356428751,0.0
coverage,1,9,bridge,0.0,equal,32,3,160,0.967741935483871,15.0,0,borda,1.7120525584972477,1.7540376796785297,sm,0.6486507867277326,0.6720995573844826,sm,178,ok,1.7120525584972477,0.0,1.0,1.7120525584972477,0.0,1.0,0.059753132473849384,0.10235983234296943,0.0
coverage,1,10,bridge,0.0,equal,32,3,160,0.967741935483871,15.0,0,borda,1.7498721551003864,1.7893351362454215,sm,0.6619576541797385,0.6661832962194574,pl,177,ok,1.7498721551003864,0.0,1.0,1.7893351362454215,0.0394629811450351,0.0,-0.018890438502463712,0.09853464046649034,0.0
coverage,1,11,bridge,0.0,equal,32,3,160,0.967741935483871,15.0,0,borda,1.6577291405695316,1.6929165646920599,sm,0.6493522269316554,0.6513582658174075,sm,168,ok,1.6577291405695316,0.0,1.0,1.6577291405695316,0.0,1.0,0.04511774329063328,0.08981966544427056,0.0
coverage,1,12,bridge,0.0,equal,32,3,160,0.967741935483871,15.0,0,borda,1.6996083578448367,1.77640747206099,sm,0.6452689925868766,0.6713665526024142,pl,184,ok,1.6996083578448367,0.0,1.0,1.77640747206099,0.07679911421615326,0.0,0.03888644269483247,0.09287265693938909,0.0
coverage,1,13,bridge,0.0,equal,32,3,160,0.967741935483871,15.0,0,borda,1.6933652388800906,1.7060730160416568,pl,0.6601068524754283,0.6480029370810519,pl,177,ok,1.7060730160416568,0.012707777161566236,0.0,1.7060730160416568,0.012707777161566236,0.0,-0.01644791933820374,0.09361351913104515,0.0
coverage,1,14,bridge,0.0,equal,32,3,160,0.967741935483871,15.0,0,borda,1.655921691030331,1.6814967832069905,pl,0.6218099447281957,0.6214179044705681,pl,197,ok,1.6814967832069905,0.025575092176659542,0.0,1.6814967832069905,0.025575092176659542,0.0,0.0449072584229625,0.09361351913104518,0.0
coverage,1,15,bridge,0.0,equal,32,3,160,0.967741935483871,15.0,0,borda,1.7133095090790205,1.7521838754594492,sm,0.6640840652551186,0.6719523121448476,pl,181,ok,1.7133095090790205,0.0,1.0,1.7521838754594492,0.03887436638042874,0.0,0.04430624526057648,0.1078443014635508,0.0
coverage,1,16,bridge,0.0,equal,32,3,160,0.967741935483871,15.0,0,borda,1.7089456504454357,1.7204897520927644,sm,0.6544394471849739,0.6621932552361894,pl,186,ok,1.7089456504454357,0.0,1.0,1.7204897520927644,0.011544101647328775,0.0,0.04150448881574379,0.08903464961440978,0.0
coverage,1,17,bridge,0.0,equal,32,3,160,0.967741935483871,15.0,0,borda,1.6873894594556758,1.6789830271581707,pl,0.6405047141327995,0.6320627850736167,pl,182,ok,1.6789830271581707,0.0,1.0,1.6789830271581707,0.0,1.0,0.03332769291878212,0.10295988732426303,0.0
coverage,1,18,bridge,0.0,equal,32,3,160,0.967741935483871,15.0,0,borda,1.8068291018993694,1.8942674393350893,sm,0.6829415852774455,0.7203230777643153,pl,189,ok,1.8068291018993694,0.0,1.0,1.8942674393350893,0.08743833743571994,0.0,0.023064500241394045,0.10049458977601265,0.0
coverage,1,19,bridge,0.0,equal,32,3,160,0.967741935483871,15.0,0,borda,1.7296045105434683,1.7235532705462422,pl,0.6885853885087717,0.6860570918051911,pl,165,ok,1.7235532705462422,0.0,1.0,1.7235532705462422,0.0,1.0,-0.0007822057910640271,0.10579106584535228,0.0
coverage,1,20,bridge,0.0,equal,32,3,160,0.967741935483871,15.0,0,borda,1.748266529410341,1.7615990736927645,sm,0.6579178333806103,0.6733234987582798,pl,172,ok,1.748266529410341,0.0,1.0,1.7615990736927645,0.013332544282423475,0.0,0.009517247370119592,0.09919825192995538,0.0
coverage,1,21,bridge,0.0,equal,32,3,160,0.967741935483871,15.0,0,borda,1.701188638305574,1.726471155951598,pl,0.6586760476898326,0.654801941760435,pl,189,ok,1.726471155951598,0.02528251764602385,0.0,1.726471155951598,0.02528251764602385,0.0,0.006172674148794877,0.10879703581079887,0.0
coverage,1,22,bridge,0.0,equal,32,3,160,0.967741935483871,15.0,0,borda,1.7350300790443667,1.7363621350826506,sm,0.6546729700325598,0.6603667776914528,pl,190,ok,1.7350300790443667,0.0,1.0,1.7363621350826506,0.001332056038283902,0.0,0.04288847006780847,0.10174883771190611,0.0
coverage,1,23,bridge,0.0,equal,32,3,160,0.967741935483871,15.0,0,borda,1.6788191626886482,1.6953652238040369,pl,0.6635308940877345,0.6597068149926967,pl,168,ok,1.6953652238040369,0.0165460611153887,0.0,1.6953652238040369,0.0165460611153887,0.0,0.01392577161739302,0.09648364596985069,0.0
coverage,1,24,bridge,0.0,equal,32,3,160,0.967741935483871,15.0,0,borda,1.7221832103974468,1.753285355483164,sm,0.6474994882735123,0.6684583906334801,pl,182,ok,1.7221832103974468,0.0,1.0,1.753285355483164,0.03110214508571718,0.0,0.00425270698695526,0.10469299178080622,0.0
coverage,1,25,bridge,0.0,equal,32,3,160,0.967741935483871,15.0,0,borda,1.7347567350598896,1.8315323039417466,sm,0.6659736461597973,0.6925942156548707,pl,189,ok,1.7347567350598896,0.0,1.0,1.8315323039417466,0.09677556888185701,0.0,0.005009758146954286,0.10524785914535918,0.0
coverage,1,26,bridge,0.0,equal,32,3,160,0.967741935483871,15.0,0,borda,1.734788973993401,1.7618534284064193,sm,0.6720062099204217,0.6787605643827519,pl,177,ok,1.734788973993401,0.0,1.0,1.7618534284064193,0.027064454413018302,0.0,0.026617012144477953,0.09786091362188626,0.0
coverage,1,27,bridge,0.0,equal,32,3,160,0.967741935483871,15.0,0,borda,1.6936367297908752,1.7063280107412933,sm,0.6456297565953961,0.6473665848585449,sm,178,ok,1.6936367297908752,0.0,1.0,1.6936367297908752,0.0,1.0,0.0498135737215312,0.09506750237747744,0.0
coverage,1,28,bridge,0.0,equal,32,3,160,0.967741935483871,15.0,0,borda,1.7116426021100217,1.7032720405057713,pl,0.6596461691082913,0.6559602567676177,pl,188,ok,1.7032720405057713,0.0,1.0,1.7032720405057713,0.0,1.0,-0.023260372492993422,0.08415100461607485,0.0
coverage,1,29,bridge,0.0,equal,32,3,160,0.967741935483871,15.0,0,borda,1.7138823076166778,1.8261777044867276,sm,0.6667815429790861,0.6973161043222373,pl,172,ok,1.7138823076166778,0.0,1.0,1.8261777044867276,0.11229539687004975,0.0,0.004635098681499576,0.11339881515370812,0.0
coverage,1,30,bridge,0.0,equal,32,3,160,0.967741935483871,15.0,0,borda,1.7168438741970748,1.7245939542272086,pl,0.6628393180194592,0.6606200698090761,pl,169,ok,1.7245939542272086,0.007750080030133777,0.0,1.7245939542272086,0.007750080030133777,0.0,-0.006547744138360156,0.10112704380648924,0.0
coverage,1,31,bridge,0.0,equal,32,3,160,0.967741935483871,15.0,0,borda,1.7543544674675293,1.7379263083763759,pl,0.6562750133146052,0.6502965328790252,pl,188,ok,1.7379263083763759,0.0,1.0,1.7379263083763759,0.0,1.0,0.01317070683016218,0.09786091362188624,0.0
coverage,1,32,bridge,0.0,equal,32,3,160,0.967741935483871,15.0,0,borda,1.6421775016588538,1.6848289384896042,sm,0.6191908403702148,0.6266949340491136,pl,183,ok,1.6421775016588538,0.0,1.0,1.6848289384896042,0.042651436830750455,0.0,0.030467453850304485,0.10049458977601275,0.0
coverage,1,33,bridge,0.0,equal,32,3,160,0.967741935483871,15.0,0,borda,1.6820590227272358,1.7169424592597538,pl,0.6513938093525874,0.6472037647872265,pl,182,ok,1.7169424592597538,0.03488343653251791,0.0,1.7169424592597538,0.03488343653251791,0.0,-0.010269216552425936,0.09853464046649033,0.0
coverage,1,34,bridge,0.0,equal,32,3,160,0.967741935483871,15.0,0,borda,1.6929444279070078,1.7105999270584333,sm,0.6431360040682189,0.6507801341089796,pl,180,ok,1.6929444279070078,0.0,1.0,1.7105999270584333,0.017655499151425502,0.0,0.015033387696492487,0.10295988732426299,0.0
coverage,1,35,bridge,0.0,equal,32,3,160,0.967741935483871,15.0,0,borda,1.7510600114953236,1.7944216856753588,sm,0.6674413654439868,0.6919866120695172,pl,182,ok,1.7510600114953236,0.0,1.0,1.7944216856753588,0.043361674180035115,0.0,0.04231313697857262,0.1004945897760127,0.0
coverage,1,36,bridge,0.0,equal,32,3,160,0.967741935483871,15.0,0,borda,1.707805747120739,1.746895726751827,pl,0.6401432082200434,0.6375793474117734,pl,179,ok,1.746895726751827,0.03908997963108796,0.0,1.746895726751827,0.03908997963108796,0.0,0.033053636908782366,0.0950675023774774,0.0
coverage,1,37,bridge,0.0,equal,32,3,160,0.967741935483871,15.0,0,borda,1.6871252973955368,1.7026104622887543,sm,0.6495679755836578,0.6529393762031607,pl,179,ok,1.6871252973955368,0.0,1.0,1.7026104622887543,0.015485164893217496,0.0,0.03911478009282498,0.09717720471804168,0.0
coverage,1,38,bridge,0.0,equal,32,3,160,0.967741935483871,15.0,0,borda,1.7406377096005392,1.7090264197639513,pl,0.67972894998001,0.6675790304661546,sm,186,ok,1.7090264197639513,0.0,1.0,1.7406377096005392,0.0316112898365879,0.0,0.0698359239100345,0.09985161356428741,0.0
coverage,1,39,bridge,0.0,equal,32,3,160,0.967741935483871,15.0,0,borda,1.690470598306133,1.709708810006198,sm,0.6363102074844783,0.6403077780066126,pl,177,ok,1.690470598306133,0.0,1.0,1.709708810006198,0.0192382117000649,0.0,0.044762455508983286,0.10235983234296943,0.0
coverage,2,0,bridge,0.0,equal,32,3,640,3.870967741935484,60.0,0,borda,1.6344762053767843,1.636689391836186,pl,0.627445048676192,0.6258271558758467,pl,194,ok,1.636689391836186,0.002213186459401717,0.0,1.636689391836186,0.002213186459401717,0.0,0.04116361172902047,0.09324423073051541,0.0
coverage,2,1,bridge,0.0,equal,32,3,640,3.870967741935484,60.0,0,borda,1.6194180800526972,1.633720817827624,sm,0.5988097434875028,0.6013404793059046,pl,171,ok,1.6194180800526972,0.0,1.0,1.633720817827624,0.014302737774926744,0.0,0.04304673872407232,0.09595709186964223,0.0
coverage,2,2,bridge,0.0,equal,32,3,640,3.870967741935484,60.0,0,borda,1.6191015159978759,1.6306514424338674,sm,0.6162461096852279,0.6222828476527651,pl,201,ok,1.6191015159978759,0.0,1.0,1.6306514424338674,0.011549926435991509,0.0,0.03050433689665322,0.0934291615891192,0.0
coverage,2,3,bridge,0.0,equal,32,3,640,3.870967741935484,60.0,0,borda,1.6312721538963715,1.6248349476007482,sm,0.6163953379169577,0.6231987481993515,sm,171,ok,1.6312721538963715,0.006437206295623277,0.0,1.6312721538963715,0.006437206295623277,0.0,0.06556485873695123,0.10190260426394308,0.0
coverage,2,4,bridge,0.0,equal,32,3,640,3.870967741935484,60.0,0,borda,1.6184822605342792,1.6467542199270802,sm,0.6095992725250118,0.6135035608925148,sm,172,ok,1.6184822605342792,0.0,1.0,1.6184822605342792,0.0,1.0,0.06568701912269967,0.09734906051281361,0.0
coverage,2,5,bridge,0.0,equal,32,3,640,3.870967741935484,60.0,0,borda,1.587088751250103,1.6130457178398447,sm,0.6086939196985595,0.6141927933772053,pl,184,ok,1.587088751250103,0.0,1.0,1.6130457178398447,0.02595696658974167,0.0,0.04697864906804088,0.09952622242327856,0.0
coverage,2,6,bridge,0.0,equal,32,3,640,3.870967741935484,60.0,0,borda,1.5752650958259267,1.6040458193832667,sm,0.6052051072713184,0.6144788662629431,sm,184,ok,1.5752650958259267,0.0,1.0,1.5752650958259267,0.0,1.0,0.08799412037118753,0.10001333657265742,0.0
coverage,2,7,bridge,0.0,equal,32,3,640,3.870967741935484,60.0,0,borda,1.5842268927177994,1.6197375148538966,sm,0.6210164394819833,0.6315606172821966,sm,176,ok,1.5842268927177994,0.0,1.0,1.5842268927177994,0.0,1.0,0.0722744118717068,0.09985161356428743,0.0
coverage,2,8,bridge,0.0,equal,32,3,640,3.870967741935484,60.0,0,borda,1.6597154167283046,1.6707854180851065,pl,0.6358507362102691,0.6232375428971739,pl,171,ok,1.6707854180851065,0.011070001356801917,0.0,1.6707854180851065,0.011070001356801917,0.0,-0.009458320308140145,0.09968924147269363,0.0
coverage,2,9,bridge,0.0,equal,32,3,640,3.870967741935484,60.0,0,borda,1.5968064782017068,1.6112966834731268,sm,0.6115199071914708,0.6181751298720124,sm,184,ok,1.5968064782017068,0.0,1.0,1.5968064782017068,0.0,1.0,0.059644543442748735,0.09886771899724647,0.0
coverage,2,10,bridge,0.0,equal,32,3,640,3.870967741935484,60.0,0,borda,1.5556903991639226,1.5870677180038966,sm,0.6200038722753269,0.6268812128417586,pl,165,ok,1.5556903991639226,0.0,1.0,1.5870677180038966,0.03137731883997397,0.0,0.04008839487613505,0.10112704380648932,0.0
coverage,2,11,bridge,0.0,equal,32,3,640,3.870967741935484,60.0,0,borda,1.6285175567370995,1.6248065807090033,pl,0.6285888374888007,0.6214966732657502,sm,185,ok,1.6248065807090033,0.0,1.0,1.6285175567370995,0.0037109760280962245,0.0,0.060717380230378336,0.09416313209846236,0.0
coverage,2,12,bridge,0.0,equal,32,3,640,3.870967741935484,60.0,0,borda,1.606979261343845,1.6143942671610383,sm,0.6109970459428866,0.6145231279191314,pl,178,ok,1.606979261343845,0.0,1.0,1.6143942671610383,0.007415005817193343,0.0,0.04149524881203689,0.09968924147269373,0.0
coverage,2,13,bridge,0.0,equal,32,3,640,3.870967741935484,60.0,0,borda,1.5946943009870056,1.6214510779128157,sm,0.608181996025994,0.6160083305802982,sm,189,ok,1.5946943009870056,0.0,1.0,1.5946943009870056,0.0,1.0,0.0648862951394698,0.10190260426394308,0.0
coverage,2,14,bridge,0.0,equal,32,3,640,3.870967741935484,60.0,0,borda,1.6174955388856123,1.6203350841520248,sm,0.6188140380013443,0.6212661724183497,pl,177,ok,1.6174955388856123,0.0,1.0,1.6203350841520248,0.002839545266412502,0.0,0.011027398634010916,0.09193382684788245,0.0
coverage,2,15,bridge,0.0,equal,32,3,640,3.870967741935484,60.0,0,borda,1.6242067051816023,1.6179898988348438,sm,0.6172844496686398,0.621184644573503,sm,180,ok,1.6242067051816023,0.006216806346758474,0.0,1.6242067051816023,0.006216806346758474,0.0,0.07881850144367664,0.0981990331080443,0.0
coverage,2,16,bridge,0.0,equal,32,3,640,3.870967741935484,60.0,0,borda,1.6043042162096974,1.630425077766116,sm,0.599741922238154,0.6015843539400334,sm,189,ok,1.6043042162096974,0.0,1.0,1.6043042162096974,0.0,1.0,0.052120085581816515,0.09342916158911921,0.0
coverage,2,17,bridge,0.0,equal,32,3,640,3.870967741935484,60.0,0,borda,1.6436086247136037,1.6520012774105715,sm,0.6345592786008354,0.6375221110438825,sm,186,ok,1.6436086247136037,0.0,1.0,1.6436086247136037,0.0,1.0,0.05084879660567763,0.0970047333133113,0.0
coverage,2,18,bridge,0.0,equal,32,3,640,3.870967741935484,60.0,0,borda,1.602865093193284,1.6358326158153198,sm,0.6288493713330083,0.6326843636876269,pl,170,ok,1.602865093193284,0.0,1.0,1.6358326158153198,0.03296752262203584,0.0,0.041208524956234435,0.0996892414726936,0.0
coverage,2,19,bridge,0.0,equal,32,3,640,3.870967741935484,60.0,0,borda,1.6217299553312137,1.6236676261760845,sm,0.6167181872102181,0.619801970661841,sm,176,ok,1.6217299553312137,0.0,1.0,1.6217299553312137,0.0,1.0,0.07617670293277759,0.09630873263467736,0.0
coverage,2,20,bridge,0.0,equal,32,3,640,3.870967741935484,60.0,0,borda,1.5934288331490067,1.600827851918814,sm,0.6132782582878635,0.6213603568958006,sm,175,ok,1.5934288331490067,0.0,1.0,1.5934288331490067,0.0,1.0,0.061059648039299405,0.09952622242327865,0.0
coverage,2,21,bridge,0.0,equal,32,3,640,3.870967741935484,60.0,0,borda,1.6184289114620498,1.6273577981383256,pl,0.6186182868675889,0.6143886802618204,sm,176,ok,1.6273577981383256,0.008928886676275782,0.0,1.6184289114620498,0.0,1.0,0.060762877341190576,0.09342916158911915,0.0
coverage,2,22,bridge,0.0,equal,32,3,640,3.870967741935484,60.0,0,borda,1.6321021958290036,1.6453246102834749,pl,0.6300186053803909,0.6298170236781809,pl,169,ok,1.6453246102834749,0.013222414454471254,0.0,1.6453246102834749,0.013222414454471254,0.0,0.03538409026263391,0.09648364596985055,0.0
coverage,2,23,bridge,0.0,equal,32,3,640,3.870967741935484,60.0,0,borda,1.5800502906056164,1.6002221380191477,sm,0.6062934884403207,0.6080859162820302,pl,178,ok,1.5800502906056164,0.0,1.0,1.6002221380191477,0.020171847413531285,0.0,0.0431725157862696,0.09717720471804163,0.0
coverage,2,24,bridge,0.0,equal,32,3,640,3.870967741935484,60.0,0,borda,1.6108477841973659,1.6295686475423743,sm,0.6129276315830238,0.6163218606397141,sm,171,ok,1.6108477841973659,0.0,1.0,1.6108477841973659,0.0,1.0,0.06304221794270051,0.09717720471804155,0.0
coverage,2,25,bridge,0.0,equal,32,3,640,3.870967741935484,60.0,0,borda,1.6364866674695486,1.6229296767115708,sm,0.6194590706438828,0.6220705403069876,pl,178,ok,1.6364866674695486,0.013556990757977783,0.0,1.6229296767115708,0.0,1.0,0.02988002094155118,0.0948878027582986,0.0
coverage,2,26,bridge,0.0,equal,32,3,640,3.870967741935484,60.0,0,borda,1.6382726969775467,1.6370311956512928,pl,0.6171749384861693,0.6125643706235391,pl,164,ok,1.6370311956512928,0.0,1.0,1.6370311956512928,0.0,1.0,0.0286549465712243,0.09542512593604456,0.0
coverage,2,27,bridge,0.0,equal,32,3,640,3.870967741935484,60.0,0,borda,1.5864837018443385,1.6008275792108917,sm,0.6246717161709093,0.6274536421614015,sm,179,ok,1.5864837018443385,0.0,1.0,1.5864837018443385,0.0,1.0,0.05636795839408232,0.0915543775336816,0.0
coverage,2,28,bridge,0.0,equal,32,3,640,3.870967741935484,60.0,0,borda,1.6129651209710203,1.6301944826918904,sm,0.6219729718642943,0.6245990830505379,pl,178,ok,1.6129651209710203,0.0,1.0,1.6301944826918904,0.017229361720870084,0.0,0.04520780933254412,0.10049458977601274,0.0
coverage,2,29,bridge,0.0,equal,32,3,640,3.870967741935484,60.0,0,borda,1.6047084200984387,1.612676504196425,pl,0.6088699102487729,0.6085919505592123,pl,182,ok,1.612676504196425,0.007968084097986328,0.0,1.612676504196425,0.007968084097986328,0.0,0.025590330249641767,0.09434517659581605,0.0
coverage,2,30,bridge,0.0,equal,32,3,640,3.870967741935484,60.0,0,borda,1.6381883103153074,1.6518616012974061,sm,0.6354296903859826,0.6368109944673811,pl,184,ok,1.6381883103153074,0.0,1.0,1.6518616012974061,0.013673290982098685,0.0,0.021515279801287788,0.1029598873242629,0.0
coverage,2,31,bridge,0.0,equal,32,3,640,3.870967741935484,60.0,0,borda,1.6133264440349968,1.630891649926937,sm,0.6045056798062951,0.6075297890523849,sm,180,ok,1.6133264440349968,0.0,1.0,1.6133264440349968,0.0,1.0,0.05913501268622913,0.09305872852522896,0.0
coverage,2,32,bridge,0.0,equal,32,3,640,3.870967741935484,60.0,0,borda,1.6338503883746207,1.6553958211893094,sm,0.6246835235060871,0.628263949489783,pl,181,ok,1.6338503883746207,0.0,1.0,1.6553958211893094,0.02154543281468868,0.0,0.02021594889412136,0.09506750237747748,0.0
coverage,2,33,bridge,0.0,equal,32,3,640,3.870967741935484,60.0,0,borda,1.6106120995486577,1.627975394655914,pl,0.6231221192063299,0.6209160682817421,pl,183,ok,1.627975394655914,0.017363295107256205,0.0,1.627975394655914,0.017363295107256205,0.0,0.035457523373104025,0.10251087719111279,0.0
coverage,2,34,bridge,0.0,equal,32,3,640,3.870967741935484,60.0,0,borda,1.6421543436279162,1.6482166031261032,sm,0.6265194139363729,0.6315038972638706,pl,174,ok,1.6421543436279162,0.0,1.0,1.6482166031261032,0.00606225949818695,0.0,0.03481247035083171,0.09886771899724647,0.0
coverage,2,35,bridge,0.0,equal,32,3,640,3.870967741935484,60.0,0,borda,1.6620278969614,1.6598755506776448,pl,0.6276727277244614,0.6196582706940876,pl,179,ok,1.6598755506776448,0.0,1.0,1.6598755506776448,0.0,1.0,-0.02618420114517239,0.09398050636545299,0.0
coverage,2,36,bridge,0.0,equal,32,3,640,3.870967741935484,60.0,0,borda,1.6166078282990946,1.6513400031418932,sm,0.6097094985183065,0.6200122217216193,sm,182,ok,1.6166078282990946,0.0,1.0,1.6166078282990946,0.0,1.0,0.05302808744943938,0.10412661057911103,0.0
coverage,2,37,bridge,0.0,equal,32,3,640,3.870967741935484,60.0,0,borda,1.591353524662097,1.6159509687884968,sm,0.5936908983759515,0.6028240551111378,sm,188,ok,1.591353524662097,0.0,1.0,1.591353524662097,0.0,1.0,0.07435217395115797,0.09985161356428748,0.0
coverage,2,38,bridge,0.0,equal,32,3,640,3.870967741935484,60.0,0,borda,1.6124538476785308,1.6193374096999935,pl,0.6058734353737835,0.6007106007702728,pl,182,ok,1.6193374096999935,0.006883562021462675,0.0,1.6193374096999935,0.006883562021462675,0.0,0.017889952151933064,0.09683164835378502,0.0
coverage,2,39,bridge,0.0,equal,32,3,640,3.870967741935484,60.0,0,borda,1.6398776087523361,1.6535333009275153,sm,0.6125044583305592,0.6216704960114904,sm,176,ok,1.6398776087523361,0.0,1.0,1.6398776087523361,0.0,1.0,0.08159229549601262,0.09434517659581604,0.0
coverage,3,0,bridge,0.5,equal,32,3,40,0.24193548387096775,3.75,2,borda,1.952624041148122,,abstain,0.7123798636398868,,abstain,0,fit_unavailable,,,,,,,,,
coverage,3,1,bridge,0.5,equal,32,3,40,0.24193548387096775,3.75,0,borda,2.052792020431099,,abstain,0.8037177248168413,,abstain,0,fit_unavailable,,,,,,,,,
coverage,3,2,bridge,0.5,equal,32,3,40,0.24193548387096775,3.75,1,borda,1.9334857705823312,,abstain,0.756471260836217,,abstain,0,fit_unavailable,,,,,,,,,
coverage,3,3,bridge,0.5,equal,32,3,40,0.24193548387096775,3.75,2,borda,1.8164326406311808,,abstain,0.7171842874534873,,abstain,0,fit_unavailable,,,,,,,,,
coverage,3,4,bridge,0.5,equal,32,3,40,0.24193548387096775,3.75,0,borda,1.8143033567171236,,abstain,0.6819458926683896,,abstain,0,fit_unavailable,,,,,,,,,
coverage,3,5,bridge,0.5,equal,32,3,40,0.24193548387096775,3.75,1,borda,1.8410945530269953,,abstain,0.7286506339975432,,abstain,0,fit_unavailable,,,,,,,,,
coverage,3,6,bridge,0.5,equal,32,3,40,0.24193548387096775,3.75,1,borda,2.034098637067312,,abstain,0.8018288192847419,,abstain,0,fit_unavailable,,,,,,,,,
coverage,3,7,bridge,0.5,equal,32,3,40,0.24193548387096775,3.75,1,borda,2.019095005433634,,abstain,0.8012883701420094,,abstain,0,fit_unavailable,,,,,,,,,
coverage,3,8,bridge,0.5,equal,32,3,40,0.24193548387096775,3.75,0,borda,2.071604013778301,,abstain,0.8243814802832116,,abstain,0,fit_unavailable,,,,,,,,,
coverage,3,9,bridge,0.5,equal,32,3,40,0.24193548387096775,3.75,1,borda,1.8181661072328321,,abstain,0.7160847691349811,,abstain,0,fit_unavailable,,,,,,,,,
coverage,3,10,bridge,0.5,equal,32,3,40,0.24193548387096775,3.75,1,borda,1.8981089674152636,,abstain,0.7186217511354107,,abstain,0,fit_unavailable,,,,,,,,,
coverage,3,11,bridge,0.5,equal,32,3,40,0.24193548387096775,3.75,1,borda,1.989740687093898,,abstain,0.783508548703563,,abstain,0,fit_unavailable,,,,,,,,,
coverage,3,12,bridge,0.5,equal,32,3,40,0.24193548387096775,3.75,0,borda,1.8405031763815551,,abstain,0.7199661519082731,,abstain,0,fit_unavailable,,,,,,,,,
coverage,3,13,bridge,0.5,equal,32,3,40,0.24193548387096775,3.75,1,borda,2.0251827981606505,,abstain,0.7892786408049131,,abstain,0,fit_unavailable,,,,,,,,,
coverage,3,14,bridge,0.5,equal,32,3,40,0.24193548387096775,3.75,0,borda,2.0184203155363933,,abstain,0.8128867120877534,,abstain,0,fit_unavailable,,,,,,,,,
coverage,3,15,bridge,0.5,equal,32,3,40,0.24193548387096775,3.75,2,borda,1.952614248211515,,abstain,0.7553235528958497,,abstain,0,fit_unavailable,,,,,,,,,
coverage,3,16,bridge,0.5,equal,32,3,40,0.24193548387096775,3.75,1,borda,2.004087321510893,,abstain,0.7530700823755409,,abstain,0,fit_unavailable,,,,,,,,,
coverage,3,17,bridge,0.5,equal,32,3,40,0.24193548387096775,3.75,0,borda,1.9522527451075888,,abstain,0.770922593584735,,abstain,0,fit_unavailable,,,,,,,,,
coverage,3,18,bridge,0.5,equal,32,3,40,0.24193548387096775,3.75,0,borda,1.887590601074905,,abstain,0.7178325233115777,,abstain,0,fit_unavailable,,,,,,,,,
coverage,3,19,bridge,0.5,equal,32,3,40,0.24193548387096775,3.75,0,borda,2.235802262699245,,abstain,0.8859797217624289,,abstain,0,fit_unavailable,,,,,,,,,
coverage,3,20,bridge,0.5,equal,32,3,40,0.24193548387096775,3.75,1,borda,1.8178024413732596,,abstain,0.6608867821309548,,abstain,0,fit_unavailable,,,,,,,,,
coverage,3,21,bridge,0.5,equal,32,3,40,0.24193548387096775,3.75,1,borda,1.8672994932710614,,abstain,0.7365509746225855,,abstain,0,fit_unavailable,,,,,,,,,
coverage,3,22,bridge,0.5,equal,32,3,40,0.24193548387096775,3.75,1,borda,2.076388390768867,,abstain,0.824774176700246,,abstain,0,fit_unavailable,,,,,,,,,
coverage,3,23,bridge,0.5,equal,32,3,40,0.24193548387096775,3.75,1,borda,2.2198623134781443,,abstain,0.8669476218585023,,abstain,0,fit_unavailable,,,,,,,,,
coverage,3,24,bridge,0.5,equal,32,3,40,0.24193548387096775,3.75,0,borda,2.345738917371215,,abstain,0.9304013368570045,,abstain,0,fit_unavailable,,,,,,,,,
coverage,3,25,bridge,0.5,equal,32,3,40,0.24193548387096775,3.75,0,borda,1.7467723767032313,,abstain,0.6686516124532189,,abstain,0,fit_unavailable,,,,,,,,,
coverage,3,26,bridge,0.5,equal,32,3,40,0.24193548387096775,3.75,1,borda,1.7560053691733901,,abstain,0.6768104832189351,,abstain,0,fit_unavailable,,,,,,,,,
coverage,3,27,bridge,0.5,equal,32,3,40,0.24193548387096775,3.75,0,borda,2.2318279825388263,,abstain,0.8540611025299625,,abstain,0,fit_unavailable,,,,,,,,,
coverage,3,28,bridge,0.5,equal,32,3,40,0.24193548387096775,3.75,1,borda,1.8684371080745286,,abstain,0.7069833764285945,,abstain,0,fit_unavailable,,,,,,,,,
coverage,3,29,bridge,0.5,equal,32,3,40,0.24193548387096775,3.75,2,borda,1.9327725317157833,,abstain,0.75133461953838,,abstain,0,fit_unavailable,,,,,,,,,
coverage,3,30,bridge,0.5,equal,32,3,40,0.24193548387096775,3.75,0,borda,2.493542809100525,,abstain,0.9579037521794496,,abstain,0,fit_unavailable,,,,,,,,,
coverage,3,31,bridge,0.5,equal,32,3,40,0.24193548387096775,3.75,1,borda,1.8965834776485622,,abstain,0.7385797812736821,,abstain,0,fit_unavailable,,,,,,,,,
coverage,3,32,bridge,0.5,equal,32,3,40,0.24193548387096775,3.75,1,borda,1.8356270063112494,,abstain,0.6946705323592887,,abstain,0,fit_unavailable,,,,,,,,,
coverage,3,33,bridge,0.5,equal,32,3,40,0.24193548387096775,3.75,1,borda,1.9026768060062893,,abstain,0.7261526604852626,,abstain,0,fit_unavailable,,,,,,,,,
coverage,3,34,bridge,0.5,equal,32,3,40,0.24193548387096775,3.75,0,borda,1.8609923214694875,,abstain,0.7009463377271854,,abstain,0,fit_unavailable,,,,,,,,,
coverage,3,35,bridge,0.5,equal,32,3,40,0.24193548387096775,3.75,0,borda,1.8227521465630399,,abstain,0.7054362035272859,,abstain,0,fit_unavailable,,,,,,,,,
coverage,3,36,bridge,0.5,equal,32,3,40,0.24193548387096775,3.75,0,borda,1.805710070024305,,abstain,0.6918063636648926,,abstain,0,fit_unavailable,,,,,,,,,
coverage,3,37,bridge,0.5,equal,32,3,40,0.24193548387096775,3.75,1,borda,1.8923094914862362,,abstain,0.7112199684540813,,abstain,0,fit_unavailable,,,,,,,,,
coverage,3,38,bridge,0.5,equal,32,3,40,0.24193548387096775,3.75,0,borda,1.952624041148122,,abstain,0.7659504714706574,,abstain,0,fit_unavailable,,,,,,,,,
coverage,3,39,bridge,0.5,equal,32,3,40,0.24193548387096775,3.75,1,borda,2.1944404790179632,,abstain,0.8834609502257998,,abstain,0,fit_unavailable,,,,,,,,,
coverage,4,0,bridge,0.5,equal,32,3,160,0.967741935483871,15.0,0,borda,1.6188342697282723,1.6051741750936863,pl,0.6329825813677216,0.6230263478534797,pl,172,ok,1.6051741750936863,0.0,1.0,1.6051741750936863,0.0,1.0,0.04142309535053601,0.1068419031331768,0.0
coverage,4,1,bridge,0.5,equal,32,3,160,0.967741935483871,15.0,0,borda,1.605606190946561,1.6240502162318315,sm,0.6071397550299205,0.6134735962329075,pl,180,ok,1.605606190946561,0.0,1.0,1.6240502162318315,0.01844402528527045,0.0,0.03142044115473756,0.10925438973128145,0.0
coverage,4,2,bridge,0.5,equal,32,3,160,0.967741935483871,15.0,0,borda,1.6468662366492564,1.649750625220384,pl,0.6186862795805819,0.614265384449669,pl,183,ok,1.649750625220384,0.002884388571127605,0.0,1.649750625220384,0.002884388571127605,0.0,0.03397551148045844,0.09985161356428754,0.0
coverage,4,3,bridge,0.5,equal,32,3,160,0.967741935483871,15.0,0,borda,1.6776409157798127,1.6408851647417462,pl,0.644844424664766,0.6282844218341955,pl,179,ok,1.6408851647417462,0.0,1.0,1.6408851647417462,0.0,1.0,-0.010811403934537627,0.10579106584535221,0.0
coverage,4,4,bridge,0.5,equal,32,3,160,0.967741935483871,15.0,0,borda,1.648376453724719,1.6451301465684043,pl,0.650976754995678,0.632801328314558,pl,170,ok,1.6451301465684043,0.0,1.0,1.6451301465684043,0.0,1.0,-0.02366506377174478,0.10684190313317678,0.0
coverage,4,5,bridge,0.5,equal,32,3,160,0.967741935483871,15.0,0,borda,1.6836180160863288,1.644464194254792,pl,0.6628926387634249,0.6355724167792716,pl,174,ok,1.644464194254792,0.0,1.0,1.644464194254792,0.0,1.0,-0.0012741238303068596,0.11095333711211554,0.0
coverage,4,6,bridge,0.5,equal,32,3,160,0.967741935483871,15.0,0,borda,1.6362815095855279,1.6169765121024118,pl,0.6317181566207494,0.6170530008263477,pl,188,ok,1.6169765121024118,0.0,1.0,1.6169765121024118,0.0,1.0,0.001129342030723816,0.0991982519299555,0.0
coverage,4,7,bridge,0.5,equal,32,3,160,0.967741935483871,15.0,0,borda,1.615393722776383,1.6905045520758715,sm,0.6366025060468039,0.6549207000889016,pl,175,ok,1.615393722776383,0.0,1.0,1.6905045520758715,0.07511082929948842,0.0,0.037452225186150274,0.11243568577202023,0.0
coverage,4,8,bridge,0.5,equal,32,3,160,0.967741935483871,15.0,0,borda,1.70902019492547,1.7304842318016331,sm,0.6470974195617284,0.6492069102802895,pl,171,ok,1.70902019492547,0.0,1.0,1.7304842318016331,0.02146403687616316,0.0,0.037217433373838336,0.11095333711211557,0.0
coverage,4,9,bridge,0.5,equal,32,3,160,0.967741935483871,15.0,0,borda,1.6659631525719671,1.6548772157303666,pl,0.6441354820082872,0.6224499455192869,pl,188,ok,1.6548772157303666,0.0,1.0,1.6548772157303666,0.0,1.0,0.00507949998005637,0.10295988732426294,0.0
coverage,4,10,bridge,0.5,equal,32,3,160,0.967741935483871,15.0,0,borda,1.6535343616257023,1.6342455631014572,pl,0.6301603724815465,0.6250095956187576,pl,170,ok,1.6342455631014572,0.0,1.0,1.6342455631014572,0.0,1.0,0.04549706361291153,0.09136382122562685,0.0
coverage,4,11,bridge,0.5,equal,32,3,160,0.967741935483871,15.0,0,borda,1.6197898250644671,1.6183877241253048,pl,0.6374471105579296,0.6348001191556484,pl,192,ok,1.6183877241253048,0.0,1.0,1.6183877241253048,0.0,1.0,0.00841638184216885,0.10832695411279616,0.0
coverage,4,12,bridge,0.5,equal,32,3,160,0.967741935483871,15.0,0,borda,1.625531508856962,1.6471370820367923,pl,0.6094750774164356,0.6036449395217972,pl,191,ok,1.6471370820367923,0.021605573179830362,0.0,1.6471370820367923,0.021605573179830362,0.0,0.03710448191473933,0.10412661057911109,0.0
coverage,4,13,bridge,0.5,equal,32,3,160,0.967741935483871,15.0,0,borda,1.6615995354420328,1.6584057535813734,pl,0.6374666805484858,0.6274158636520433,pl,179,ok,1.6584057535813734,0.0,1.0,1.6584057535813734,0.0,1.0,0.0019456610180444665,0.09786091362188629,0.0
coverage,4,14,bridge,0.5,equal,32,3,160,0.967741935483871,15.0,0,borda,1.6635097479361032,1.6215750950540315,pl,0.6356182564362955,0.6198675569974014,pl,173,ok,1.6215750950540315,0.0,1.0,1.6215750950540315,0.0,1.0,-0.021441281678544685,0.10112704380648921,0.0
coverage,4,15,bridge,0.5,equal,32,3,160,0.967741935483871,15.0,0,borda,1.6576306998949693,1.642957519965002,pl,0.6206560297134693,0.6178184808094841,pl,186,ok,1.642957519965002,0.0,1.0,1.642957519965002,0.0,1.0,0.016382663864662056,0.10295988732426313,0.0
coverage,4,16,bridge,0.5,equal,32,3,160,0.967741935483871,15.0,0,borda,1.6551067628432226,1.6186947812169254,pl,0.6424562103540952,0.620752181955616,pl,179,ok,1.6186947812169254,0.0,1.0,1.6186947812169254,0.0,1.0,0.0073718009273146335,0.09648364596985065,0.0
coverage,4,17,bridge,0.5,equal,32,3,160,0.967741935483871,15.0,0,borda,1.660009365557813,1.6364291310099732,sm,0.6385108864353354,0.6386037373655675,pl,184,ok,1.660009365557813,0.02358023454783975,0.0,1.6364291310099732,0.0,1.0,0.005770339991565862,0.1041266105791111,0.0
coverage,4,18,bridge,0.5,equal,32,3,160,0.967741935483871,15.0,0,borda,1.6824698623177143,1.7244601842951095,sm,0.6300924425278215,0.659614569289057,pl,175,ok,1.6824698623177143,0.0,1.0,1.7244601842951095,0.04199032197739516,0.0,0.02078555675830745,0.09717720471804166,0.0
coverage,4,19,bridge,0.5,equal,32,3,160,0.967741935483871,15.0,0,borda,1.6311175896092882,1.6471456934096713,sm,0.6388172754007894,0.6427241447881192,pl,164,ok,1.6311175896092882,0.0,1.0,1.6471456934096713,0.01602810380038311,0.0,0.0006764279959133516,0.10524785914535904,0.0
coverage,4,20,bridge,0.5,equal,32,3,160,0.967741935483871,15.0,0,borda,1.678376553292023,1.6355375855349772,pl,0.6348915163535391,0.6260854079970481,sm,182,ok,1.6355375855349772,0.0,1.0,1.678376553292023,0.042838967757045765,0.0,0.06085922350171069,0.10174883771190613,0.0
coverage,4,21,bridge,0.5,equal,32,3,160,0.967741935483871,15.0,0,borda,1.6734503032988726,1.6396933805485077,pl,0.619079518206915,0.6187260643959498,pl,188,ok,1.6396933805485077,0.0,1.0,1.6396933805485077,0.0,1.0,0.04388917406736312,0.10579106584535226,0.0
coverage,4,22,bridge,0.5,equal,32,3,160,0.967741935483871,15.0,0,borda,1.6454988229896188,1.632875637898357,pl,0.6312795214222707,0.630305295021255,pl,178,ok,1.632875637898357,0.0,1.0,1.632875637898357,0.0,1.0,0.041558186192983265,0.10469299178080621,0.0
coverage,4,23,bridge,0.5,equal,32,3,160,0.967741935483871,15.0,0,borda,1.634732341680183,1.5973539403175137,pl,0.62058319847269,0.6059762775548354,pl,187,ok,1.5973539403175137,0.0,1.0,1.5973539403175137,0.0,1.0,0.01492127060333459,0.1011270438064893,0.0
coverage,4,24,bridge,0.5,equal,32,3,160,0.967741935483871,15.0,0,borda,1.6895759308482523,1.76310073269828,sm,0.6493464428406219,0.6770527460751196,pl,185,ok,1.6895759308482523,0.0,1.0,1.76310073269828,0.07352480185002763,0.0,0.04642498535764981,0.1087970358107989,0.0
coverage,4,25,bridge,0.5,equal,32,3,160,0.967741935483871,15.0,0,borda,1.720538287768105,1.768277824202769,sm,0.6561648626207353,0.6585017207620062,pl,165,ok,1.720538287768105,0.0,1.0,1.768277824202769,0.047739536434664,0.0,-0.009647285739174307,0.1144758191319119,0.0
coverage,4,26,bridge,0.5,equal,32,3,160,0.967741935483871,15.0,0,borda,1.6684962388388158,1.6477293131328272,pl,0.6444424934871158,0.628849577248786,pl,174,ok,1.6477293131328272,0.0,1.0,1.6477293131328272,0.0,1.0,0.012715704316170548,0.10235983234296944,0.0
coverage,4,27,bridge,0.5,equal,32,3,160,0.967741935483871,15.0,0,borda,1.628671526392844,1.6085987898530285,pl,0.6235505188727241,0.6112587778697466,pl,184,ok,1.6085987898530285,0.0,1.0,1.6085987898530285,0.0,1.0,0.0028062965732071447,0.09059609669255461,0.0
coverage,4,28,bridge,0.5,equal,32,3,160,0.967741935483871,15.0,0,borda,1.6185597583207858,1.5837510335550804,pl,0.6434189684914183,0.6353012250496032,pl,191,ok,1.5837510335550804,0.0,1.0,1.5837510335550804,0.0,1.0,0.04262987173293654,0.10879703581079894,0.0
coverage,4,29,bridge,0.5,equal,32,3,160,0.967741935483871,15.0,0,borda,1.649960378025832,1.650514953487415,sm,0.6359430092143328,0.6370047796967017,pl,172,ok,1.649960378025832,0.0,1.0,1.650514953487415,0.0005545754615829956,0.0,0.019665188134143353,0.11013027927261143,0.0
coverage,4,30,bridge,0.5,equal,32,3,160,0.967741935483871,15.0,0,borda,1.6462515991805526,1.6590839378171869,sm,0.649875972147113,0.6526045462524781,pl,185,ok,1.6462515991805526,0.0,1.0,1.6590839378171869,0.012832338636634244,0.0,0.027545673899263847,0.10879703581079886,0.0
coverage,4,31,bridge,0.5,equal,32,3,160,0.967741935483871,15.0,0,borda,1.6668338504181988,1.714620119546422,sm,0.627893168565447,0.6319348507749056,pl,192,ok,1.6668338504181988,0.0,1.0,1.714620119546422,0.04778626912822315,0.0,0.02524751471835205,0.11054849350060769,0.0
coverage,4,32,bridge,0.5,equal,32,3,160,0.967741935483871,15.0,0,borda,1.6709611553333774,1.6217805864927877,pl,0.6394940765393261,0.6295690557685971,pl,199,ok,1.6217805864927877,0.0,1.0,1.6217805864927877,0.0,1.0,0.03296680649487096,0.10412661057911118,0.0
coverage,4,33,bridge,0.5,equal,32,3,160,0.967741935483871,15.0,0,borda,1.6087852539559206,1.5694089134104336,pl,0.6407891598844194,0.6234667311865774,pl,173,ok,1.5694089134104336,0.0,1.0,1.5694089134104336,0.0,1.0,-0.003590058460113006,0.10784430146355077,0.0
coverage,4,34,bridge,0.5,equal,32,3,160,0.967741935483871,15.0,0,borda,1.6460371386035417,1.6468293952529736,pl,0.6162064876710911,0.6160698085343419,pl,184,ok,1.6468293952529736,0.0007922566494318328,0.0,1.6468293952529736,0.0007922566494318328,0.0,0.03880560577778583,0.08903464961440986,0.0
coverage,4,35,bridge,0.5,equal,32,3,160,0.967741935483871,15.0,0,borda,1.7220563086709118,1.6991864600592024,pl,0.6576231580090066,0.6286280701566713,sm,187,ok,1.6991864600592024,0.0,1.0,1.7220563086709118,0.022869848611709376,0.0,0.05626734406261946,0.10784430146355078,0.0
coverage,4,36,bridge,0.5,equal,32,3,160,0.967741935483871,15.0,0,borda,1.6300713901148218,1.594860683684388,pl,0.6301490671894316,0.613324653069174,pl,174,ok,1.594860683684388,0.0,1.0,1.594860683684388,0.0,1.0,-0.019061099239296813,0.10734923318766686,0.0
coverage,4,37,bridge,0.5,equal,32,3,160,0.967741935483871,15.0,0,borda,1.687186029074954,1.6312659888680159,pl,0.6448038996410708,0.6245144071118864,pl,194,ok,1.6312659888680159,0.0,1.0,1.6312659888680159,0.0,1.0,-0.007639287631585128,0.10412661057911107,0.0
coverage,4,38,bridge,0.5,equal,32,3,160,0.967741935483871,15.0,0,borda,1.6586838220839268,1.6826357007030304,sm,0.647452419161971,0.6538869922245543,pl,182,ok,1.6586838220839268,0.0,1.0,1.6826357007030304,0.023951878619103528,0.0,-0.0010380512532779719,0.10832695411279619,0.0
coverage,4,39,bridge,0.5,equal,32,3,160,0.967741935483871,15.0,0,borda,1.672069479332925,1.6310310396570522,pl,0.6387080543702268,0.6283716604071615,pl,181,ok,1.6310310396570522,0.0,1.0,1.6310310396570522,0.0,1.0,0.041116464790531916,0.08498501326052263,0.0
coverage,5,0,bridge,0.5,equal,32,3,640,3.870967741935484,60.0,0,borda,1.5610028410837464,1.550518960966154,sm,0.6000106080292363,0.6032564222158262,pl,171,ok,1.5610028410837464,0.010483880117592381,0.0,1.550518960966154,0.0,1.0,0.02318140822094287,0.10065369510614439,0.0
coverage,5,1,bridge,0.5,equal,32,3,640,3.870967741935484,60.0,0,borda,1.5757988560054637,1.5418694026359252,pl,0.6252026296368872,0.6089422582696001,pl,174,ok,1.5418694026359252,0.0,1.0,1.5418694026359252,0.0,1.0,-0.0056417808119913855,0.10220810377280469,0.0
coverage,5,2,bridge,0.5,equal,32,3,640,3.870967741935484,60.0,0,borda,1.5927902341613622,1.5670244782111782,pl,0.6016923756516752,0.6010875075099404,pl,186,ok,1.5670244782111782,0.0,1.0,1.5670244782111782,0.0,1.0,0.01725371485689808,0.10592502820628345,0.0
coverage,5,3,bridge,0.5,equal,32,3,640,3.870967741935484,60.0,0,borda,1.5688144355817906,1.5540399040751431,pl,0.6073050593334292,0.5861923216242707,pl,176,ok,1.5540399040751431,0.0,1.0,1.5540399040751431,0.0,1.0,-0.008137914728291847,0.10469299178080625,0.0
coverage,5,4,bridge,0.5,equal,32,3,640,3.870967741935484,60.0,0,borda,1.600499472281357,1.5763474008778524,pl,0.6212833534783779,0.6040291159312796,pl,174,ok,1.5763474008778524,0.0,1.0,1.5763474008778524,0.0,1.0,0.006894471874433784,0.10645345052980569,0.0
coverage,5,5,bridge,0.5,equal,32,3,640,3.870967741935484,60.0,0,borda,1.5798682595674614,1.5683650577643107,pl,0.5919220914680005,0.5744045343874968,pl,182,ok,1.5683650577643107,0.0,1.0,1.5683650577643107,0.0,1.0,-0.005975778525430102,0.10709709132424615,0.0
coverage,5,6,bridge,0.5,equal,32,3,640,3.870967741935484,60.0,0,borda,1.5776933204056585,1.5417492515865818,pl,0.611595894455587,0.5967385918323491,pl,186,ok,1.5417492515865818,0.0,1.0,1.5417492515865818,0.0,1.0,-0.01803021696270152,0.09919825192995539,0.0
coverage,5,7,bridge,0.5,equal,32,3,640,3.870967741935484,60.0,0,borda,1.5519372824850286,1.5297521296158783,pl,0.5931041202069985,0.5896209872589568,pl,182,ok,1.5297521296158783,0.0,1.0,1.5297521296158783,0.0,1.0,0.028709464530125437,0.10524785914535917,0.0
coverage,5,8,bridge,0.5,equal,32,3,640,3.870967741935484,60.0,0,borda,1.585109546884123,1.5529640381998724,pl,0.6005529093549651,0.5884223478596627,pl,186,ok,1.5529640381998724,0.0,1.0,1.5529640381998724,0.0,1.0,0.0353700232217988,0.09919825192995545,0.0
coverage,5,9,bridge,0.5,equal,32,3,640,3.870967741935484,60.0,0,borda,1.577949381494392,1.5266754135317764,pl,0.6080751529090772,0.5862050557370319,pl,181,ok,1.5266754135317764,0.0,1.0,1.5266754135317764,0.0,1.0,-0.004880347986354465,0.10017440836784948,0.0
coverage,5,10,bridge,0.5,equal,32,3,640,3.870967741935484,60.0,0,borda,1.5681365614783478,1.5598168691799357,pl,0.5956153175611425,0.5841692587684252,pl,182,ok,1.5598168691799357,0.0,1.0,1.5598168691799357,0.0,1.0,0.018974600638321883,0.10671317260712354,0.0
coverage,5,11,bridge,0.5,equal,32,3,640,3.870967741935484,60.0,0,borda,1.5676752958740319,1.553984360088283,pl,0.5977733852435962,0.5815176382922305,pl,178,ok,1.553984360088283,0.0,1.0,1.553984360088283,0.0,1.0,0.02593876293668226,0.10784430146355084,0.0
coverage,5,12,bridge,0.5,equal,32,3,640,3.870967741935484,60.0,0,borda,1.5926026416643102,1.5640965817048622,pl,0.6080711598282885,0.5885675990101003,pl,177,ok,1.5640965817048622,0.0,1.0,1.5640965817048622,0.0,1.0,0.0011822775343494013,0.09936255853691345,0.0
coverage,5,13,bridge,0.5,equal,32,3,640,3.870967741935484,60.0,0,borda,1.5626279017489584,1.5427392826701594,pl,0.6078934671365602,0.5942135065741404,pl,169,ok,1.5427392826701594,0.0,1.0,1.5427392826701594,0.0,1.0,0.0014400751567865083,0.10128349708432803,0.0
coverage,5,14,bridge,0.5,equal,32,3,640,3.870967741935484,60.0,0,borda,1.5697648590759792,1.5543994591491195,pl,0.5965440194853561,0.5916277269110695,pl,172,ok,1.5543994591491195,0.0,1.0,1.5543994591491195,0.0,1.0,0.04472068019115867,0.10483279375664419,0.0
coverage,5,15,bridge,0.5,equal,32,3,640,3.870967741935484,60.0,0,borda,1.605984795438267,1.5756766380466591,pl,0.6040822828100811,0.5972247582830211,sm,186,ok,1.5756766380466591,0.0,1.0,1.605984795438267,0.03030815739160797,0.0,0.05310207687361412,0.09819903310804434,0.0
coverage,5,16,bridge,0.5,equal,32,3,640,3.870967741935484,60.0,0,borda,1.5778916923410633,1.556875698603727,pl,0.6125783299735512,0.5838031218907277,pl,172,ok,1.556875698603727,0.0,1.0,1.556875698603727,0.0,1.0,-0.01989459397882532,0.10511022973306022,0.0
coverage,5,17,bridge,0.5,equal,32,3,640,3.870967741935484,60.0,0,borda,1.547770896186082,1.5315169857934063,pl,0.5902595156667526,0.5801510709165518,pl,176,ok,1.5315169857934063,0.0,1.0,1.5315169857934063,0.0,1.0,0.006909526895749317,0.1001744083678494,0.0
coverage,5,18,bridge,0.5,equal,32,3,640,3.870967741935484,60.0,0,borda,1.5932630053452854,1.5563819827334804,pl,0.5957893849455034,0.5921625104844888,pl,188,ok,1.5563819827334804,0.0,1.0,1.5563819827334804,0.0,1.0,0.04206433037521379,0.10426927732252458,0.0
coverage,5,19,bridge,0.5,equal,32,3,640,3.870967741935484,60.0,0,borda,1.5666324495037758,1.563833817795112,pl,0.594926954369626,0.5778826828014144,pl,183,ok,1.563833817795112,0.0,1.0,1.563833817795112,0.0,1.0,0.03928419130460827,0.10017440836784942,0.0
coverage,5,20,bridge,0.5,equal,32,3,640,3.870967741935484,60.0,0,borda,1.5974321732870842,1.5678095936457965,pl,0.6103484188813411,0.5956628409678824,pl,171,ok,1.5678095936457965,0.0,1.0,1.5678095936457965,0.0,1.0,0.023741063606971414,0.10340266426776829,0.0
coverage,5,21,bridge,0.5,equal,32,3,640,3.870967741935484,60.0,0,borda,1.5700328953152412,1.5608399368052863,pl,0.5944764245692372,0.5938832807984943,pl,185,ok,1.5608399368052863,0.0,1.0,1.5608399368052863,0.0,1.0,0.04278963055592463,0.10310817518062704,0.0
coverage,5,22,bridge,0.5,equal,32,3,640,3.870967741935484,60.0,0,borda,1.5690990254779051,1.545780633721499,pl,0.6113398108646197,0.6028683783628597,pl,174,ok,1.545780633721499,0.0,1.0,1.545780633721499,0.0,1.0,-0.004832797754803689,0.10455247019666236,0.0
coverage,5,23,bridge,0.5,equal,32,3,640,3.870967741935484,60.0,0,borda,1.6009564841889374,1.5667512629736422,pl,0.6277110252826239,0.6062265136139529,pl,173,ok,1.5667512629736422,0.0,1.0,1.5667512629736422,0.0,1.0,-0.04181870825963298,0.09903330471426972,0.0
coverage,5,24,bridge,0.5,equal,32,3,640,3.870967741935484,60.0,0,borda,1.5773640832151932,1.5528789227624311,pl,0.596587524389601,0.5832045038051147,pl,184,ok,1.5528789227624311,0.0,1.0,1.5528789227624311,0.0,1.0,0.007685778664426439,0.10220810377280458,0.0
coverage,5,25,bridge,0.5,equal,32,3,640,3.870967741935484,60.0,0,borda,1.5812276866002208,1.553523860410421,pl,0.5921388393345285,0.591975399105389,pl,179,ok,1.553523860410421,0.0,1.0,1.553523860410421,0.0,1.0,0.030503520648340537,0.09836715184533779,0.0
coverage,5,26,bridge,0.5,equal,32,3,640,3.870967741935484,60.0,0,borda,1.5868210573042556,1.560011059302436,pl,0.6104762726491085,0.5975276727330207,pl,179,ok,1.560011059302436,0.0,1.0,1.560011059302436,0.0,1.0,0.008454975821156023,0.09683164835378505,0.0
coverage,5,27,bridge,0.5,equal,32,3,640,3.870967741935484,60.0,0,borda,1.5522350258117346,1.5199363171671503,pl,0.5832039579178112,0.578648112586063,pl,177,ok,1.5199363171671503,0.0,1.0,1.5199363171671503,0.0,1.0,0.049980300786107726,0.10565636543809051,0.0
coverage,5,28,bridge,0.5,equal,32,3,640,3.870967741935484,60.0,0,borda,1.5837524589724015,1.5558203661430707,pl,0.5941584241568985,0.5712552220487026,pl,180,ok,1.5558203661430707,0.0,1.0,1.5558203661430707,0.0,1.0,0.042544987121058205,0.1041266105791111,0.0
coverage,5,29,bridge,0.5,equal,32,3,640,3.870967741935484,60.0,0,borda,1.617314876800204,1.580188342506793,pl,0.6101191737627238,0.6050169817111022,pl,180,ok,1.580188342506793,0.0,1.0,1.580188342506793,0.0,1.0,0.026464427458910096,0.10497187383789934,0.0
coverage,5,30,bridge,0.5,equal,32,3,640,3.870967741935484,60.0,0,borda,1.6009944686220443,1.605589856708033,pl,0.5944393801678136,0.57982211281516,pl,186,ok,1.605589856708033,0.004595388085988583,0.0,1.605589856708033,0.004595388085988583,0.0,0.022313146930842943,0.10398323332059513,0.0
coverage,5,31,bridge,0.5,equal,32,3,640,3.870967741935484,60.0,0,borda,1.578929310424922,1.5698143821591142,sm,0.6013732781540586,0.6047138223553701,pl,189,ok,1.578929310424922,0.009114928265807842,0.0,1.5698143821591142,0.0,1.0,-0.007963517901976962,0.10220810377280466,0.0
coverage,5,32,bridge,0.5,equal,32,3,640,3.870967741935484,60.0,0,borda,1.6173477714031501,1.56548728341726,pl,0.604587138545371,0.5923081064778778,pl,175,ok,1.56548728341726,0.0,1.0,1.56548728341726,0.0,1.0,0.03155070249646859,0.1003348268153395,0.0
coverage,5,33,bridge,0.5,equal,32,3,640,3.870967741935484,60.0,0,borda,1.5855735783156422,1.5416431834853146,pl,0.6071804583351454,0.5861135475617523,pl,186,ok,1.5416431834853146,0.0,1.0,1.5416431834853146,0.0,1.0,0.02362285678337214,0.10354886103327894,0.0
coverage,5,34,bridge,0.5,equal,32,3,640,3.870967741935484,60.0,0,borda,1.576057190246975,1.5462103247925447,pl,0.5925276809701002,0.5840307821927367,pl,181,ok,1.5462103247925447,0.0,1.0,1.5462103247925447,0.0,1.0,0.049960306640181765,0.10565636543809034,0.0
coverage,5,35,bridge,0.5,equal,32,3,640,3.870967741935484,60.0,0,borda,1.554776749270098,1.5406117233099725,pl,0.6058982151419655,0.5995106307576928,sm,205,ok,1.5406117233099725,0.0,1.0,1.554776749270098,0.014165025960125366,0.0,0.054001299244462474,0.09886771899724653,0.0
coverage,5,36,bridge,0.5,equal,32,3,640,3.870967741935484,60.0,0,borda,1.59629318078973,1.5609047829263165,pl,0.6068335531409146,0.5924254384444805,pl,178,ok,1.5609047829263165,0.0,1.0,1.5609047829263165,0.0,1.0,0.015105949857183262,0.10310817518062698,0.0
coverage,5,37,bridge,0.5,equal,32,3,640,3.870967741935484,60.0,0,borda,1.5801698710067422,1.551573365209754,pl,0.6070183735497134,0.5949895644446983,pl,168,ok,1.551573365209754,0.0,1.0,1.551573365209754,0.0,1.0,0.022817563825130588,0.10096992427672011,0.0
coverage,5,38,bridge,0.5,equal,32,3,640,3.870967741935484,60.0,0,borda,1.611603818441076,1.5571796056585416,pl,0.6139118163191553,0.5860940967173752,pl,169,ok,1.5571796056585416,0.0,1.0,1.5571796056585416,0.0,1.0,0.0063384461152941165,0.10295988732426309,0.0
coverage,5,39,bridge,0.5,equal,32,3,640,3.870967741935484,60.0,0,borda,1.5990168948381651,1.5519486691633153,pl,0.6016630517525613,0.5813166047311463,pl,183,ok,1.5519486691633153,0.0,1.0,1.5519486691633153,0.0,1.0,0.03642504573224574,0.1083269541127962,0.0
coverage,6,0,bridge,1.0,equal,32,3,40,0.24193548387096775,3.75,0,borda,1.9189920023223328,,abstain,0.7440525226704867,,abstain,0,fit_unavailable,,,,,,,,,
coverage,6,1,bridge,1.0,equal,32,3,40,0.24193548387096775,3.75,0,borda,1.8939413588604328,,abstain,0.7677498191671259,,abstain,0,fit_unavailable,,,,,,,,,
coverage,6,2,bridge,1.0,equal,32,3,40,0.24193548387096775,3.75,1,borda,1.914601648381611,,abstain,0.7662008073472568,,abstain,0,fit_unavailable,,,,,,,,,
coverage,6,3,bridge,1.0,equal,32,3,40,0.24193548387096775,3.75,0,borda,1.9271852962314393,,abstain,0.7765367943147323,,abstain,0,fit_unavailable,,,,,,,,,
coverage,6,4,bridge,1.0,equal,32,3,40,0.24193548387096775,3.75,0,borda,1.801963384765963,,abstain,0.6988144596052925,,abstain,0,fit_unavailable,,,,,,,,,
coverage,6,5,bridge,1.0,equal,32,3,40,0.24193548387096775,3.75,3,borda,1.8651225313964965,,abstain,0.6966386877679779,,abstain,0,fit_unavailable,,,,,,,,,
coverage,6,6,bridge,1.0,equal,32,3,40,0.24193548387096775,3.75,1,borda,1.7858486454857432,,abstain,0.7080061176084412,,abstain,0,fit_unavailable,,,,,,,,,
coverage,6,7,bridge,1.0,equal,32,3,40,0.24193548387096775,3.75,1,borda,1.9321904185360692,,abstain,0.7383562810289593,,abstain,0,fit_unavailable,,,,,,,,,
coverage,6,8,bridge,1.0,equal,32,3,40,0.24193548387096775,3.75,2,borda,1.7769463645446368,,abstain,0.6536183925676897,,abstain,0,fit_unavailable,,,,,,,,,
coverage,6,9,bridge,1.0,equal,32,3,40,0.24193548387096775,3.75,0,borda,2.0967024570845996,,abstain,0.7937162316110162,,abstain,0,fit_unavailable,,,,,,,,,
coverage,6,10,bridge,1.0,equal,32,3,40,0.24193548387096775,3.75,1,borda,1.9607433074487601,,abstain,0.7530050418461915,,abstain,0,fit_unavailable,,,,,,,,,
coverage,6,11,bridge,1.0,equal,32,3,40,0.24193548387096775,3.75,0,borda,1.9775009421376784,,abstain,0.7571562035111145,,abstain,0,fit_unavailable,,,,,,,,,
coverage,6,12,bridge,1.0,equal,32,3,40,0.24193548387096775,3.75,0,borda,2.1361095139262654,,abstain,0.8181992481688389,,abstain,0,fit_unavailable,,,,,,,,,
coverage,6,13,bridge,1.0,equal,32,3,40,0.24193548387096775,3.75,0,borda,1.811696776072754,,abstain,0.701098297105148,,abstain,0,fit_unavailable,,,,,,,,,
coverage,6,14,bridge,1.0,equal,32,3,40,0.24193548387096775,3.75,1,borda,1.9044347065353548,,abstain,0.712321069224274,,abstain,0,fit_unavailable,,,,,,,,,
coverage,6,15,bridge,1.0,equal,32,3,40,0.24193548387096775,3.75,0,borda,1.959877767494502,,abstain,0.7836922989585696,,abstain,0,fit_unavailable,,,,,,,,,
coverage,6,16,bridge,1.0,equal,32,3,40,0.24193548387096775,3.75,1,borda,2.135563184506917,,abstain,0.8412662301799589,,abstain,0,fit_unavailable,,,,,,,,,
coverage,6,17,bridge,1.0,equal,32,3,40,0.24193548387096775,3.75,0,borda,2.436112448387393,,abstain,0.9316514130280543,,abstain,0,fit_unavailable,,,,,,,,,
coverage,6,18,bridge,1.0,equal,32,3,40,0.24193548387096775,3.75,1,borda,2.1133238627315554,,abstain,0.8358462366771138,,abstain,0,fit_unavailable,,,,,,,,,
coverage,6,19,bridge,1.0,equal,32,3,40,0.24193548387096775,3.75,0,borda,2.0243097407075172,,abstain,0.8020285972119044,,abstain,0,fit_unavailable,,,,,,,,,
coverage,6,20,bridge,1.0,equal,32,3,40,0.24193548387096775,3.75,1,borda,2.032485247024389,,abstain,0.7962440959316954,,abstain,0,fit_unavailable,,,,,,,,,
coverage,6,21,bridge,1.0,equal,32,3,40,0.24193548387096775,3.75,1,borda,1.8562099889280472,,abstain,0.7025421712321748,,abstain,0,fit_unavailable,,,,,,,,,
coverage,6,22,bridge,1.0,equal,32,3,40,0.24193548387096775,3.75,1,borda,1.8863606072567363,,abstain,0.7138756044247713,,abstain,0,fit_unavailable,,,,,,,,,
coverage,6,23,bridge,1.0,equal,32,3,40,0.24193548387096775,3.75,0,borda,1.838119617930834,,abstain,0.7055545669825515,,abstain,0,fit_unavailable,,,,,,,,,
coverage,6,24,bridge,1.0,equal,32,3,40,0.24193548387096775,3.75,0,borda,2.255536910295921,,abstain,0.8575856785467794,,abstain,0,fit_unavailable,,,,,,,,,
coverage,6,25,bridge,1.0,equal,32,3,40,0.24193548387096775,3.75,0,borda,1.9904139614272753,,abstain,0.7469755863644976,,abstain,0,fit_unavailable,,,,,,,,,
coverage,6,26,bridge,1.0,equal,32,3,40,0.24193548387096775,3.75,1,borda,1.7820394678394724,,abstain,0.6677099183206455,,abstain,0,fit_unavailable,,,,,,,,,
coverage,6,27,bridge,1.0,equal,32,3,40,0.24193548387096775,3.75,0,borda,2.0430591518102945,,abstain,0.8040780609245484,,abstain,0,fit_unavailable,,,,,,,,,
coverage,6,28,bridge,1.0,equal,32,3,40,0.24193548387096775,3.75,0,borda,1.8893461207579363,,abstain,0.688286529199078,,abstain,0,fit_unavailable,,,,,,,,,
coverage,6,29,bridge,1.0,equal,32,3,40,0.24193548387096775,3.75,0,borda,2.023657898798282,,abstain,0.8183798843188316,,abstain,0,fit_unavailable,,,,,,,,,
coverage,6,30,bridge,1.0,equal,32,3,40,0.24193548387096775,3.75,0,borda,1.8308834695319485,,abstain,0.7135561306952588,,abstain,0,fit_unavailable,,,,,,,,,
coverage,6,31,bridge,1.0,equal,32,3,40,0.24193548387096775,3.75,1,borda,1.7969588850852707,,abstain,0.6821710007417551,,abstain,0,fit_unavailable,,,,,,,,,
coverage,6,32,bridge,1.0,equal,32,3,40,0.24193548387096775,3.75,2,borda,1.8099990982670553,,abstain,0.700328891061594,,abstain,0,fit_unavailable,,,,,,,,,
coverage,6,33,bridge,1.0,equal,32,3,40,0.24193548387096775,3.75,1,borda,1.9434754772325489,,abstain,0.7610554029933865,,abstain,0,fit_unavailable,,,,,,,,,
coverage,6,34,bridge,1.0,equal,32,3,40,0.24193548387096775,3.75,2,borda,2.0108580056195615,,abstain,0.7818947726478284,,abstain,0,fit_unavailable,,,,,,,,,
coverage,6,35,bridge,1.0,equal,32,3,40,0.24193548387096775,3.75,2,borda,1.8082942721533395,,abstain,0.7076006003176772,,abstain,0,fit_unavailable,,,,,,,,,
coverage,6,36,bridge,1.0,equal,32,3,40,0.24193548387096775,3.75,1,borda,2.0939429265189466,,abstain,0.8298757613907709,,abstain,0,fit_unavailable,,,,,,,,,
coverage,6,37,bridge,1.0,equal,32,3,40,0.24193548387096775,3.75,0,borda,1.8517131599830439,,abstain,0.7150381959700657,,abstain,0,fit_unavailable,,,,,,,,,
coverage,6,38,bridge,1.0,equal,32,3,40,0.24193548387096775,3.75,0,borda,2.201292774567706,,abstain,0.8601953455290253,,abstain,0,fit_unavailable,,,,,,,,,
coverage,6,39,bridge,1.0,equal,32,3,40,0.24193548387096775,3.75,0,borda,1.9415258182346187,,abstain,0.730318633460499,,abstain,0,fit_unavailable,,,,,,,,,
coverage,7,0,bridge,1.0,equal,32,3,160,0.967741935483871,15.0,0,borda,1.6289034342116195,1.6121510531090535,sm,0.6107190163538014,0.6276206880496361,pl,176,ok,1.6289034342116195,0.01675238110256605,0.0,1.6121510531090535,0.0,1.0,0.011959638492683628,0.10969885752076604,0.0
coverage,7,1,bridge,1.0,equal,32,3,160,0.967741935483871,15.0,0,borda,1.6243581194110546,1.5743945452633783,pl,0.6301760851140845,0.6211398509670648,pl,179,ok,1.5743945452633783,0.0,1.0,1.5743945452633783,0.0,1.0,0.0031082178259186724,0.11512183453455099,0.0
coverage,7,2,bridge,1.0,equal,32,3,160,0.967741935483871,15.0,0,borda,1.617954942426363,1.5919248155931105,pl,0.6160900580345176,0.611906866712179,pl,172,ok,1.5919248155931105,0.0,1.0,1.5919248155931105,0.0,1.0,0.002180915607324692,0.10734923318766681,0.0
coverage,7,3,bridge,1.0,equal,32,3,160,0.967741935483871,15.0,0,borda,1.6478668014238338,1.5891314877882472,pl,0.6259325915774123,0.6039159104330875,pl,175,ok,1.5891314877882472,0.0,1.0,1.5891314877882472,0.0,1.0,-0.009497341182769138,0.11095333711211557,0.0
coverage,7,4,bridge,1.0,equal,32,3,160,0.967741935483871,15.0,0,borda,1.6547378084762876,1.631600616048503,pl,0.6384342749458836,0.637116755037665,pl,190,ok,1.631600616048503,0.0,1.0,1.631600616048503,0.0,1.0,-0.004869992563481359,0.10879703581079894,0.0
coverage,7,5,bridge,1.0,equal,32,3,160,0.967741935483871,15.0,0,borda,1.6330079726665383,1.6148677168572725,pl,0.6315689024113174,0.61860495759172,pl,170,ok,1.6148677168572725,0.0,1.0,1.6148677168572725,0.0,1.0,-0.05809523525199365,0.109698857520766,0.0
coverage,7,6,bridge,1.0,equal,32,3,160,0.967741935483871,15.0,0,borda,1.6322350414877609,1.628344734909499,pl,0.6128263285341697,0.610791935085467,pl,175,ok,1.628344734909499,0.0,1.0,1.628344734909499,0.0,1.0,0.03225267870087671,0.10734923318766679,0.0
coverage,7,7,bridge,1.0,equal,32,3,160,0.967741935483871,15.0,0,borda,1.6135128218248562,,abstain,0.6155676349833413,,abstain,0,fit_unavailable,,,,,,,,,
coverage,7,8,bridge,1.0,equal,32,3,160,0.967741935483871,15.0,0,borda,1.6248127546439588,1.6372185895111415,pl,0.5950278446080154,0.5889294561598005,pl,179,ok,1.6372185895111415,0.012405834867182719,0.0,1.6372185895111415,0.012405834867182719,0.0,-0.011737331526925684,0.1087970358107988,0.0
coverage,7,9,bridge,1.0,equal,32,3,160,0.967741935483871,15.0,0,borda,1.6051604804854147,1.5320172651754458,pl,0.6210043460747263,0.606315546440663,pl,192,ok,1.5320172651754458,0.0,1.0,1.5320172651754458,0.0,1.0,-0.0021052596012413557,0.10879703581079891,0.0
coverage,7,10,bridge,1.0,equal,32,3,160,0.967741935483871,15.0,0,borda,1.5949181475596932,1.5704968721528911,sm,0.6091702815845964,0.6093787522066059,pl,173,ok,1.5949181475596932,0.024421275406802057,0.0,1.5704968721528911,0.0,1.0,0.03109823339664809,0.11447581913191184,0.0
coverage,7,11,bridge,1.0,equal,32,3,160,0.967741935483871,15.0,0,borda,1.588634704488457,1.5368365303863596,pl,0.6017218526726608,0.577895797805255,pl,188,ok,1.5368365303863596,0.0,1.0,1.5368365303863596,0.0,1.0,-0.027105065200435007,0.10879703581079891,0.0
coverage,7,12,bridge,1.0,equal,32,3,160,0.967741935483871,15.0,0,borda,1.5661721156476498,1.4775018968444051,pl,0.5896340698706988,0.5588520371633255,pl,168,ok,1.4775018968444051,0.0,1.0,1.4775018968444051,0.0,1.0,0.024252283778949568,0.10684190313317683,0.0
coverage,7,13,bridge,1.0,equal,32,3,160,0.967741935483871,15.0,0,borda,1.6036271659117278,1.5785711361144061,pl,0.6046151790689519,0.593407751028593,pl,186,ok,1.5785711361144061,0.0,1.0,1.5785711361144061,0.0,1.0,0.011637637756639502,0.1035488610332788,0.0
coverage,7,14,bridge,1.0,equal,32,3,160,0.967741935483871,15.0,0,borda,1.579483475323085,1.54923497442523,pl,0.6085921631038566,0.5798447230561767,pl,179,ok,1.54923497442523,0.0,1.0,1.54923497442523,0.0,1.0,0.01789603580581691,0.10784430146355081,0.0
coverage,7,15,bridge,1.0,equal,32,3,160,0.967741935483871,15.0,0,borda,1.5788361528381627,1.5179811114697133,pl,0.5979648898541454,0.5817028987294848,pl,188,ok,1.5179811114697133,0.0,1.0,1.5179811114697133,0.0,1.0,0.02402782890097748,0.11054849350060765,0.0
coverage,7,16,bridge,1.0,equal,32,3,160,0.967741935483871,15.0,0,borda,1.6030471595797597,1.576977642922238,pl,0.5682168920973748,0.5629589399586252,pl,179,ok,1.576977642922238,0.0,1.0,1.576977642922238,0.0,1.0,0.052142132077685345,0.11054849350060761,0.0
coverage,7,17,bridge,1.0,equal,32,3,160,0.967741935483871,15.0,0,borda,1.6072176771047657,1.567844120780491,pl,0.6191482765868984,0.591914673068785,pl,185,ok,1.567844120780491,0.0,1.0,1.567844120780491,0.0,1.0,-0.03781410319874991,0.11208598864776545,0.0
coverage,7,18,bridge,1.0,equal,32,3,160,0.967741935483871,15.0,0,borda,1.6290756942279025,1.6314078902155402,pl,0.6142665108425115,0.599327725293693,pl,183,ok,1.6314078902155402,0.002332195987637675,0.0,1.6314078902155402,0.002332195987637675,0.0,-0.04077507326532136,0.10925438973128146,0.0
coverage,7,19,bridge,1.0,equal,32,3,160,0.967741935483871,15.0,0,borda,1.599303531155984,1.5315152600308224,pl,0.6166039284222234,0.6020818727484482,pl,168,ok,1.5315152600308224,0.0,1.0,1.5315152600308224,0.0,1.0,-0.053274036231432675,0.10295988732426299,0.0
coverage,7,20,bridge,1.0,equal,32,3,160,0.967741935483871,15.0,0,borda,1.6252118503310964,1.6147564713735143,pl,0.6317693276902924,0.6255363742604343,pl,189,ok,1.6147564713735143,0.0,1.0,1.6147564713735143,0.0,1.0,0.009483395095989769,0.11134464538074329,0.0
coverage,7,21,bridge,1.0,equal,32,3,160,0.967741935483871,15.0,0,borda,1.6307035851995693,1.5843580314667152,pl,0.6001823902200961,0.5875993022977472,pl,182,ok,1.5843580314667152,0.0,1.0,1.5843580314667152,0.0,1.0,0.027241211823433344,0.11277117174704479,0.0
coverage,7,22,bridge,1.0,equal,32,3,160,0.967741935483871,15.0,0,borda,1.6348966684742248,1.5478044086769311,pl,0.5987387291373892,0.5678639911765466,pl,176,ok,1.5478044086769311,0.0,1.0,1.5478044086769311,0.0,1.0,0.02948963910127652,0.10579106584535238,0.0
coverage,7,23,bridge,1.0,equal,32,3,160,0.967741935483871,15.0,0,borda,1.675621033859192,1.7330380672776622,sm,0.6308521514169309,0.6360509231127648,pl,171,ok,1.675621033859192,0.0,1.0,1.7330380672776622,0.057417033418470265,0.0,0.017534620554211688,0.11095333711211552,0.0
coverage,7,24,bridge,1.0,equal,32,3,160,0.967741935483871,15.0,0,borda,1.5781714553843011,1.5343833571623908,pl,0.6141783903907795,0.5941014891037606,pl,176,ok,1.5343833571623908,0.0,1.0,1.5343833571623908,0.0,1.0,-0.02363090814312979,0.10784430146355081,0.0
coverage,7,25,bridge,1.0,equal,32,3,160,0.967741935483871,15.0,0,borda,1.6263269737543726,1.545089267226418,pl,0.6175341924337654,0.5705808431270717,pl,182,ok,1.545089267226418,0.0,1.0,1.545089267226418,0.0,1.0,-0.047090430196426954,0.1105484935006076,0.0
coverage,7,26,bridge,1.0,equal,32,3,160,0.967741935483871,15.0,0,borda,1.6210307733845684,1.564245267764203,pl,0.6169553924411518,0.5980129419835783,pl,176,ok,1.564245267764203,0.0,1.0,1.564245267764203,0.0,1.0,0.02729543679131086,0.10784430146355084,0.0
coverage,7,27,bridge,1.0,equal,32,3,160,0.967741935483871,15.0,0,borda,1.5743870695000337,1.5666416339201323,pl,0.6164264543410273,0.6090256703487222,pl,190,ok,1.5666416339201323,0.0,1.0,1.5666416339201323,0.0,1.0,0.012332999775190659,0.11013027927261144,0.0
coverage,7,28,bridge,1.0,equal,32,3,160,0.967741935483871,15.0,0,borda,1.5744827292218706,1.523028821907927,pl,0.6331646995880745,0.619483266437849,pl,188,ok,1.523028821907927,0.0,1.0,1.523028821907927,0.0,1.0,-0.005110920364173163,0.1109533371121155,0.0
coverage,7,29,bridge,1.0,equal,32,3,160,0.967741935483871,15.0,0,borda,1.6262279083386397,1.5724681122355182,pl,0.6188776489159736,0.5978293807269237,pl,186,ok,1.5724681122355182,0.0,1.0,1.5724681122355182,0.0,1.0,0.017323915959218134,0.11095333711211541,0.0
coverage,7,30,bridge,1.0,equal,32,3,160,0.967741935483871,15.0,0,borda,1.602231015524446,1.5308920099272665,pl,0.6059835264502041,0.5774938074256123,pl,185,ok,1.5308920099272665,0.0,1.0,1.5308920099272665,0.0,1.0,-0.00726833137475228,0.0998516135642874,0.0
coverage,7,31,bridge,1.0,equal,32,3,160,0.967741935483871,15.0,0,borda,1.60527749141072,1.554427217889072,pl,0.6210503247446773,0.6039922406548989,pl,172,ok,1.554427217889072,0.0,1.0,1.554427217889072,0.0,1.0,-0.028754846247051477,0.1120859886477654,0.0
coverage,7,32,bridge,1.0,equal,32,3,160,0.967741935483871,15.0,0,borda,1.6180829984751208,1.669247082692411,sm,0.6276307223793524,0.63968351456483,pl,172,ok,1.6180829984751208,0.0,1.0,1.669247082692411,0.05116408421729024,0.0,-0.01234332148262755,0.11134464538074312,0.0
coverage,7,33,bridge,1.0,equal,32,3,160,0.967741935483871,15.0,0,borda,1.6079349413265802,1.5516966771075573,pl,0.6186914971610937,0.5923875902116206,pl,183,ok,1.5516966771075573,0.0,1.0,1.5516966771075573,0.0,1.0,-0.015897796762734905,0.1127711717470448,0.0
coverage,7,34,bridge,1.0,equal,32,3,160,0.967741935483871,15.0,0,borda,1.587212498417651,1.499084293709064,pl,0.610974215592408,0.5851573053893773,pl,166,ok,1.499084293709064,0.0,1.0,1.499084293709064,0.0,1.0,0.026023504010140946,0.09717720471804156,0.0
coverage,7,35,bridge,1.0,equal,32,3,160,0.967741935483871,15.0,0,borda,1.6253612170015261,1.5448834834017569,pl,0.6245161417916689,0.5920384304324543,pl,175,ok,1.5448834834017569,0.0,1.0,1.5448834834017569,0.0,1.0,0.013393132957311609,0.11309227325091901,0.0
coverage,7,36,bridge,1.0,equal,32,3,160,0.967741935483871,15.0,0,borda,1.5673255002995894,,abstain,0.6089547332730085,,abstain,0,fit_unavailable,,,,,,,,,
coverage,7,37,bridge,1.0,equal,32,3,160,0.967741935483871,15.0,0,borda,1.6296846123237887,1.5886757529711422,pl,0.6035478974464585,0.5913072150794877,pl,176,ok,1.5886757529711422,0.0,1.0,1.5886757529711422,0.0,1.0,0.019011965918164647,0.11013027927261143,0.0
coverage,7,38,bridge,1.0,equal,32,3,160,0.967741935483871,15.0,0,borda,1.6537971544804155,1.6174880969883163,pl,0.6536660921834618,0.6448245125323898,pl,182,ok,1.6174880969883163,0.0,1.0,1.6174880969883163,0.0,1.0,0.014464997123953957,0.11054849350060758,0.0
coverage,7,39,bridge,1.0,equal,32,3,160,0.967741935483871,15.0,0,borda,1.6533800952176372,,abstain,0.6171418418572752,,abstain,0,fit_unavailable,,,,,,,,,
coverage,8,0,bridge,1.0,equal,32,3,640,3.870967741935484,60.0,0,borda,1.5436278425977283,1.4681689633217125,pl,0.5810020876664275,0.560200435345251,sm,186,ok,1.4681689633217125,0.0,1.0,1.5436278425977283,0.0754588792760158,0.0,0.05802413312167895,0.10592502820628337,0.0
coverage,8,1,bridge,1.0,equal,32,3,640,3.870967741935484,60.0,0,borda,1.5413083361690707,1.4581805284188252,pl,0.5807370974458863,0.5493616344303184,pl,178,ok,1.4581805284188252,0.0,1.0,1.4581805284188252,0.0,1.0,0.023491535310987115,0.10033482681533955,0.0
coverage,8,2,bridge,1.0,equal,32,3,640,3.870967741935484,60.0,0,borda,1.5458556856042538,1.457328637036611,pl,0.5885679389169456,0.5591651738211766,pl,188,ok,1.457328637036611,0.0,1.0,1.457328637036611,0.0,1.0,-0.019795638569784488,0.1035488610332788,0.0
coverage,8,3,bridge,1.0,equal,32,3,640,3.870967741935484,60.0,0,borda,1.5422148256227115,1.4607713225137826,pl,0.5715643342379846,0.5419867481605878,pl,185,ok,1.4607713225137826,0.0,1.0,1.4607713225137826,0.0,1.0,0.020337321465982154,0.10483279375664407,0.0
coverage,8,4,bridge,1.0,equal,32,3,640,3.870967741935484,60.0,0,borda,1.5546432001896693,1.4817973662041568,pl,0.5896342576356928,0.5537943984875078,pl,187,ok,1.4817973662041568,0.0,1.0,1.4817973662041568,0.0,1.0,-0.007032234962904694,0.10497187383789938,0.0
coverage,8,5,bridge,1.0,equal,32,3,640,3.870967741935484,60.0,0,borda,1.5520130394003662,1.4593380215673903,pl,0.5967719887960825,0.5600807327395628,pl,173,ok,1.4593380215673903,0.0,1.0,1.4593380215673903,0.0,1.0,0.003286879824594448,0.10266123611176736,0.0
coverage,8,6,bridge,1.0,equal,32,3,640,3.870967741935484,60.0,0,borda,1.5556823563855462,1.4875128840753185,pl,0.5863119656573192,0.5553727431959256,pl,180,ok,1.4875128840753185,0.0,1.0,1.4875128840753185,0.0,1.0,0.005080546482845146,0.10096992427672014,0.0
coverage,8,7,bridge,1.0,equal,32,3,640,3.870967741935484,60.0,0,borda,1.5775603786259047,1.4769331009969324,pl,0.5840321618359219,0.565459641805002,pl,175,ok,1.4769331009969324,0.0,1.0,1.4769331009969324,0.0,1.0,0.041564364153553295,0.1082074633843275,0.0
coverage,8,8,bridge,1.0,equal,32,3,640,3.870967741935484,60.0,0,borda,1.5495890761545315,1.4510258701479224,pl,0.5904203563516894,0.560425731024216,pl,166,ok,1.4510258701479224,0.0,1.0,1.4510258701479224,0.0,1.0,0.011340534748234364,0.10065369510614451,0.0
coverage,8,9,bridge,1.0,equal,32,3,640,3.870967741935484,60.0,0,borda,1.528374192415693,1.4295683649430153,pl,0.5788084422460719,0.5415423405691295,pl,183,ok,1.4295683649430153,0.0,1.0,1.4295683649430153,0.0,1.0,0.010843518985480076,0.10552092930788362,0.0
coverage,8,10,bridge,1.0,equal,32,3,640,3.870967741935484,60.0,0,borda,1.5671585599273308,1.4923318912493904,pl,0.5947226000423613,0.5623672499508204,pl,186,ok,1.4923318912493904,0.0,1.0,1.4923318912493904,0.0,1.0,-0.0062014936445807705,0.10592502820628341,0.0
coverage,8,11,bridge,1.0,equal,32,3,640,3.870967741935484,60.0,0,borda,1.560227350542019,1.4645084580542815,pl,0.5914602318455666,0.5563509860779532,pl,188,ok,1.4645084580542815,0.0,1.0,1.4645084580542815,0.0,1.0,-0.013676642490687192,0.09968924147269363,0.0
coverage,8,12,bridge,1.0,equal,32,3,640,3.870967741935484,60.0,0,borda,1.548783821662502,1.4615926286814847,pl,0.584601155274519,0.5463944714201301,pl,180,ok,1.4615926286814847,0.0,1.0,1.4615926286814847,0.0,1.0,0.006862328193445672,0.1011270438064893,0.0
coverage,8,13,bridge,1.0,equal,32,3,640,3.870967741935484,60.0,0,borda,1.5658969144916073,1.508523423199232,pl,0.5897809976659685,0.5566983514370054,pl,171,ok,1.508523423199232,0.0,1.0,1.508523423199232,0.0,1.0,0.0007003417340097266,0.10281090689457488,0.0
coverage,8,14,bridge,1.0,equal,32,3,640,3.870967741935484,60.0,0,borda,1.5569182675011861,1.449049149805274,pl,0.58478334535309,0.566079502477868,pl,180,ok,1.449049149805274,0.0,1.0,1.449049149805274,0.0,1.0,0.010340312927370574,0.10796613463280086,0.0
coverage,8,15,bridge,1.0,equal,32,3,640,3.870967741935484,60.0,0,borda,1.5727489849417664,1.4674695153923425,pl,0.5923827024759316,0.5691604301473091,pl,178,ok,1.4674695153923425,0.0,1.0,1.4674695153923425,0.0,1.0,0.01310487348549709,0.10722354423818976,0.0
coverage,8,16,bridge,1.0,equal,32,3,640,3.870967741935484,60.0,0,borda,1.573741607848904,1.4849411422406358,pl,0.5857506106166475,0.5566808262306244,pl,178,ok,1.4849411422406358,0.0,1.0,1.4849411422406358,0.0,1.0,0.025736439534925604,0.10645345052980579,0.0
coverage,8,17,bridge,1.0,equal,32,3,640,3.870967741935484,60.0,0,borda,1.5370294872239452,1.4541756296824877,pl,0.5938320310944541,0.5673504896487639,pl,176,ok,1.4541756296824877,0.0,1.0,1.4541756296824877,0.0,1.0,-0.006986029234953882,0.10354886103327895,0.0
coverage,8,18,bridge,1.0,equal,32,3,640,3.870967741935484,60.0,0,borda,1.5494689031827584,1.4697775103940527,pl,0.5813050618722096,0.5493101070836293,pl,193,ok,1.4697775103940527,0.0,1.0,1.4697775103940527,0.0,1.0,0.022399037967006968,0.10455247019666236,0.0
coverage,8,19,bridge,1.0,equal,32,3,640,3.870967741935484,60.0,0,borda,1.5451301697521018,1.4781934205869043,pl,0.5873494465305064,0.5442055892764838,pl,179,ok,1.4781934205869043,0.0,1.0,1.4781934205869043,0.0,1.0,-0.05008657686647587,0.10565636543809052,0.0
coverage,8,20,bridge,1.0,equal,32,3,640,3.870967741935484,60.0,0,borda,1.5550535755468733,1.4570299003311633,pl,0.5878793931237474,0.5561238371396623,pl,180,ok,1.4570299003311633,0.0,1.0,1.4570299003311633,0.0,1.0,-0.023210111754553828,0.10645345052980577,0.0
coverage,8,21,bridge,1.0,equal,32,3,640,3.870967741935484,60.0,0,borda,1.567370687745939,1.5024156437597873,pl,0.5978325323986305,0.5645051072683489,pl,186,ok,1.5024156437597873,0.0,1.0,1.5024156437597873,0.0,1.0,-0.01916345824323302,0.10645345052980586,0.0
coverage,8,22,bridge,1.0,equal,32,3,640,3.870967741935484,60.0,0,borda,1.5391217976921814,1.4515906071362403,pl,0.5705485073530344,0.5473468121159079,pl,167,ok,1.4515906071362403,0.0,1.0,1.4515906071362403,0.0,1.0,0.014173299382544552,0.10772169232484512,0.0
coverage,8,23,bridge,1.0,equal,32,3,640,3.870967741935484,60.0,0,borda,1.5729509938692305,1.4896515979794906,pl,0.594287858357281,0.5667981104249991,pl,180,ok,1.4896515979794906,0.0,1.0,1.4896515979794906,0.0,1.0,0.010773954605672912,0.10734923318766675,0.0
coverage,8,24,bridge,1.0,equal,32,3,640,3.870967741935484,60.0,0,borda,1.5745561268179162,1.489881894997759,pl,0.6000944603665208,0.5769233527862089,pl,177,ok,1.489881894997759,0.0,1.0,1.489881894997759,0.0,1.0,0.0031526144871482755,0.10128349708432804,0.0
coverage,8,25,bridge,1.0,equal,32,3,640,3.870967741935484,60.0,0,borda,1.5731730476182488,1.494447780291099,pl,0.5713809539109993,0.5431183813279351,pl,180,ok,1.494447780291099,0.0,1.0,1.494447780291099,0.0,1.0,0.025310405735957605,0.10844565916414416,0.0
coverage,8,26,bridge,1.0,equal,32,3,640,3.870967741935484,60.0,0,borda,1.5547257840499984,1.4775789737631122,pl,0.5815224183239618,0.5526405100091182,pl,178,ok,1.4775789737631122,0.0,1.0,1.4775789737631122,0.0,1.0,-0.024626800106423038,0.10796613463280101,0.0
coverage,8,27,bridge,1.0,equal,32,3,640,3.870967741935484,60.0,0,borda,1.5382024420021692,1.4502693710174954,pl,0.5931614689185137,0.5522137921606286,pl,185,ok,1.4502693710174954,0.0,1.0,1.4502693710174954,0.0,1.0,-0.002611644620179248,0.1026612361117675,0.0
coverage,8,28,bridge,1.0,equal,32,3,640,3.870967741935484,60.0,0,borda,1.5434484092101715,1.501142855475772,pl,0.5860971512912679,0.5651319285738557,pl,179,ok,1.501142855475772,0.0,1.0,1.501142855475772,0.0,1.0,-0.01847648945538695,0.10483279375664406,0.0
coverage,8,29,bridge,1.0,equal,32,3,640,3.870967741935484,60.0,0,borda,1.5466672899203284,1.473842005175083,pl,0.5860666850022833,0.5479090394181573,pl,173,ok,1.473842005175083,0.0,1.0,1.473842005175083,0.0,1.0,0.009609941307692455,0.10605825019210649,0.0
coverage,8,30,bridge,1.0,equal,32,3,640,3.870967741935484,60.0,0,borda,1.5719868658162115,1.4763869425355347,pl,0.5813688699034207,0.5659067713870897,pl,194,ok,1.4763869425355347,0.0,1.0,1.4763869425355347,0.0,1.0,0.01488574335457822,0.10159439621120882,0.0
coverage,8,31,bridge,1.0,equal,32,3,640,3.870967741935484,60.0,0,borda,1.559824014683758,1.4671885787574444,pl,0.5736270473590678,0.544466331622007,pl,177,ok,1.4671885787574444,0.0,1.0,1.4671885787574444,0.0,1.0,0.017168259236846742,0.1034026642677683,0.0
coverage,8,32,bridge,1.0,equal,32,3,640,3.870967741935484,60.0,0,borda,1.5500342825842053,1.4725924145421196,pl,0.5898066296061131,0.5680952492662393,pl,182,ok,1.4725924145421196,0.0,1.0,1.4725924145421196,0.0,1.0,-0.01717155809934193,0.10017440836784955,0.0
coverage,8,33,bridge,1.0,equal,32,3,640,3.870967741935484,60.0,0,borda,1.549726274014799,1.4682003610191385,pl,0.6005192449311548,0.5582358085133778,pl,175,ok,1.4682003610191385,0.0,1.0,1.4682003610191385,0.0,1.0,-0.01764088098942297,0.10619072946863037,0.0
coverage,8,34,bridge,1.0,equal,32,3,640,3.870967741935484,60.0,0,borda,1.5527934731183874,1.4675962377202674,pl,0.5742671202723486,0.5542805432929354,pl,172,ok,1.4675962377202674,0.0,1.0,1.4675962377202674,0.0,1.0,0.0315177289641151,0.10383914780741084,0.0
coverage,8,35,bridge,1.0,equal,32,3,640,3.870967741935484,60.0,0,borda,1.569069599773396,1.4887154283673474,pl,0.6037787244947311,0.5742755377741067,pl,179,ok,1.4887154283673474,0.0,1.0,1.4887154283673474,0.0,1.0,-0.016414561860100693,0.10645345052980569,0.0
coverage,8,36,bridge,1.0,equal,32,3,640,3.870967741935484,60.0,0,borda,1.5732487394018446,1.5060174839905962,pl,0.591080458820103,0.5572584271661704,pl,184,ok,1.5060174839905962,0.0,1.0,1.5060174839905962,0.0,1.0,0.01929024756400654,0.10891257367944693,0.0
coverage,8,37,bridge,1.0,equal,32,3,640,3.870967741935484,60.0,0,borda,1.552331629350801,1.4879783830306663,pl,0.5920886349161983,0.5579577771996665,pl,169,ok,1.4879783830306663,0.0,1.0,1.4879783830306663,0.0,1.0,0.018644692441162486,0.10455247019666224,0.0
coverage,8,38,bridge,1.0,equal,32,3,640,3.870967741935484,60.0,0,borda,1.5598807120942582,1.4878309066025537,pl,0.586088874379271,0.5591174851285731,pl,167,ok,1.4878309066025537,0.0,1.0,1.4878309066025537,0.0,1.0,0.038750400477466675,0.10759830962912059,0.0
coverage,8,39,bridge,1.0,equal,32,3,640,3.870967741935484,60.0,0,borda,1.5732159602212397,1.4797978216760574,pl,0.591100767125019,0.5456011857588,pl,181,ok,1.4797978216760574,0.0,1.0,1.4797978216760574,0.0,1.0,-0.01444613038819332,0.10310817518062707,0.0
