family,n,r,N,value,shape,method,repetitions,lambda_,mu,ok,statuses,risk_defined,risk_infinite,risk_finite,risk,risk_finite_conditional,risk_finite_conditional_lo,risk_finite_conditional_hi,risk_lo,risk_hi,nll_defined,nll_infinite,nll_finite,nll,nll_finite_conditional,nll_finite_conditional_lo,nll_finite_conditional_hi,nll_lo,nll_hi,delta_defined,delta_infinite,delta_finite,delta,seconds_defined,seconds_infinite,seconds_finite,seconds,seconds_finite_conditional,seconds_finite_conditional_lo,seconds_finite_conditional_hi,seconds_lo,seconds_hi,delta_finite_conditional,delta_finite_conditional_lo,delta_finite_conditional_hi,delta_lo,delta_hi
bridge,32,3,40,0.0,equal,borda,40,0.2419354838709677,3.75,40,"{""ok"": 40}",40,0,40,153.925,153.925,146.05461621974317,161.79538378025686,146.05461621974317,161.79538378025686,40,0,40,1.987213102616255,1.987213102616255,1.9537631466924832,2.0206630585400265,1.9537631466924832,2.0206630585400265,0,0,0,,40,0,40,0.0016757514499992528,0.0016757514499992528,0.0015908615992279189,0.0017606413007705867,0.0015908615992279189,0.0017606413007705867,,,,,
bridge,32,3,40,0.0,equal,efficient,40,0.2419354838709677,3.75,40,"{""ok"": 40}",40,0,40,153.925,153.925,146.05461621974317,161.79538378025686,146.05461621974317,161.79538378025686,40,0,40,1.987213102616255,1.987213102616255,1.9537631466924832,2.0206630585400265,1.9537631466924832,2.0206630585400265,0,0,0,,40,0,40,0.0018536970250046122,0.0018536970250046122,0.001767222547376146,0.0019401715026330783,0.001767222547376146,0.0019401715026330783,,,,,
bridge,32,3,40,0.0,equal,pl,40,0.2419354838709677,3.75,0,"{""no_unique_finite_mle"": 40}",0,0,0,,,,,,,0,0,0,,,,,,,0,0,0,,40,0,40,0.0003116405999981875,0.0003116405999981875,0.00029203871817648903,0.00033124248181988595,0.00029203871817648903,0.00033124248181988595,,,,,
bridge,32,3,40,0.5,equal,borda,40,0.2419354838709677,3.75,40,"{""ok"": 40}",40,0,40,139.275,139.275,132.85454919643954,145.69545080356048,132.85454919643954,145.69545080356048,40,0,40,1.9669541210621233,1.9669541210621233,1.9141477586252114,2.0197604834990353,1.9141477586252114,2.0197604834990353,0,0,0,,40,0,40,0.0017258879750009274,0.0017258879750009274,0.0016421747441517013,0.0018096012058501534,0.0016421747441517013,0.0018096012058501534,,,,,
bridge,32,3,40,0.5,equal,efficient,40,0.2419354838709677,3.75,40,"{""ok"": 40}",40,0,40,139.275,139.275,132.85454919643954,145.69545080356048,132.85454919643954,145.69545080356048,40,0,40,1.9669541210621233,1.9669541210621233,1.9141477586252114,2.0197604834990353,1.9141477586252114,2.0197604834990353,0,0,0,,40,0,40,0.0018957033749998225,0.0018957033749998225,0.0018110903622456198,0.0019803163877540253,0.0018110903622456198,0.0019803163877540253,,,,,
bridge,32,3,40,0.5,equal,pl,40,0.2419354838709677,3.75,0,"{""no_unique_finite_mle"": 40}",0,0,0,,,,,,,0,0,0,,,,,,,0,0,0,,40,0,40,0.0002899926000004325,0.0002899926000004325,0.0002836551685570269,0.0002963300314438381,0.0002836551685570269,0.0002963300314438381,,,,,
bridge,32,3,40,1.0,equal,borda,40,0.2419354838709677,3.75,40,"{""ok"": 40}",40,0,40,129.375,129.375,123.82065058927579,134.9293494107242,123.82065058927579,134.9293494107242,40,0,40,1.956483480420531,1.956483480420531,1.9101220015109153,2.002844959330147,1.9101220015109153,2.002844959330147,0,0,0,,40,0,40,0.0018170205499941528,0.0018170205499941528,0.0017599459200530018,0.0018740951799353037,0.0017599459200530018,0.0018740951799353037,,,,,
bridge,32,3,40,1.0,equal,efficient,40,0.2419354838709677,3.75,40,"{""ok"": 40}",40,0,40,129.375,129.375,123.82065058927579,134.9293494107242,123.82065058927579,134.9293494107242,40,0,40,1.956483480420531,1.956483480420531,1.9101220015109153,2.002844959330147,1.9101220015109153,2.002844959330147,0,0,0,,40,0,40,0.0019648567999957776,0.0019648567999957776,0.0019067112420187715,0.0020230023579727837,0.0019067112420187715,0.0020230023579727837,,,,,
bridge,32,3,40,1.0,equal,pl,40,0.2419354838709677,3.75,0,"{""no_unique_finite_mle"": 40}",0,0,0,,,,,,,0,0,0,,,,,,,0,0,0,,40,0,40,0.00028027792500035246,0.00028027792500035246,0.00026714707819342664,0.0002934087718072783,0.00026714707819342664,0.0002934087718072783,,,,,
bridge,32,3,160,0.0,equal,borda,40,0.967741935483871,15.0,40,"{""ok"": 40}",40,0,40,89.5,89.5,84.7222142929944,94.2777857070056,84.7222142929944,94.2777857070056,40,0,40,1.7061937688729578,1.7061937688729578,1.6960169678314805,1.7163705699144352,1.6960169678314805,1.7163705699144352,40,0,40,-0.027997499917889395,40,0,40,0.00144500435000262,0.00144500435000262,0.001415744599247187,0.0014742641007580528,0.001415744599247187,0.0014742641007580528,-0.027997499917889395,-0.037926168529437684,-0.018068831306341106,-0.037926168529437684,-0.018068831306341106
bridge,32,3,160,0.0,equal,efficient,40,0.967741935483871,15.0,40,"{""ok"": 40}",40,0,40,89.5,89.5,84.7222142929944,94.2777857070056,84.7222142929944,94.2777857070056,40,0,40,1.7061937688729578,1.7061937688729578,1.6960169678314805,1.7163705699144352,1.6960169678314805,1.7163705699144352,40,0,40,-0.027997499917889395,40,0,40,0.0015947903000003774,0.0015947903000003774,0.001564514911596697,0.001625065688404058,0.001564514911596697,0.001625065688404058,-0.027997499917889395,-0.037926168529437684,-0.018068831306341106,-0.037926168529437684,-0.018068831306341106
bridge,32,3,160,0.0,equal,pl,40,0.967741935483871,15.0,40,"{""ok"": 40}",40,0,40,89.725,89.725,84.6594699868837,94.79053001311628,84.6594699868837,94.79053001311628,40,0,40,1.7341912687908476,1.7341912687908476,1.7191976726603522,1.749184864921343,1.7191976726603522,1.749184864921343,40,0,40,0.0,40,0,40,0.0031841000249975522,0.0031841000249975522,0.002969348269450383,0.0033988517805447213,0.002969348269450383,0.0033988517805447213,0.0,0.0,0.0,0.0,0.0
bridge,32,3,160,0.5,equal,borda,40,0.967741935483871,15.0,40,"{""ok"": 40}",40,0,40,79.45,79.45,76.19176718547159,82.70823281452842,76.19176718547159,82.70823281452842,40,0,40,1.655867402253676,1.655867402253676,1.6467130666813643,1.6650217378259875,1.6467130666813643,1.6650217378259875,40,0,40,0.007620612795250478,40,0,40,0.0014798461749989526,0.0014798461749989526,0.0014410938747616568,0.0015185984752362483,0.0014410938747616568,0.0015185984752362483,0.007620612795250478,-0.002906983910153582,0.018148209500654537,-0.002906983910153582,0.018148209500654537
bridge,32,3,160,0.5,equal,efficient,40,0.967741935483871,15.0,40,"{""ok"": 40}",40,0,40,79.45,79.45,76.19176718547159,82.70823281452842,76.19176718547159,82.70823281452842,40,0,40,1.655867402253676,1.655867402253676,1.6467130666813643,1.6650217378259875,1.6467130666813643,1.6650217378259875,40,0,40,0.007620612795250478,40,0,40,0.0016266214999987,0.0016266214999987,0.001587712314206548,0.001665530685790852,0.001587712314206548,0.001665530685790852,0.007620612795250478,-0.002906983910153582,0.018148209500654537,-0.002906983910153582,0.018148209500654537
bridge,32,3,160,0.5,equal,pl,40,0.967741935483871,15.0,40,"{""ok"": 40}",40,0,40,75.75,75.75,72.72570372976747,78.77429627023253,72.72570372976747,78.77429627023253,40,0,40,1.6482467894584254,1.6482467894584254,1.6341384471510974,1.6623551317657534,1.6341384471510974,1.6623551317657534,40,0,40,0.0,40,0,40,0.0037584704250000754,0.0037584704250000754,0.0032987683498549684,0.004218172500145182,0.0032987683498549684,0.004218172500145182,0.0,0.0,0.0,0.0,0.0
bridge,32,3,160,1.0,equal,borda,40,0.967741935483871,15.0,40,"{""ok"": 40}",40,0,40,68.275,68.275,64.74996358212702,71.80003641787299,64.74996358212702,71.80003641787299,40,0,40,1.6137553393205053,1.6137553393205053,1.6054099492225964,1.6221007294184142,1.6054099492225964,1.6221007294184142,37,0,37,,40,0,40,0.001455874999997725,0.001455874999997725,0.0014082171407684017,0.0015035328592270484,0.0014082171407684017,0.0015035328592270484,0.03848023897790238,0.026971010526615193,0.04998946742918956,,
bridge,32,3,160,1.0,equal,efficient,40,0.967741935483871,15.0,40,"{""ok"": 40}",40,0,40,68.275,68.275,64.74996358212702,71.80003641787299,64.74996358212702,71.80003641787299,40,0,40,1.6137553393205053,1.6137553393205053,1.6054099492225964,1.6221007294184142,1.6054099492225964,1.6221007294184142,37,0,37,,40,0,40,0.00160077352499636,0.00160077352499636,0.0015548141563946022,0.0016467328935981177,0.0015548141563946022,0.0016467328935981177,0.03848023897790238,0.026971010526615193,0.04998946742918956,,
bridge,32,3,160,1.0,equal,pl,40,0.967741935483871,15.0,37,"{""ok"": 37, ""no_unique_finite_mle"": 3}",37,0,37,,65.35135135135135,61.77566992234583,68.92703278035688,,,37,0,37,,1.57546557603502,1.558931247034376,1.5919999050356641,,,37,0,37,,40,0,40,0.004188034550000402,0.004188034550000402,0.0036714044578620778,0.004704664642138727,0.0036714044578620778,0.004704664642138727,0.0,0.0,0.0,,
bridge,32,3,640,0.0,equal,borda,40,3.870967741935484,60.0,40,"{""ok"": 40}",40,0,40,45.2,45.2,42.80212178318728,47.597878216812724,42.80212178318728,47.597878216812724,40,0,40,1.6150042854296907,1.6150042854296907,1.6076349334220503,1.622373637437331,1.6076349334220503,1.622373637437331,40,0,40,-0.01351751419525633,40,0,40,0.0015668285750002474,0.0015668285750002474,0.001542707883894168,0.0015909492661063268,0.001542707883894168,0.0015909492661063268,-0.01351751419525633,-0.017416133876105005,-0.009618894514407655,-0.017416133876105005,-0.009618894514407655
bridge,32,3,640,0.0,equal,efficient,40,3.870967741935484,60.0,0,"{""outside_schedule_domain"": 40}",0,0,0,,,,,,,0,0,0,,,,,,,0,0,0,,40,0,40,6.415499999903317e-05,6.415499999903317e-05,6.300545402058409e-05,6.530454597748226e-05,6.300545402058409e-05,6.530454597748226e-05,,,,,
bridge,32,3,640,0.0,equal,pl,40,3.870967741935484,60.0,40,"{""ok"": 40}",40,0,40,45.05,45.05,42.729097623785194,47.3709023762148,42.729097623785194,47.3709023762148,40,0,40,1.6285217996249473,1.6285217996249473,1.6226282035322885,1.634415395717606,1.6226282035322885,1.634415395717606,40,0,40,0.0,40,0,40,0.003934873975001763,0.003934873975001763,0.003818764602589775,0.004050983347413751,0.003818764602589775,0.004050983347413751,0.0,0.0,0.0,0.0,0.0
bridge,32,3,640,0.5,equal,borda,40,3.870967741935484,60.0,40,"{""ok"": 40}",40,0,40,38.05,38.05,35.3199435839893,40.780056416010694,35.3199435839893,40.780056416010694,40,0,40,1.5815203082234552,1.5815203082234552,1.5758897727675902,1.5871508436793202,1.5758897727675902,1.5871508436793202,40,0,40,0.025942028586002374,40,0,40,0.001586876000005285,0.001586876000005285,0.0015620917655232455,0.0016116602344873243,0.0015620917655232455,0.0016116602344873243,0.025942028586002374,0.021625292368057696,0.030258764803947052,0.021625292368057696,0.030258764803947052
bridge,32,3,640,0.5,equal,efficient,40,3.870967741935484,60.0,0,"{""outside_schedule_domain"": 40}",0,0,0,,,,,,,0,0,0,,,,,,,0,0,0,,40,0,40,6.923567500223271e-05,6.923567500223271e-05,6.794551301191733e-05,7.052583699254808e-05,6.794551301191733e-05,7.052583699254808e-05,,,,,
bridge,32,3,640,0.5,equal,pl,40,3.870967741935484,60.0,40,"{""ok"": 40}",40,0,40,35.725,35.725,33.4153826622579,38.034617337742105,33.4153826622579,38.034617337742105,40,0,40,1.5555782796374529,1.5555782796374529,1.5505532035060943,1.5606033557688115,1.5505532035060943,1.5606033557688115,40,0,40,0.0,40,0,40,0.004652195974995213,0.004652195974995213,0.004485649960100507,0.004818741989889918,0.004485649960100507,0.004818741989889918,0.0,0.0,0.0,0.0,0.0
bridge,32,3,640,1.0,equal,borda,40,3.870967741935484,60.0,40,"{""ok"": 40}",40,0,40,34.325,34.325,32.15664632981951,36.4933536701805,32.15664632981951,36.4933536701805,40,0,40,1.5561338676442886,1.5561338676442886,1.5520335349862062,1.560234200302371,1.5520335349862062,1.560234200302371,40,0,40,0.0823502922272768,40,0,40,0.001622184150002625,0.001622184150002625,0.0015941940201458615,0.0016501742798593884,0.0015941940201458615,0.0016501742798593884,0.0823502922272768,0.07802141930071362,0.08667916515383998,0.07802141930071362,0.08667916515383998
bridge,32,3,640,1.0,equal,efficient,40,3.870967741935484,60.0,0,"{""outside_schedule_domain"": 40}",0,0,0,,,,,,,0,0,0,,,,,,,0,0,0,,40,0,40,7.098785000039242e-05,7.098785000039242e-05,6.98012752622726e-05,7.217442473851224e-05,6.98012752622726e-05,7.217442473851224e-05,,,,,
bridge,32,3,640,1.0,equal,pl,40,3.870967741935484,60.0,40,"{""ok"": 40}",40,0,40,31.3,31.3,29.585830451422417,33.014169548577584,29.585830451422417,33.014169548577584,40,0,40,1.4737835754170119,1.4737835754170119,1.4681025921253843,1.4794645587086395,1.4681025921253843,1.4794645587086395,40,0,40,0.0,40,0,40,0.0050164439500000905,0.0050164439500000905,0.004865910989127115,0.005166976910873066,0.004865910989127115,0.005166976910873066,0.0,0.0,0.0,0.0,0.0
