value,selector,budget,excess_regret_over_1000_defined,excess_regret_over_1000_infinite,excess_regret_over_1000_finite,excess_regret_over_1000,excess_regret_over_1000_finite_conditional,excess_regret_over_1000_finite_conditional_lo,excess_regret_over_1000_finite_conditional_hi,excess_regret_over_1000_lo,excess_regret_over_1000_hi
0.0,context,20,29,0,29,,0.026855658841182673,0.0159171033535828,0.03779421432878255,,
0.0,context,60,40,0,40,0.01992721840062337,0.01992721840062337,0.011361780636738483,0.02849265616450826,0.011361780636738483,0.02849265616450826
0.0,context,200,40,0,40,0.011143674128696584,0.011143674128696584,0.0039150729485139145,0.018372275308879252,0.0039150729485139145,0.018372275308879252
0.0,pair,20,40,0,40,0.0124636887990412,0.0124636887990412,0.004835898407335592,0.02009147919074681,0.004835898407335592,0.02009147919074681
0.0,pair,60,40,0,40,0.008648355217502979,0.008648355217502979,0.0023402550162528657,0.014956455418753092,0.0023402550162528657,0.014956455418753092
0.0,pair,200,40,0,40,0.0013903378185988247,0.0013903378185988247,-0.0014218858628647344,0.004202561500062384,-0.0014218858628647344,0.004202561500062384
0.25,context,20,30,0,30,,0.010518113639915639,0.002495549352174187,0.01854067792765709,,
0.25,context,60,40,0,40,0.008657169123077717,0.008657169123077717,0.002893104091889605,0.01442123415426583,0.002893104091889605,0.01442123415426583
0.25,context,200,40,0,40,0.002434225204379403,0.002434225204379403,-0.0012221116666513657,0.006090562075410172,-0.0012221116666513657,0.006090562075410172
0.25,pair,20,40,0,40,0.009129910671822483,0.009129910671822483,0.004458962076636596,0.013800859267008369,0.004458962076636596,0.013800859267008369
0.25,pair,60,40,0,40,0.006281011754918309,0.006281011754918309,0.002530520133617611,0.010031503376219006,0.002530520133617611,0.010031503376219006
0.25,pair,200,40,0,40,0.002579436833376203,0.002579436833376203,0.00013162625043037666,0.005027247416322029,0.00013162625043037666,0.005027247416322029
0.5,context,20,29,0,29,,0.0018827703362260116,0.00011728203325944275,0.0036482586391925805,,
0.5,context,60,40,0,40,0.0011907007537591552,0.0011907007537591552,-0.0009750383115393257,0.003356439819057636,-0.0009750383115393257,0.003356439819057636
0.5,context,200,40,0,40,0.0008153926042294979,0.0008153926042294979,-0.00130461511152264,0.0029354003199816357,-0.00130461511152264,0.0029354003199816357
0.5,pair,20,40,0,40,0.0023351743795978265,0.0023351743795978265,0.00040627171773307993,0.004264077041462573,0.00040627171773307993,0.004264077041462573
0.5,pair,60,40,0,40,0.002353747153778063,0.002353747153778063,0.0005488104519458664,0.0041586838556102595,0.0005488104519458664,0.0041586838556102595
0.5,pair,200,40,0,40,0.0009301575562989384,0.0009301575562989384,0.00016125893103208255,0.001699056181565794,0.00016125893103208255,0.001699056181565794
0.75,context,20,23,0,23,,0.006352054759557642,-0.0018258964207439367,0.01453000593985922,,
0.75,context,60,40,0,40,0.012748523471036288,0.012748523471036288,0.006456932256914091,0.019040114685158482,0.006456932256914091,0.019040114685158482
0.75,context,200,40,0,40,0.00682613855316615,0.00682613855316615,0.0015913443295475487,0.012060932776784751,0.0015913443295475487,0.012060932776784751
0.75,pair,20,40,0,40,0.007992079287392494,0.007992079287392494,0.00432394759754074,0.011660210977244248,0.00432394759754074,0.011660210977244248
0.75,pair,60,40,0,40,0.006190749930499828,0.006190749930499828,0.0032123214198450413,0.009169178441154615,0.0032123214198450413,0.009169178441154615
0.75,pair,200,40,0,40,0.006358820775425661,0.006358820775425661,0.003289756161799088,0.009427885389052234,0.003289756161799088,0.009427885389052234
1.0,context,20,25,0,25,,0.013266072930036153,0.0018291987089294904,0.024702947151142816,,
1.0,context,60,40,0,40,0.010771057150784236,0.010771057150784236,0.002968535924350241,0.018573578377218233,0.002968535924350241,0.018573578377218233
1.0,context,200,40,0,40,0.008590165712489845,0.008590165712489845,0.0010770277685726313,0.01610330365640706,0.0010770277685726313,0.01610330365640706
1.0,pair,20,40,0,40,0.01589821870193952,0.01589821870193952,0.006852742765775105,0.024943694638103933,0.006852742765775105,0.024943694638103933
1.0,pair,60,40,0,40,0.0051078344353421845,0.0051078344353421845,0.0001428239000748309,0.010072844970609538,0.0001428239000748309,0.010072844970609538
1.0,pair,200,40,0,40,0.0012245901977789354,0.0012245901977789354,-0.0012523772760345375,0.0037015576715924083,-0.0012523772760345375,0.0037015576715924083
