dataset,split,eligible_cells,eligible_pairs,pair_observations,reports,status,valid_bootstraps,observed,observed_lo,observed_hi,sm_predicted,sm_predicted_lo,sm_predicted_hi,pl_predicted,pl_predicted_lo,pl_predicted_hi,residual_vs_sm,residual_vs_sm_lo,residual_vs_sm_hi,residual_vs_pl,residual_vs_pl_lo,residual_vs_pl_hi
00024-00000001,discovery,0,0,0,0,insufficient_within_cell_context_variation,,,,,,,,,,,,,,,,
00024-00000001,confirmation,0,0,0,0,insufficient_within_cell_context_variation,,,,,,,,,,,,,,,,
00024-00000002,discovery,0,0,0,0,insufficient_within_cell_context_variation,,,,,,,,,,,,,,,,
00024-00000002,confirmation,0,0,0,0,insufficient_within_cell_context_variation,,,,,,,,,,,,,,,,
00024-00000003,discovery,0,0,0,0,insufficient_within_cell_context_variation,,,,,,,,,,,,,,,,
00024-00000003,confirmation,0,0,0,0,insufficient_within_cell_context_variation,,,,,,,,,,,,,,,,
00024-00000004,discovery,0,0,0,0,insufficient_within_cell_context_variation,,,,,,,,,,,,,,,,
00024-00000004,confirmation,0,0,0,0,insufficient_within_cell_context_variation,,,,,,,,,,,,,,,,
00025-00000001,discovery,0,0,0,0,insufficient_within_cell_context_variation,,,,,,,,,,,,,,,,
00025-00000001,confirmation,0,0,0,0,insufficient_within_cell_context_variation,,,,,,,,,,,,,,,,
00025-00000002,discovery,0,0,0,0,insufficient_within_cell_context_variation,,,,,,,,,,,,,,,,
00025-00000002,confirmation,0,0,0,0,insufficient_within_cell_context_variation,,,,,,,,,,,,,,,,
00025-00000003,discovery,0,0,0,0,insufficient_within_cell_context_variation,,,,,,,,,,,,,,,,
00025-00000003,confirmation,0,0,0,0,insufficient_within_cell_context_variation,,,,,,,,,,,,,,,,
00025-00000004,discovery,0,0,0,0,insufficient_within_cell_context_variation,,,,,,,,,,,,,,,,
00025-00000004,confirmation,0,0,0,0,insufficient_within_cell_context_variation,,,,,,,,,,,,,,,,
dots2024_A_r3,discovery,1,1,4,4,ok,1516.0,0.0,-4.662936703425657e-16,4.662936703425658e-16,0.11194267456961549,0.11194267456961512,0.11194267456961583,0.0,-5.067705514486912e-16,4.662936703425658e-16,-0.11194267456961549,-0.1119426745696157,-0.11194267456961532,0.0,-6.476300976980079e-17,5.921189464667501e-17
dots2024_A_r3,confirmation,0,0,0,0,insufficient_within_cell_context_variation,,,,,,,,,,,,,,,,
dots2024_A_r5,discovery,11,11,50,32,ok,2000.0,0.12922297297297294,-0.1505974864288175,0.3928060621551644,0.09360057077015443,0.08875366782522064,0.09881776682769357,-6.563818557750081e-17,-1.7377631844332118e-16,1.7292850700893542e-16,0.03562240220281851,-0.24339648077815215,0.2991280777146067,0.129222972972973,-0.15059748642881762,0.39280606215516434
dots2024_A_r5,confirmation,4,4,24,20,ok,2000.0,0.06756756756756749,-0.22025186551661094,0.4045729068553827,0.09432129668826487,0.09139674251200856,0.10472686308252174,4.500904153885769e-18,-1.38148102274945e-16,1.3878098968976066e-16,-0.026753729120697387,-0.3134100013637276,0.3083292894776145,0.06756756756756749,-0.220251865516611,0.4045729068553828
dots2024_A_r6,discovery,15,15,77,49,ok,2000.0,0.0930599369085174,-0.061198652213423244,0.2820915754896563,0.07069878113958873,0.06425219854631026,0.0787790491707059,2.9944501137366214e-17,-1.6707672739415882e-16,1.6240008773956576e-16,0.022361155768928664,-0.1306713701737907,0.21158250839771803,0.09305993690851737,-0.061198652213423244,0.2820915754896565
dots2024_A_r6,confirmation,18,18,85,41,ok,2000.0,-0.0016488046166528657,-0.15136161324217282,0.14941518687271832,0.07214606415678906,0.06679669185227953,0.0787028316211012,7.550981000129876e-17,-1.6421815028318556e-16,1.6905612550895855e-16,-0.07379486877344194,-0.22402425410658966,0.07283903584710293,-0.0016488046166529412,-0.15136161324217282,0.14941518687271815
dots2024_B_r2,discovery,0,0,0,0,insufficient_within_cell_context_variation,,,,,,,,,,,,,,,,
dots2024_B_r2,confirmation,0,0,0,0,insufficient_within_cell_context_variation,,,,,,,,,,,,,,,,
dots2024_B_r3,discovery,0,0,0,0,insufficient_within_cell_context_variation,,,,,,,,,,,,,,,,
dots2024_B_r3,confirmation,0,0,0,0,insufficient_within_cell_context_variation,,,,,,,,,,,,,,,,
dots2024_B_r5,discovery,7,7,32,23,ok,2000.0,-0.050000000000000044,-0.31087715643558755,0.23812111801242197,0.07002761656298172,0.06519737471859394,0.07547767945715773,-3.700743415417188e-17,-2.231320830991813e-16,2.537773698927797e-16,-0.12002761656298176,-0.38542506612715993,0.16824159982757564,-0.05000000000000001,-0.31087715643558755,0.2381211180124223
dots2024_B_r5,confirmation,5,5,23,17,ok,1998.0,-0.009615384615384552,-0.3012559672652875,0.4007553956834537,0.08314564886326116,0.07979008918772454,0.08748472882776255,5.978123978750843e-17,-1.9384637573277383e-16,1.919797892554988e-16,-0.09276103347864571,-0.38549284751378077,0.31897658593126443,-0.00961538461538461,-0.3012559672652876,0.40075539568345375
dots2024_B_r6,discovery,13,13,65,36,ok,2000.0,-0.09451820691468381,-0.2526690985635199,0.0848516827013034,0.06031479699354263,0.05752730613430464,0.06365304814668668,-9.960920393146697e-18,-1.3867796683274244e-16,1.2547227762986426e-16,-0.15483300390822644,-0.3118127699576162,0.023073966941676422,-0.0945182069146838,-0.25266909856351993,0.08485168270130351
dots2024_B_r6,confirmation,20,20,98,48,ok,2000.0,0.04135499038256039,-0.07763140657767555,0.16903206221254619,0.06580015519997623,0.06268693796999271,0.07043765115729503,-1.2457086726398955e-17,-8.332496036241135e-17,9.328800184380626e-17,-0.024445164817415842,-0.14415439696674667,0.10096410734467781,0.0413549903825604,-0.07763140657767549,0.1690320622125461
