dataset,split,component,value,ci_low,ci_high
00024-00000001,discovery,total,-0.010672500050000954,-0.03554337744446266,0.013614050895196848
00024-00000001,discovery,shell_mass,0.005771231545353702,-0.004454643525169426,0.01573716501632929
00024-00000001,discovery,within_shell,-0.016443731595354658,-0.03896166779328486,0.00683312750351915
00024-00000001,confirmation,total,-0.026218826247365632,-0.05203460341763661,-0.0009476994379024044
00024-00000001,confirmation,shell_mass,-0.006755125420341679,-0.018217748929300732,0.0037356560972818835
00024-00000001,confirmation,within_shell,-0.019463700827023957,-0.04225877613267954,0.002513586280420472
00024-00000002,discovery,total,-0.006890185815950827,-0.036205996824664806,0.020958410997941677
00024-00000002,discovery,shell_mass,-0.0015631255887607334,-0.016571507108775224,0.012009688930098043
00024-00000002,discovery,within_shell,-0.005327060227190094,-0.03138414339954464,0.019994709637292194
00024-00000002,confirmation,total,-0.0054480904150423885,-0.03512954241933392,0.025580901737357088
00024-00000002,confirmation,shell_mass,0.023481343360898868,0.011465077408597944,0.03586999730662634
00024-00000002,confirmation,within_shell,-0.02892943377594125,-0.058030161378746906,0.0004190259697802609
00024-00000003,discovery,total,-0.008804806789574945,-0.0512411345603378,0.02917464110809948
00024-00000003,discovery,shell_mass,0.0005683715031333358,-0.013875705680059115,0.014865164017627318
00024-00000003,discovery,within_shell,-0.009373178292708284,-0.04874296246947918,0.026421323877778683
00024-00000003,confirmation,total,-0.034527307062918025,-0.07393410192544808,-0.0019397354870120626
00024-00000003,confirmation,shell_mass,-0.00798785489114156,-0.02245746743265062,0.006181818433688916
00024-00000003,confirmation,within_shell,-0.026539452171776463,-0.06233430383042963,0.003536877677565128
00024-00000004,discovery,total,-0.006260725394791154,-0.047032994230330284,0.03280214269849497
00024-00000004,discovery,shell_mass,0.004569953987912874,-0.009850788488977172,0.01927157577322735
00024-00000004,discovery,within_shell,-0.01083067938270403,-0.04833932249310168,0.025191893068133776
00024-00000004,confirmation,total,-0.049548251245726614,-0.09827879483728082,-0.004479681490931
00024-00000004,confirmation,shell_mass,-0.007792827582486842,-0.025460004152073626,0.009295361397721955
00024-00000004,confirmation,within_shell,-0.041755423663239775,-0.08876792506415332,0.0023638987266664307
00025-00000001,discovery,total,-0.021555127931903117,-0.051827484310136784,0.0069606089470511815
00025-00000001,discovery,shell_mass,-0.009912447671396145,-0.022953136893138822,0.0028416722043063665
00025-00000001,discovery,within_shell,-0.011642680260506973,-0.038139093726337385,0.013849914332604109
00025-00000001,confirmation,total,0.015911013132986793,-0.011846057605237248,0.042860458347868356
00025-00000001,confirmation,shell_mass,0.004105252010781797,-0.005749314510103081,0.013400465626883018
00025-00000001,confirmation,within_shell,0.011805761122204996,-0.014194420522278471,0.03666757413873972
00025-00000002,discovery,total,-0.08042465712985758,-0.12146145444096382,-0.04111195253776209
00025-00000002,discovery,shell_mass,-0.032083889787424366,-0.05165244280092705,-0.012589124182502576
00025-00000002,discovery,within_shell,-0.048340767342433213,-0.08483489029835505,-0.01469144279659577
00025-00000002,confirmation,total,-0.07702206997529572,-0.11168741138947591,-0.04039122316576425
00025-00000002,confirmation,shell_mass,-0.04031263555665553,-0.06103780964951088,-0.019066819717357263
00025-00000002,confirmation,within_shell,-0.03670943441864019,-0.0667789199557996,-0.0058674767211755645
00025-00000003,discovery,total,-0.07131978837489465,-0.11973974245398988,-0.024318515015612042
00025-00000003,discovery,shell_mass,-0.021086484075606503,-0.03688566698472499,-0.0057247229906312366
00025-00000003,discovery,within_shell,-0.050233304299288156,-0.09805395638796474,-0.004933440854188614
00025-00000003,confirmation,total,-0.04009856258476414,-0.08419369545467163,-0.0005695176830561895
00025-00000003,confirmation,shell_mass,-0.011696012302526955,-0.028770496037700637,0.0047762469185960756
00025-00000003,confirmation,within_shell,-0.02840255028223718,-0.06660359442324897,0.007387846699282962
00025-00000004,discovery,total,0.0014995309036803983,-0.028199152373034303,0.028980243704869534
00025-00000004,discovery,shell_mass,-0.002135905954792776,-0.014391801966564931,0.010458501808330817
00025-00000004,discovery,within_shell,0.003635436858473174,-0.023874717716657955,0.029089357446750785
00025-00000004,confirmation,total,-0.010547079293306302,-0.03920793780141202,0.01621786520054172
00025-00000004,confirmation,shell_mass,-0.004426852846640803,-0.016756586574859143,0.007638899002347897
00025-00000004,confirmation,within_shell,-0.0061202264466655,-0.03338897703056384,0.018236453253962216
dots2024_A_r3,discovery,total,0.17025094263031718,-0.05360868716858018,0.3948107952924708
dots2024_A_r3,discovery,shell_mass,0.0685005063806814,-0.10207434471204947,0.2544684643210103
dots2024_A_r3,discovery,within_shell,0.10175043624963577,-0.036902875900121514,0.21014449947630248
dots2024_A_r3,confirmation,total,0.055920105969367105,-0.20952029551322704,0.3154748789332219
dots2024_A_r3,confirmation,shell_mass,0.04830783460030075,-0.1649517219042904,0.24889602811600403
dots2024_A_r3,confirmation,within_shell,0.007612271369066353,-0.15043447989168984,0.13610956227631754
dots2024_A_r5,discovery,total,0.12803767205739472,-0.2037885227811816,0.4190179603304917
dots2024_A_r5,discovery,shell_mass,0.11756365435727098,0.021719444424054428,0.21523480785963586
dots2024_A_r5,discovery,within_shell,0.01047401770012372,-0.2875365708304264,0.2760288148189391
dots2024_A_r5,confirmation,total,0.2034384907225641,-0.0848649296455416,0.4640547228767907
dots2024_A_r5,confirmation,shell_mass,0.07323014407582659,-0.04926737167467877,0.1980670500903261
dots2024_A_r5,confirmation,within_shell,0.13020834664673753,-0.11673922057835173,0.34464902970653166
dots2024_A_r6,discovery,total,0.010689410096537484,-0.2942088584517318,0.3033958347616191
dots2024_A_r6,discovery,shell_mass,0.016185682436487926,-0.12615049519617524,0.17153429078941312
dots2024_A_r6,discovery,within_shell,-0.005496272339950448,-0.2862300434990138,0.23108028631666244
dots2024_A_r6,confirmation,total,0.3496375179443929,0.13083045977987237,0.5589152509783863
dots2024_A_r6,confirmation,shell_mass,0.13573347486587875,0.0016601012431371586,0.2735773204315388
dots2024_A_r6,confirmation,within_shell,0.21390404307851416,0.03500318157402727,0.3810509901987075
dots2024_B_r2,discovery,total,0.12789467604622926,-0.028134990342023197,0.29515316272206765
dots2024_B_r2,discovery,shell_mass,0.12789467604622926,-0.028134990342023183,0.29515316272206765
dots2024_B_r2,discovery,within_shell,-6.0137080500529315e-18,-3.8857805861880476e-17,2.3592239273284576e-17
dots2024_B_r2,confirmation,total,0.08868603958642021,-0.05587951136139801,0.24828628481428805
dots2024_B_r2,confirmation,shell_mass,0.08868603958642018,-0.05587951136139802,0.24828628481428808
dots2024_B_r2,confirmation,within_shell,1.4224732503009817e-17,-1.3420977292473897e-17,3.967023468979627e-17
dots2024_B_r3,discovery,total,0.09999006446536081,-0.0450451693776537,0.25259946171723496
dots2024_B_r3,discovery,shell_mass,0.15046064066559806,0.03169781083344599,0.2790025257331278
dots2024_B_r3,discovery,within_shell,-0.050470576200237253,-0.1524772332064017,0.04839983259210871
dots2024_B_r3,confirmation,total,0.2899754185198357,0.1202951168280201,0.458401711463648
dots2024_B_r3,confirmation,shell_mass,0.19799813553629478,0.05654174931310411,0.35293423975593624
dots2024_B_r3,confirmation,within_shell,0.0919772829835409,0.013552793308222994,0.17028510238795824
dots2024_B_r5,discovery,total,-0.08589048134397125,-0.24426390735047018,0.08456257360481051
dots2024_B_r5,discovery,shell_mass,-0.05513221955132394,-0.18674598747150983,0.08357680807939213
dots2024_B_r5,discovery,within_shell,-0.03075826179264732,-0.13400801395452033,0.07285700198930327
dots2024_B_r5,confirmation,total,0.15320830064524557,-0.04200649269657774,0.3519772203713498
dots2024_B_r5,confirmation,shell_mass,0.07051569900846572,-0.08231705643294136,0.23501760138298927
dots2024_B_r5,confirmation,within_shell,0.08269260163677988,-0.04286111378327567,0.20148505432541136
dots2024_B_r6,discovery,total,0.13626921369649037,-0.11211109569388028,0.40087547498151715
dots2024_B_r6,discovery,shell_mass,0.10056349926401027,-0.05046505913219664,0.27580240568319203
dots2024_B_r6,discovery,within_shell,0.03570571443248012,-0.15545873550697098,0.21441070671166118
dots2024_B_r6,confirmation,total,-0.12607131765587318,-0.34364634853681975,0.0837775756760001
dots2024_B_r6,confirmation,shell_mass,-0.011091283585228765,-0.14839867143679353,0.12314589834090238
dots2024_B_r6,confirmation,within_shell,-0.11498003407064443,-0.2930147260507087,0.04299357120608752
