dataset,split,reference,reference_beta,eligible_cells,eligible_pairs,pair_observations,reports,status,valid_bootstraps,observed,observed_lo,observed_hi,sm_predicted,sm_predicted_lo,sm_predicted_hi,pl_predicted,pl_predicted_lo,pl_predicted_hi,residual_vs_sm,residual_vs_sm_lo,residual_vs_sm_hi,residual_vs_pl,residual_vs_pl_lo,residual_vs_pl_hi
00024-00000001,discovery,external_objective_order,0.27957324074903694,0.0,0.0,0.0,0.0,insufficient_within_cell_context_variation,,,,,,,,,,,,,,,,
00024-00000001,confirmation,external_objective_order,0.27957324074903694,0.0,0.0,0.0,0.0,insufficient_within_cell_context_variation,,,,,,,,,,,,,,,,
00024-00000002,discovery,external_objective_order,0.4027262745991099,0.0,0.0,0.0,0.0,insufficient_within_cell_context_variation,,,,,,,,,,,,,,,,
00024-00000002,confirmation,external_objective_order,0.4027262745991099,0.0,0.0,0.0,0.0,insufficient_within_cell_context_variation,,,,,,,,,,,,,,,,
00024-00000003,discovery,external_objective_order,0.5491956650206302,0.0,0.0,0.0,0.0,insufficient_within_cell_context_variation,,,,,,,,,,,,,,,,
00024-00000003,confirmation,external_objective_order,0.5491956650206302,0.0,0.0,0.0,0.0,insufficient_within_cell_context_variation,,,,,,,,,,,,,,,,
00024-00000004,discovery,external_objective_order,0.6206739829886343,0.0,0.0,0.0,0.0,insufficient_within_cell_context_variation,,,,,,,,,,,,,,,,
00024-00000004,confirmation,external_objective_order,0.6206739829886343,0.0,0.0,0.0,0.0,insufficient_within_cell_context_variation,,,,,,,,,,,,,,,,
00025-00000001,discovery,external_objective_order,0.34401253997231146,0.0,0.0,0.0,0.0,insufficient_within_cell_context_variation,,,,,,,,,,,,,,,,
00025-00000001,confirmation,external_objective_order,0.34401253997231146,0.0,0.0,0.0,0.0,insufficient_within_cell_context_variation,,,,,,,,,,,,,,,,
00025-00000002,discovery,external_objective_order,0.585161623573183,0.0,0.0,0.0,0.0,insufficient_within_cell_context_variation,,,,,,,,,,,,,,,,
00025-00000002,confirmation,external_objective_order,0.585161623573183,0.0,0.0,0.0,0.0,insufficient_within_cell_context_variation,,,,,,,,,,,,,,,,
00025-00000003,discovery,external_objective_order,0.577981961902152,0.0,0.0,0.0,0.0,insufficient_within_cell_context_variation,,,,,,,,,,,,,,,,
00025-00000003,confirmation,external_objective_order,0.577981961902152,0.0,0.0,0.0,0.0,insufficient_within_cell_context_variation,,,,,,,,,,,,,,,,
00025-00000004,discovery,external_objective_order,0.4095140480936163,0.0,0.0,0.0,0.0,insufficient_within_cell_context_variation,,,,,,,,,,,,,,,,
00025-00000004,confirmation,external_objective_order,0.4095140480936163,0.0,0.0,0.0,0.0,insufficient_within_cell_context_variation,,,,,,,,,,,,,,,,
dots2024_A_r2,discovery,external_objective_order,,,,,,pl_fit_unavailable,,,,,,,,,,,,,,,,
dots2024_A_r2,confirmation,external_objective_order,,,,,,pl_fit_unavailable,,,,,,,,,,,,,,,,
dots2024_A_r3,discovery,external_objective_order,1.0912394407429835,0.0,0.0,0.0,0.0,insufficient_within_cell_context_variation,,,,,,,,,,,,,,,,
dots2024_A_r3,confirmation,external_objective_order,1.0912394407429835,0.0,0.0,0.0,0.0,insufficient_within_cell_context_variation,,,,,,,,,,,,,,,,
dots2024_A_r5,discovery,external_objective_order,0.6848463057748774,4.0,4.0,21.0,18.0,ok,1999.0,0.28510638297872337,-2.5424954762406717e-18,0.5796855380036272,0.08557878472545695,0.07601330159240048,0.09451648363700878,-2.480285480545562e-17,-2.6499739365639514e-16,2.865839549646973e-16,0.19952759825326644,-0.08204416853435445,0.48939162728208435,0.28510638297872337,-4.38751599154749e-17,0.5796855380036274
dots2024_A_r5,confirmation,external_objective_order,0.6848463057748774,5.0,5.0,22.0,21.0,ok,2000.0,0.24390243902439035,-0.05974152227368897,0.6585451333485296,0.07894081507525562,0.0668714288220757,0.08885778416639216,1.4622449592624014e-16,-3.568574007723717e-16,3.93293294049919e-16,0.16496162394913472,-0.14359286265148458,0.5824611368758639,0.2439024390243902,-0.05974152227368907,0.6585451333485296
dots2024_A_r6,discovery,external_objective_order,0.6353381055574069,22.0,22.0,111.0,49.0,ok,2000.0,0.03505355404089576,-0.08007863652463325,0.14997390140086778,0.07077163683372185,0.06637506335024661,0.07503669516115134,-7.945607819858717e-17,-1.134822466995062e-16,1.0927981760271586e-16,-0.035718082792826095,-0.15174788389475355,0.07990150218019723,0.035053554040895836,-0.08007863652463329,0.14997390140086778
dots2024_A_r6,confirmation,external_objective_order,0.6353381055574069,17.0,17.0,83.0,43.0,ok,2000.0,0.03240324032403241,-0.1550024825844753,0.1989042143231613,0.07216177804982511,0.06714608974765836,0.07741606548632299,-2.548216663181052e-17,-1.5628273077777462e-16,1.3708575801631636e-16,-0.0397585377257927,-0.22529888990978708,0.1232682417539792,0.03240324032403244,-0.15500248258447524,0.19890421432316147
dots2024_B_r2,discovery,external_objective_order,0.8472978603872038,0.0,0.0,0.0,0.0,insufficient_within_cell_context_variation,,,,,,,,,,,,,,,,
dots2024_B_r2,confirmation,external_objective_order,0.8472978603872038,0.0,0.0,0.0,0.0,insufficient_within_cell_context_variation,,,,,,,,,,,,,,,,
dots2024_B_r3,discovery,external_objective_order,0.699483333036674,0.0,0.0,0.0,0.0,insufficient_within_cell_context_variation,,,,,,,,,,,,,,,,
dots2024_B_r3,confirmation,external_objective_order,0.699483333036674,0.0,0.0,0.0,0.0,insufficient_within_cell_context_variation,,,,,,,,,,,,,,,,
dots2024_B_r5,discovery,external_objective_order,0.5085270957998521,6.0,6.0,27.0,24.0,ok,2000.0,0.08750000000000005,-0.1932435770750988,0.34720684082238223,0.06807533842458385,0.06514679753246985,0.07413935225817586,4.996003610813204e-17,-1.9994263765684578e-16,1.921748868496636e-16,0.019424661575416197,-0.26249981902014513,0.2775591303463322,0.0875,-0.19324357707509876,0.34720684082238223
dots2024_B_r5,confirmation,external_objective_order,0.5085270957998521,2.0,2.0,12.0,12.0,ok,1985.0,-0.15116279069767433,-0.7075000000000001,0.4649275362318837,0.06893821331053417,0.05687623147417426,0.07625778533415066,1.016628641735245e-16,-4.163336342344337e-16,4.533410683886056e-16,-0.22010100400820848,-0.7730979307111635,0.3934090643913495,-0.15116279069767444,-0.7075,0.4649275362318837
dots2024_B_r6,discovery,external_objective_order,0.42286924440423246,17.0,17.0,82.0,42.0,ok,2000.0,0.024485798237022467,-0.1407531191296782,0.19126729382150934,0.05969609902652253,0.05716507692437866,0.06220292115541682,-8.155409093720543e-17,-1.359651131397808e-16,1.2682434941207448e-16,-0.03521030078950006,-0.2010604642965307,0.1314411398037686,0.02448579823702255,-0.14075311912967806,0.19126729382150925
dots2024_B_r6,confirmation,external_objective_order,0.42286924440423246,19.0,19.0,93.0,47.0,ok,2000.0,-0.05333498329414672,-0.1751811973932433,0.05766261229876116,0.0606337762092532,0.059595498121214126,0.061827519126562244,2.0195864944919937e-17,-1.0115864748039911e-16,1.0434197873990392e-16,-0.11396875950339992,-0.23542371169859508,-0.0031188808014974223,-0.053334983294146744,-0.17518119739324334,0.05766261229876119
