dataset,split,gap,bin,observations,contributing_reports,observed,sm,pl,lower_cut,upper_cut
00024-00000001,discovery,1,0,159,159,0.5283018867924528,0.5694415951195123,0.5111289573551893,0.22631304639659414,0.3269338787271953
00024-00000001,discovery,1,1,159,159,0.5408805031446541,0.5694415951195123,0.5786436647396106,0.22631304639659414,0.3269338787271953
00024-00000001,discovery,1,2,159,159,0.559748427672956,0.5694415951195123,0.5857408421798004,0.22631304639659414,0.3269338787271953
00024-00000001,discovery,2,1,159,159,0.559748427672956,0.6145529961554249,0.589459434636763,0.36173116103146197,0.3909088627380002
00024-00000001,discovery,2,2,159,159,0.5660377358490566,0.6145529961554249,0.5965014703389437,0.36173116103146197,0.3909088627380002
00024-00000001,discovery,3,2,159,159,0.5974842767295597,0.6579570630014787,0.6699849170401696,0.7081168408963516,0.7081168408963516
00024-00000001,confirmation,1,0,159,159,0.559748427672956,0.5694415951195123,0.5111289573551893,0.22631304639659414,0.3269338787271953
00024-00000001,confirmation,1,1,159,159,0.5660377358490566,0.5694415951195123,0.5786436647396106,0.22631304639659414,0.3269338787271953
00024-00000001,confirmation,1,2,159,159,0.5849056603773585,0.5694415951195123,0.5857408421798004,0.22631304639659414,0.3269338787271953
00024-00000001,confirmation,2,1,159,159,0.610062893081761,0.6145529961554249,0.589459434636763,0.36173116103146197,0.3909088627380002
00024-00000001,confirmation,2,2,159,159,0.6415094339622641,0.6145529961554249,0.5965014703389437,0.36173116103146197,0.3909088627380002
00024-00000001,confirmation,3,2,159,159,0.6729559748427673,0.6579570630014787,0.6699849170401696,0.7081168408963516,0.7081168408963516
00024-00000002,discovery,1,0,159,159,0.610062893081761,0.5993425002906067,0.5589537536915641,0.27609660312991835,0.3285298338019996
00024-00000002,discovery,1,1,159,159,0.610062893081761,0.5993425002906067,0.5733876852005871,0.27609660312991835,0.3285298338019996
00024-00000002,discovery,1,2,159,159,0.5408805031446541,0.5993425002906067,0.5972973691900159,0.27609660312991835,0.3285298338019996
00024-00000002,discovery,2,1,159,159,0.6540880503144654,0.6621302249635956,0.6527464800642628,0.6311336969061792,0.6899030979336203
00024-00000002,discovery,2,2,159,159,0.6666666666666666,0.6621302249635956,0.6659453700579876,0.6311336969061792,0.6899030979336203
00024-00000002,discovery,3,2,159,159,0.7295597484276729,0.7201490239904934,0.7164297077147517,0.9268201003785801,0.9268201003785801
00024-00000002,confirmation,1,0,159,159,0.5408805031446541,0.5993425002906067,0.5589537536915641,0.27609660312991835,0.3285298338019996
00024-00000002,confirmation,1,1,159,159,0.5031446540880503,0.5993425002906067,0.5733876852005871,0.27609660312991835,0.3285298338019996
00024-00000002,confirmation,1,2,159,159,0.5283018867924528,0.5993425002906067,0.5972973691900159,0.27609660312991835,0.3285298338019996
00024-00000002,confirmation,2,1,159,159,0.5660377358490566,0.6621302249635956,0.6527464800642628,0.6311336969061792,0.6899030979336203
00024-00000002,confirmation,2,2,159,159,0.6163522012578616,0.6621302249635956,0.6659453700579876,0.6311336969061792,0.6899030979336203
00024-00000002,confirmation,3,2,159,159,0.6477987421383647,0.7201490239904934,0.7164297077147517,0.9268201003785801,0.9268201003785801
00024-00000003,discovery,1,0,160,160,0.61875,0.6339489590222208,0.5755289569796593,0.4473831153097889,0.5291624737882208
00024-00000003,discovery,1,1,160,160,0.63125,0.6339489590222208,0.6268792386336254,0.4473831153097889,0.5291624737882208
00024-00000003,discovery,1,2,160,160,0.54375,0.6339489590222208,0.6340854363345486,0.4473831153097889,0.5291624737882208
00024-00000003,discovery,2,1,160,160,0.7375,0.7149026536620554,0.6949358697543976,0.8232975499670694,1.0686356254023477
00024-00000003,discovery,2,2,160,160,0.725,0.7149026536620554,0.7443373629274391,0.8232975499670694,1.0686356254023477
00024-00000003,discovery,3,2,160,160,0.7375,0.785014482275831,0.7978775405994465,1.373081379407095,1.373081379407095
00024-00000003,confirmation,1,0,160,160,0.625,0.6339489590222208,0.5755289569796593,0.4473831153097889,0.5291624737882208
00024-00000003,confirmation,1,1,160,160,0.6375,0.6339489590222208,0.6268792386336254,0.4473831153097889,0.5291624737882208
00024-00000003,confirmation,1,2,160,160,0.625,0.6339489590222208,0.6340854363345486,0.4473831153097889,0.5291624737882208
00024-00000003,confirmation,2,1,160,160,0.7125,0.7149026536620554,0.6949358697543976,0.8232975499670694,1.0686356254023477
00024-00000003,confirmation,2,2,160,160,0.725,0.7149026536620554,0.7443373629274391,0.8232975499670694,1.0686356254023477
00024-00000003,confirmation,3,2,160,160,0.8,0.785014482275831,0.7978775405994465,1.373081379407095,1.373081379407095
00024-00000004,discovery,1,0,159,159,0.6477987421383647,0.6503718199584189,0.6098349765392106,0.48374597405292913,0.5241142566194311
00024-00000004,discovery,1,1,159,159,0.6415094339622641,0.6503718199584189,0.6230019559897618,0.48374597405292913,0.5241142566194311
00024-00000004,discovery,1,2,159,159,0.610062893081761,0.6503718199584189,0.6382377076478196,0.48374597405292913,0.5241142566194311
00024-00000004,discovery,2,1,159,159,0.7861635220125787,0.7388840585798453,0.7338690361471812,1.0143420548964417,1.070033110578143
00024-00000004,discovery,2,2,159,159,0.7232704402515723,0.7388840585798453,0.7446032124928949,1.0143420548964417,1.070033110578143
00024-00000004,discovery,3,2,159,159,0.8050314465408805,0.8127130616204593,0.8200448992103655,1.5166517141766067,1.5166517141766067
00024-00000004,confirmation,1,0,159,159,0.5911949685534591,0.6503718199584189,0.6098349765392106,0.48374597405292913,0.5241142566194311
00024-00000004,confirmation,1,1,159,159,0.7169811320754716,0.6503718199584189,0.6230019559897618,0.48374597405292913,0.5241142566194311
00024-00000004,confirmation,1,2,159,159,0.6666666666666666,0.6503718199584189,0.6382377076478196,0.48374597405292913,0.5241142566194311
00024-00000004,confirmation,2,1,159,159,0.7044025157232704,0.7388840585798453,0.7338690361471812,1.0143420548964417,1.070033110578143
00024-00000004,confirmation,2,2,159,159,0.8238993710691824,0.7388840585798453,0.7446032124928949,1.0143420548964417,1.070033110578143
00024-00000004,confirmation,3,2,159,159,0.7987421383647799,0.8127130616204593,0.8200448992103655,1.5166517141766067,1.5166517141766067
00025-00000001,discovery,1,0,159,159,0.5974842767295597,0.5851648864033291,0.5474614445934889,0.20891352013020167,0.28994069080062
00025-00000001,discovery,1,1,159,159,0.559748427672956,0.5851648864033291,0.5543248944903522,0.20891352013020167,0.28994069080062
00025-00000001,discovery,1,2,159,159,0.610062893081761,0.5851648864033291,0.6067092653981494,0.20891352013020167,0.28994069080062
00025-00000001,discovery,2,1,159,159,0.6226415094339622,0.6397662261687236,0.6007472967614217,0.40857981696966017,0.651661328980961
00025-00000001,discovery,2,2,159,159,0.5974842767295597,0.6397662261687236,0.6573847416473056,0.40857981696966017,0.651661328980961
00025-00000001,discovery,3,2,159,159,0.6477987421383647,0.6912886779263312,0.6989031918279316,0.8420804025296731,0.8420804025296731
00025-00000001,confirmation,1,0,159,159,0.46540880503144655,0.5851648864033291,0.5474614445934889,0.20891352013020167,0.28994069080062
00025-00000001,confirmation,1,1,159,159,0.5723270440251572,0.5851648864033291,0.5543248944903522,0.20891352013020167,0.28994069080062
00025-00000001,confirmation,1,2,159,159,0.5723270440251572,0.5851648864033291,0.6067092653981494,0.20891352013020167,0.28994069080062
00025-00000001,confirmation,2,1,159,159,0.5534591194968553,0.6397662261687236,0.6007472967614217,0.40857981696966017,0.651661328980961
00025-00000001,confirmation,2,2,159,159,0.710691823899371,0.6397662261687236,0.6573847416473056,0.40857981696966017,0.651661328980961
00025-00000001,confirmation,3,2,159,159,0.6352201257861635,0.6912886779263312,0.6989031918279316,0.8420804025296731,0.8420804025296731
00025-00000002,discovery,1,0,159,159,0.6415094339622641,0.6422542290469045,0.5765102298763465,0.4369214855342249,0.5243796243118041
00025-00000002,discovery,1,1,159,159,0.6352201257861635,0.6422542290469045,0.622729633198022,0.4369214855342249,0.5243796243118041
00025-00000002,discovery,1,2,159,159,0.7421383647798742,0.6422542290469045,0.6389565496401676,0.4369214855342249,0.5243796243118041
00025-00000002,discovery,2,1,159,159,0.7672955974842768,0.7271239355114644,0.7066775302161792,0.8793018685367564,1.0719885076850861
00025-00000002,discovery,2,2,159,159,0.7044025157232704,0.7271239355114644,0.744974891039284,0.8793018685367564,1.0719885076850861
00025-00000002,discovery,3,2,159,159,0.7610062893081762,0.7992829428845118,0.7990636211566741,1.3804522337870986,1.3804522337870986
00025-00000002,confirmation,1,0,159,159,0.6792452830188679,0.6422542290469045,0.5765102298763465,0.4369214855342249,0.5243796243118041
00025-00000002,confirmation,1,1,159,159,0.7610062893081762,0.6422542290469045,0.622729633198022,0.4369214855342249,0.5243796243118041
00025-00000002,confirmation,1,2,159,159,0.6540880503144654,0.6422542290469045,0.6389565496401676,0.4369214855342249,0.5243796243118041
00025-00000002,confirmation,2,1,159,159,0.7610062893081762,0.7271239355114644,0.7066775302161792,0.8793018685367564,1.0719885076850861
00025-00000002,confirmation,2,2,159,159,0.7735849056603774,0.7271239355114644,0.744974891039284,0.8793018685367564,1.0719885076850861
00025-00000002,confirmation,3,2,159,159,0.8427672955974843,0.7992829428845118,0.7990636211566741,1.3804522337870986,1.3804522337870986
00025-00000003,discovery,1,0,159,159,0.6666666666666666,0.6406029237240009,0.5660118205306467,0.4822852831098068,0.5959677993554876
00025-00000003,discovery,1,1,159,159,0.5974842767295597,0.6406029237240009,0.6435094756463966,0.4822852831098068,0.5959677993554876
00025-00000003,discovery,1,2,159,159,0.6226415094339622,0.6406029237240009,0.6471751506597042,0.4822852831098068,0.5959677993554876
00025-00000003,discovery,2,1,159,159,0.6918238993710691,0.7247089827088133,0.7018717134032136,0.8562267570802842,1.1972743058172934
00025-00000003,discovery,2,2,159,159,0.6792452830188679,0.7247089827088133,0.7680395428017881,0.8562267570802842,1.1972743058172934
00025-00000003,discovery,3,2,159,159,0.7672955974842768,0.7964881481063232,0.8119715422463618,1.4628719706484046,1.4628719706484046
00025-00000003,confirmation,1,0,159,159,0.6666666666666666,0.6406029237240009,0.5660118205306467,0.4822852831098068,0.5959677993554876
00025-00000003,confirmation,1,1,159,159,0.6037735849056604,0.6406029237240009,0.6435094756463966,0.4822852831098068,0.5959677993554876
00025-00000003,confirmation,1,2,159,159,0.6729559748427673,0.6406029237240009,0.6471751506597042,0.4822852831098068,0.5959677993554876
00025-00000003,confirmation,2,1,159,159,0.7169811320754716,0.7247089827088133,0.7018717134032136,0.8562267570802842,1.1972743058172934
00025-00000003,confirmation,2,2,159,159,0.7484276729559748,0.7247089827088133,0.7680395428017881,0.8562267570802842,1.1972743058172934
00025-00000003,confirmation,3,2,159,159,0.8364779874213837,0.7964881481063232,0.8119715422463618,1.4628719706484046,1.4628719706484046
00025-00000004,discovery,1,0,159,159,0.5094339622641509,0.6009713509753078,0.5612452651796068,0.29345876754396516,0.37027791563634577
00025-00000004,discovery,1,1,159,159,0.610062893081761,0.6009713509753078,0.5786123231811825,0.29345876754396516,0.37027791563634577
00025-00000004,discovery,1,2,159,159,0.6666666666666666,0.6009713509753078,0.6169623894665025,0.29345876754396516,0.37027791563634577
00025-00000004,discovery,2,1,159,159,0.5723270440251572,0.6646744967050577,0.6372150285728695,0.5632968695559522,0.7228923172371714
00025-00000004,discovery,2,2,159,159,0.6477987421383647,0.6646744967050577,0.6732436067910419,0.5632968695559522,0.7228923172371714
00025-00000004,discovery,3,2,159,159,0.6918238993710691,0.7233854892285297,0.7388445552513304,1.0399717503131227,1.0399717503131227
00025-00000004,confirmation,1,0,160,160,0.59375,0.600971350975308,0.5612452651796068,0.29345876754396516,0.37027791563634577
00025-00000004,confirmation,1,1,160,160,0.53125,0.600971350975308,0.5786123231811826,0.29345876754396516,0.37027791563634577
00025-00000004,confirmation,1,2,160,160,0.65,0.600971350975308,0.6169623894665025,0.29345876754396516,0.37027791563634577
00025-00000004,confirmation,2,1,160,160,0.6625,0.6646744967050575,0.6372150285728696,0.5632968695559522,0.7228923172371714
00025-00000004,confirmation,2,2,160,160,0.7125,0.6646744967050575,0.673243606791042,0.5632968695559522,0.7228923172371714
00025-00000004,confirmation,3,2,160,160,0.75625,0.72338548922853,0.7388445552513303,1.0399717503131227,1.0399717503131227
dots2024_A_r3,discovery,1,0,42,41,0.40476190476190477,0.8145376269953273,0.49526592419611887,0.7330513794978479,1.6581480024046256
dots2024_A_r3,discovery,1,1,42,31,0.8333333333333334,0.8145376269953273,0.765084100047291,0.7330513794978479,1.6581480024046256
dots2024_A_r3,discovery,1,2,36,35,0.8333333333333334,0.8145376269953276,0.9281785394267271,0.7330513794978479,1.6581480024046256
dots2024_A_r3,discovery,2,0,18,18,0.7222222222222222,0.926480301564943,0.766033589449647,2.022669186652145,3.10544158694941
dots2024_A_r3,discovery,2,1,27,27,0.9259259259259259,0.926480301564943,0.9230834889837829,2.022669186652145,3.10544158694941
dots2024_A_r3,discovery,2,2,15,15,0.6666666666666666,0.9264803015649432,0.9755578176764242,2.022669186652145,3.10544158694941
dots2024_A_r3,confirmation,1,0,53,43,0.5849056603773585,0.8145376269953272,0.5336314914147233,0.7330513794978479,1.6581480024046256
dots2024_A_r3,confirmation,1,1,26,24,0.7307692307692307,0.8145376269953276,0.7570995758695923,0.7330513794978479,1.6581480024046256
dots2024_A_r3,confirmation,1,2,41,37,0.7804878048780488,0.8145376269953274,0.9180416948393565,0.7330513794978479,1.6581480024046256
dots2024_A_r3,confirmation,2,0,21,21,0.7142857142857143,0.9264803015649431,0.690147583254301,2.022669186652145,3.10544158694941
dots2024_A_r3,confirmation,2,1,22,22,0.9545454545454546,0.9264803015649431,0.9226911120742273,2.022669186652145,3.10544158694941
dots2024_A_r3,confirmation,2,2,17,17,0.7058823529411765,0.926480301564943,0.9816472197572866,2.022669186652145,3.10544158694941
dots2024_A_r5,discovery,1,0,88,57,0.45454545454545453,0.6943836540227285,0.4799484893263459,0.331803982918061,0.8842962798615979
dots2024_A_r5,discovery,1,1,74,49,0.581081081081081,0.6943836540227285,0.6526593994642358,0.331803982918061,0.8842962798615979
dots2024_A_r5,discovery,1,2,78,58,0.7692307692307693,0.6943836540227286,0.8054226581415819,0.331803982918061,0.8842962798615979
dots2024_A_r5,discovery,2,0,57,46,0.5789473684210527,0.7991105171052506,0.5945882134521693,0.9396056411063438,1.5773970719579506
dots2024_A_r5,discovery,2,1,47,36,0.7446808510638298,0.7991105171052503,0.7683763335882745,0.9396056411063438,1.5773970719579506
dots2024_A_r5,discovery,2,2,76,51,0.7368421052631579,0.7991105171052506,0.88407652368538,0.9396056411063438,1.5773970719579506
dots2024_A_r5,discovery,3,0,35,29,0.6285714285714286,0.8763369547172357,0.7283956827283514,1.5210001278875562,2.36736741741634
dots2024_A_r5,discovery,3,1,42,34,0.7857142857142857,0.8763369547172358,0.8753516827285375,1.5210001278875562,2.36736741741634
dots2024_A_r5,discovery,3,2,43,30,0.7674418604651163,0.8763369547172358,0.9396332274443676,1.5210001278875562,2.36736741741634
dots2024_A_r5,discovery,4,0,17,17,0.8823529411764706,0.9280154787143512,0.8502950252363927,2.3563561375091844,2.871384674037536
dots2024_A_r5,discovery,4,1,22,22,0.8636363636363636,0.928015478714351,0.9313455688083869,2.3563561375091844,2.871384674037536
dots2024_A_r5,discovery,4,2,21,21,0.7619047619047619,0.9280154787143511,0.9575660056186663,2.3563561375091844,2.871384674037536
dots2024_A_r5,confirmation,1,0,71,51,0.38028169014084506,0.6943836540227286,0.48502742835362933,0.331803982918061,0.8842962798615979
dots2024_A_r5,confirmation,1,1,91,55,0.6373626373626373,0.6943836540227286,0.6355342580923223,0.331803982918061,0.8842962798615979
dots2024_A_r5,confirmation,1,2,78,55,0.7307692307692307,0.6943836540227286,0.7866938384901923,0.331803982918061,0.8842962798615979
dots2024_A_r5,confirmation,2,0,69,49,0.6231884057971014,0.7991105171052505,0.6206712811415729,0.9396056411063438,1.5773970719579506
dots2024_A_r5,confirmation,2,1,50,36,0.82,0.7991105171052506,0.7816687485525702,0.9396056411063438,1.5773970719579506
dots2024_A_r5,confirmation,2,2,61,43,0.819672131147541,0.7991105171052505,0.8898949151901643,0.9396056411063438,1.5773970719579506
dots2024_A_r5,confirmation,3,0,38,29,0.6842105263157895,0.8763369547172358,0.7406625511284005,1.5210001278875562,2.36736741741634
dots2024_A_r5,confirmation,3,1,50,41,0.84,0.8763369547172357,0.8771684765986114,1.5210001278875562,2.36736741741634
dots2024_A_r5,confirmation,3,2,32,27,0.8125,0.8763369547172357,0.9409298372666546,1.5210001278875562,2.36736741741634
dots2024_A_r5,confirmation,4,0,20,20,0.7,0.9280154787143511,0.8359928586723807,2.3563561375091844,2.871384674037536
dots2024_A_r5,confirmation,4,1,16,16,0.875,0.9280154787143512,0.9268876523905671,2.3563561375091844,2.871384674037536
dots2024_A_r5,confirmation,4,2,24,24,0.7083333333333334,0.9280154787143512,0.9613515749913297,2.3563561375091844,2.871384674037536
dots2024_A_r6,discovery,1,0,111,59,0.5405405405405406,0.673423700300446,0.49980411655087886,0.33102097074184345,0.7351188594840482
dots2024_A_r6,discovery,1,1,93,52,0.6129032258064516,0.673423700300446,0.6266081229696345,0.33102097074184345,0.7351188594840482
dots2024_A_r6,discovery,1,2,96,56,0.6875,0.6734237003004458,0.7654740540283251,0.33102097074184345,0.7351188594840482
dots2024_A_r6,discovery,2,0,106,55,0.6415094339622641,0.7712092566134362,0.6130143117267094,0.8758191805934188,1.403010522873511
dots2024_A_r6,discovery,2,1,63,40,0.6984126984126984,0.7712092566134365,0.7557534264871367,0.8758191805934188,1.403010522873511
dots2024_A_r6,discovery,2,2,71,45,0.7605633802816901,0.7712092566134364,0.8664099180605838,0.8758191805934188,1.403010522873511
dots2024_A_r6,discovery,3,0,82,47,0.6707317073170732,0.8479935191790652,0.714210651384218,1.393319100175146,2.062224530629732
dots2024_A_r6,discovery,3,1,42,31,0.7857142857142857,0.847993519179065,0.8480400977049566,1.393319100175146,2.062224530629732
dots2024_A_r6,discovery,3,2,56,38,0.8214285714285714,0.847993519179065,0.9233398744335413,1.393319100175146,2.062224530629732
dots2024_A_r6,discovery,4,0,49,33,0.7551020408163265,0.9036204201630379,0.7958182740140297,2.0930073300914045,2.6000163679553046
dots2024_A_r6,discovery,4,1,41,33,0.7804878048780488,0.9036204201630379,0.9155527291995571,2.0930073300914045,2.6000163679553046
dots2024_A_r6,discovery,4,2,30,25,0.7333333333333333,0.9036204201630379,0.9524279745044077,2.0930073300914045,2.6000163679553046
dots2024_A_r6,discovery,5,0,20,20,0.8,0.9412675186251963,0.8637761275179285,2.5186543575417524,3.2021257284961364
dots2024_A_r6,discovery,5,1,23,23,0.8695652173913043,0.9412675186251963,0.9473170365426604,2.5186543575417524,3.2021257284961364
dots2024_A_r6,discovery,5,2,17,17,0.7058823529411765,0.9412675186251964,0.9720512243125448,2.5186543575417524,3.2021257284961364
dots2024_A_r6,confirmation,1,0,106,57,0.4811320754716981,0.673423700300446,0.49623094276763224,0.33102097074184345,0.7351188594840482
dots2024_A_r6,confirmation,1,1,92,47,0.5760869565217391,0.673423700300446,0.6320516209783476,0.33102097074184345,0.7351188594840482
dots2024_A_r6,confirmation,1,2,102,59,0.7450980392156863,0.673423700300446,0.765557188219486,0.33102097074184345,0.7351188594840482
dots2024_A_r6,confirmation,2,0,84,49,0.5833333333333334,0.7712092566134362,0.5966961390797607,0.8758191805934188,1.403010522873511
dots2024_A_r6,confirmation,2,1,84,48,0.7857142857142857,0.7712092566134362,0.7550287323697803,0.8758191805934188,1.403010522873511
dots2024_A_r6,confirmation,2,2,72,50,0.8472222222222222,0.7712092566134362,0.8633501477513534,0.8758191805934188,1.403010522873511
dots2024_A_r6,confirmation,3,0,58,37,0.5862068965517241,0.847993519179065,0.6963012775654724,1.393319100175146,2.062224530629732
dots2024_A_r6,confirmation,3,1,59,37,0.8305084745762712,0.8479935191790648,0.8438127538655319,1.393319100175146,2.062224530629732
dots2024_A_r6,confirmation,3,2,63,42,0.873015873015873,0.8479935191790647,0.9221829623505668,1.393319100175146,2.062224530629732
dots2024_A_r6,confirmation,4,0,45,33,0.7111111111111111,0.9036204201630379,0.8058200235648201,2.0930073300914045,2.6000163679553046
dots2024_A_r6,confirmation,4,1,44,36,0.8181818181818182,0.9036204201630379,0.9119319928082187,2.0930073300914045,2.6000163679553046
dots2024_A_r6,confirmation,4,2,31,26,0.967741935483871,0.9036204201630378,0.9540805880922414,2.0930073300914045,2.6000163679553046
dots2024_A_r6,confirmation,5,0,15,15,0.8666666666666667,0.9412675186251962,0.8842150801876604,2.5186543575417524,3.2021257284961364
dots2024_A_r6,confirmation,5,1,26,26,0.7692307692307693,0.9412675186251964,0.9429737953820422,2.5186543575417524,3.2021257284961364
dots2024_A_r6,confirmation,5,2,19,19,1.0,0.9412675186251963,0.9716601094618145,2.5186543575417524,3.2021257284961364
dots2024_B_r2,discovery,1,0,28,28,0.4642857142857143,0.8222222222222223,0.4641971121673799,0.6127470706912486,1.478906587449561
dots2024_B_r2,discovery,1,1,17,17,0.7647058823529411,0.8222222222222222,0.7079273687966688,0.6127470706912486,1.478906587449561
dots2024_B_r2,discovery,1,2,15,15,0.4,0.8222222222222224,0.8787492681406854,0.6127470706912486,1.478906587449561
dots2024_B_r2,confirmation,1,0,29,29,0.5517241379310345,0.8222222222222224,0.4847553552130314,0.6127470706912486,1.478906587449561
dots2024_B_r2,confirmation,1,1,17,17,0.6470588235294118,0.8222222222222222,0.7052970747756923,0.6127470706912486,1.478906587449561
dots2024_B_r2,confirmation,1,2,14,14,0.7142857142857143,0.8222222222222223,0.894867790892629,0.6127470706912486,1.478906587449561
dots2024_B_r3,discovery,1,0,41,36,0.4878048780487805,0.7378973466809998,0.46821788357857624,0.3253278904695084,1.00274992969141
dots2024_B_r3,discovery,1,1,43,35,0.7441860465116279,0.7378973466809997,0.667457243685605,0.3253278904695084,1.00274992969141
dots2024_B_r3,discovery,1,2,36,34,0.6944444444444444,0.7378973466809997,0.8034652865945288,0.3253278904695084,1.00274992969141
dots2024_B_r3,discovery,2,0,16,16,0.5625,0.8519830844157782,0.5759182506308722,0.919821048991313,1.8774361433861606
dots2024_B_r3,discovery,2,1,30,30,0.7,0.8519830844157782,0.7893888240527488,0.919821048991313,1.8774361433861606
dots2024_B_r3,discovery,2,2,14,14,0.9285714285714286,0.8519830844157782,0.9039343915990539,0.919821048991313,1.8774361433861606
dots2024_B_r3,confirmation,1,0,47,40,0.425531914893617,0.7378973466809999,0.4683130192899568,0.3253278904695084,1.00274992969141
dots2024_B_r3,confirmation,1,1,35,29,0.6571428571428571,0.7378973466809997,0.6625726808411402,0.3253278904695084,1.00274992969141
dots2024_B_r3,confirmation,1,2,38,34,0.8157894736842105,0.7378973466809997,0.8165055376061747,0.3253278904695084,1.00274992969141
dots2024_B_r3,confirmation,2,0,25,25,0.6,0.8519830844157782,0.5852291175892226,0.919821048991313,1.8774361433861606
dots2024_B_r3,confirmation,2,1,18,18,0.8333333333333334,0.8519830844157782,0.8056345212384015,0.919821048991313,1.8774361433861606
dots2024_B_r3,confirmation,2,2,17,17,0.8823529411764706,0.8519830844157782,0.9160507687798763,0.919821048991313,1.8774361433861606
dots2024_B_r5,discovery,1,0,83,53,0.6506024096385542,0.6480390965095967,0.4801438330730321,0.20507449813518575,0.601479391433243
dots2024_B_r5,discovery,1,1,84,43,0.5952380952380952,0.6480390965095967,0.5981579929667126,0.20507449813518575,0.601479391433243
dots2024_B_r5,discovery,1,2,73,50,0.6712328767123288,0.6480390965095966,0.7117471824247781,0.20507449813518575,0.601479391433243
dots2024_B_r5,discovery,2,0,67,49,0.6865671641791045,0.735523825337359,0.5858768658102249,0.6101807905287051,1.0435014188856109
dots2024_B_r5,discovery,2,1,62,43,0.6935483870967742,0.7355238253373592,0.6895287302948366,0.6101807905287051,1.0435014188856109
dots2024_B_r5,discovery,2,2,51,39,0.7254901960784313,0.735523825337359,0.8066225297340697,0.6101807905287051,1.0435014188856109
dots2024_B_r5,discovery,3,0,46,37,0.7391304347826086,0.8089065442804916,0.6658156526650808,0.986794092726011,1.4015976752802013
dots2024_B_r5,discovery,3,1,34,30,0.8235294117647058,0.8089065442804921,0.7669997401152431,0.986794092726011,1.4015976752802013
dots2024_B_r5,discovery,3,2,40,34,0.75,0.8089065442804919,0.8646147831213138,0.986794092726011,1.4015976752802013
dots2024_B_r5,discovery,4,0,28,28,0.8214285714285714,0.8667923827218859,0.7430230994710867,1.3924445130427825,1.8962167145854256
dots2024_B_r5,discovery,4,1,17,17,0.6470588235294118,0.8667923827218859,0.8434472089348491,1.3924445130427825,1.8962167145854256
dots2024_B_r5,discovery,4,2,15,15,0.8666666666666667,0.8667923827218861,0.910627616969802,1.3924445130427825,1.8962167145854256
dots2024_B_r5,confirmation,1,0,93,58,0.5698924731182796,0.6480390965095967,0.49324990950985553,0.20507449813518575,0.601479391433243
dots2024_B_r5,confirmation,1,1,73,47,0.5753424657534246,0.6480390965095966,0.6027175305568918,0.20507449813518575,0.601479391433243
dots2024_B_r5,confirmation,1,2,74,48,0.6891891891891891,0.6480390965095967,0.722330096969267,0.20507449813518575,0.601479391433243
dots2024_B_r5,confirmation,2,0,73,45,0.5342465753424658,0.735523825337359,0.5740202066130428,0.6101807905287051,1.0435014188856109
dots2024_B_r5,confirmation,2,1,53,38,0.6226415094339622,0.7355238253373592,0.6900513178592371,0.6101807905287051,1.0435014188856109
dots2024_B_r5,confirmation,2,2,54,37,0.7592592592592593,0.7355238253373592,0.8066231341826201,0.6101807905287051,1.0435014188856109
dots2024_B_r5,confirmation,3,0,49,35,0.7346938775510204,0.8089065442804919,0.6555771386112558,0.986794092726011,1.4015976752802013
dots2024_B_r5,confirmation,3,1,33,28,0.6666666666666666,0.808906544280492,0.769259127159878,0.986794092726011,1.4015976752802013
dots2024_B_r5,confirmation,3,2,38,30,0.7894736842105263,0.8089065442804921,0.8648047226614258,0.986794092726011,1.4015976752802013
dots2024_B_r5,confirmation,4,0,25,25,0.68,0.8667923827218859,0.759947268335125,1.3924445130427825,1.8962167145854256
dots2024_B_r5,confirmation,4,1,19,19,0.8421052631578947,0.8667923827218859,0.8396115686454945,1.3924445130427825,1.8962167145854256
dots2024_B_r5,confirmation,4,2,16,16,0.875,0.8667923827218859,0.9170797482315228,1.3924445130427825,1.8962167145854256
dots2024_B_r6,discovery,1,0,98,57,0.46938775510204084,0.6207209188661176,0.4719215670401046,0.16428832116081882,0.5064429698874688
dots2024_B_r6,discovery,1,1,99,54,0.5858585858585859,0.6207209188661176,0.5800131528088283,0.16428832116081882,0.5064429698874688
dots2024_B_r6,discovery,1,2,103,55,0.6116504854368932,0.6207209188661177,0.6893080351570979,0.16428832116081882,0.5064429698874688
dots2024_B_r6,discovery,2,0,78,46,0.5,0.6950653659335035,0.5365871314627554,0.4555806082716991,0.8329834646445811
dots2024_B_r6,discovery,2,1,82,48,0.6341463414634146,0.6950653659335035,0.6560465105524008,0.4555806082716991,0.8329834646445811
dots2024_B_r6,discovery,2,2,80,46,0.6375,0.6950653659335037,0.7626306848178336,0.4555806082716991,0.8329834646445811
dots2024_B_r6,discovery,3,0,57,39,0.5263157894736842,0.7612195624504475,0.6068520100853069,0.7412656023064024,1.1707228524558024
dots2024_B_r6,discovery,3,1,55,43,0.7090909090909091,0.7612195624504478,0.72361016353157,0.7412656023064024,1.1707228524558024
dots2024_B_r6,discovery,3,2,68,46,0.6470588235294118,0.7612195624504476,0.8217865348319813,0.7412656023064024,1.1707228524558024
dots2024_B_r6,discovery,4,0,44,35,0.6818181818181818,0.8176286914055004,0.6807864184797966,1.1076634797819298,1.4909756616460612
dots2024_B_r6,discovery,4,1,35,29,0.7714285714285715,0.8176286914055,0.7846115964501438,1.1076634797819298,1.4909756616460612
dots2024_B_r6,discovery,4,2,41,30,0.7073170731707317,0.8176286914055002,0.8710416685518201,1.1076634797819298,1.4909756616460612
dots2024_B_r6,discovery,5,0,17,17,0.6470588235294118,0.8638845384397247,0.7256629815146999,1.4592032979026153,1.9373008198168473
dots2024_B_r6,discovery,5,1,23,23,0.8260869565217391,0.8638845384397245,0.8491274641791496,1.4592032979026153,1.9373008198168473
dots2024_B_r6,discovery,5,2,20,20,0.65,0.8638845384397247,0.9127393886505064,1.4592032979026153,1.9373008198168473
dots2024_B_r6,confirmation,1,0,102,56,0.5196078431372549,0.6207209188661176,0.47042408916768524,0.16428832116081882,0.5064429698874688
dots2024_B_r6,confirmation,1,1,92,47,0.6739130434782609,0.6207209188661176,0.5777404391941253,0.16428832116081882,0.5064429698874688
dots2024_B_r6,confirmation,1,2,106,57,0.6886792452830188,0.6207209188661175,0.6866074122464225,0.16428832116081882,0.5064429698874688
dots2024_B_r6,confirmation,2,0,77,48,0.7142857142857143,0.6950653659335035,0.5286292924230549,0.4555806082716991,0.8329834646445811
dots2024_B_r6,confirmation,2,1,76,46,0.6842105263157895,0.6950653659335035,0.650595635250826,0.4555806082716991,0.8329834646445811
dots2024_B_r6,confirmation,2,2,87,53,0.7011494252873564,0.6950653659335034,0.7648141310344326,0.4555806082716991,0.8329834646445811
dots2024_B_r6,confirmation,3,0,56,35,0.625,0.7612195624504475,0.6020036253082007,0.7412656023064024,1.1707228524558024
dots2024_B_r6,confirmation,3,1,60,45,0.8,0.7612195624504476,0.7183488691122247,0.7412656023064024,1.1707228524558024
dots2024_B_r6,confirmation,3,2,64,41,0.78125,0.7612195624504475,0.8202145153551269,0.7412656023064024,1.1707228524558024
dots2024_B_r6,confirmation,4,0,41,32,0.6341463414634146,0.8176286914055002,0.6709387513056069,1.1076634797819298,1.4909756616460612
dots2024_B_r6,confirmation,4,1,30,27,0.8333333333333334,0.8176286914054999,0.7796697781759931,1.1076634797819298,1.4909756616460612
dots2024_B_r6,confirmation,4,2,49,37,0.8163265306122449,0.8176286914055002,0.8662714378776272,1.1076634797819298,1.4909756616460612
dots2024_B_r6,confirmation,5,0,25,25,0.84,0.8638845384397247,0.7477067123334667,1.4592032979026153,1.9373008198168473
dots2024_B_r6,confirmation,5,1,13,13,0.6923076923076923,0.8638845384397248,0.8469735770434677,1.4592032979026153,1.9373008198168473
dots2024_B_r6,confirmation,5,2,22,22,0.8636363636363636,0.8638845384397246,0.9099313785062025,1.4592032979026153,1.9373008198168473
