dataset,pair_choice,discovery_pair_sm,discovery_pair_pl,context_choice,context_eligible_cells,context_status,pair_confirmation_nll,context_confirmation_nll,context_observed,context_sm_predicted,context_pl_predicted
00024-00000001,pl,0.6893479483492536,0.6886429869379276,abstain,0,insufficient_context_variation,3.110626889427809,,,,
00024-00000002,sm,0.6500404045836785,0.6512365699859786,abstain,0,insufficient_context_variation,3.188567492176499,,,,
00024-00000003,sm,0.6295338133282039,0.6314491861631144,abstain,0,insufficient_context_variation,2.8765858767351222,,,,
00024-00000004,sm,0.5971347082030829,0.5978339223768916,abstain,0,insufficient_context_variation,2.7707025582335234,,,,
00025-00000001,sm,0.67100018501321,0.6723799859346573,abstain,0,insufficient_context_variation,3.129350006857965,,,,
00025-00000002,sm,0.6019691109090397,0.6050377057694509,abstain,0,insufficient_context_variation,2.6745605264149397,,,,
00025-00000003,sm,0.629542349296083,0.6358025598972292,abstain,0,insufficient_context_variation,2.8075616715688287,,,,
00025-00000004,pl,0.6658795791901476,0.6626590663665928,abstain,0,insufficient_context_variation,2.995859258875006,,,,
dots2024_A_r2,abstain,0.8325862662438619,,abstain,0,fit_unavailable,,,,,
dots2024_A_r3,pl,0.6435288230701163,0.5790998120529629,pl,1,ok,1.6288504332889715,1.6288504332889715,0.0,0.11194267456961549,0.0
dots2024_A_r5,pl,0.6556357899861928,0.6291575682891041,sm,11,ok,4.287884863917961,4.4913233546405245,0.12922297297297294,0.09360057077015446,0.0
dots2024_A_r6,pl,0.6425559743851417,0.6332226035100039,sm,15,ok,5.5692674076569375,5.918904925601333,0.09305993690851738,0.07069878113958875,0.0
dots2024_B_r2,pl,0.9104335502428097,0.7825388741965806,abstain,0,insufficient_context_variation,0.6941244797426906,,,,
dots2024_B_r3,pl,0.6685967243933981,0.6199584989168905,abstain,0,insufficient_context_variation,1.4592624771951044,,,,
dots2024_B_r5,sm,0.6108663030169786,0.6215541703086132,pl,7,ok,4.565559158083904,4.412350857438657,-0.050000000000000044,0.07002761656298169,0.0
dots2024_B_r6,pl,0.6875313357079267,0.6707933059253371,pl,13,ok,6.053375153944004,6.053375153944004,-0.09451820691468384,0.06031479699354265,0.0
