dataset,replicate,stratification,eligible_cells,eligible_pairs,pair_observations,reports,status,valid_bootstraps,observed,observed_lo,observed_hi,sm_predicted,sm_predicted_lo,sm_predicted_hi,pl_predicted,pl_predicted_lo,pl_predicted_hi,residual_vs_sm,residual_vs_sm_lo,residual_vs_sm_hi,residual_vs_pl,residual_vs_pl_lo,residual_vs_pl_hi
beans,0,pair,20,20,229,157,ok,2000.0,0.016420843044417172,-0.10549634177540927,0.1516502572126686,0.024305745405457536,0.02430574540545741,0.024305745405457577,2.6188065981624905e-18,-7.716451513361356e-17,8.417976915586431e-17,-0.007884902361040363,-0.1298020871808667,0.12734451180721115,0.01642084304441717,-0.10549634177540923,0.15165025721266862
beans,0,pair_x_season,17,15,132,101,ok,2000.0,0.047304370993119293,-0.12115953973181665,0.23476691282602316,0.02430574540545751,0.02430574540545739,0.024305745405457584,-2.335853221914863e-17,-9.689337674828223e-17,8.588012437143514e-17,0.022998625587661782,-0.1454652851372741,0.21046116742056567,0.047304370993119314,-0.12115953973181659,0.23476691282602316
beans,1,pair,20,20,229,157,ok,2000.0,0.016420843044417172,-0.10549634177540927,0.1516502572126686,0.024305745405457536,0.02430574540545741,0.024305745405457577,1.990293014603493e-17,-7.525241442811236e-17,8.137520192786855e-17,-0.007884902361040363,-0.1298020871808667,0.12734451180721115,0.01642084304441715,-0.10549634177540922,0.15165025721266862
beans,1,pair_x_season,17,15,132,101,ok,2000.0,0.047304370993119293,-0.12115953973181665,0.23476691282602316,0.02430574540545751,0.02430574540545739,0.024305745405457584,2.4292873507914575e-17,-9.815136367654428e-17,8.508825703130439e-17,0.022998625587661782,-0.1454652851372741,0.21046116742056567,0.047304370993119266,-0.12115953973181655,0.23476691282602316
beans,2,pair,20,20,229,157,ok,2000.0,0.016420843044417172,-0.10549634177540927,0.1516502572126686,0.024305745405457536,0.02430574540545741,0.024305745405457577,1.0475226392649962e-18,-7.680063186444006e-17,8.110339828297471e-17,-0.007884902361040363,-0.1298020871808667,0.12734451180721115,0.016420843044417172,-0.10549634177540923,0.15165025721266862
beans,2,pair_x_season,17,15,132,101,ok,2000.0,0.047304370993119293,-0.12115953973181665,0.23476691282602316,0.02430574540545751,0.02430574540545739,0.024305745405457584,-9.343412887659451e-18,-9.591425710079884e-17,8.228872102482081e-17,0.022998625587661782,-0.1454652851372741,0.21046116742056567,0.0473043709931193,-0.12115953973181659,0.23476691282602316
beans,3,pair,20,20,229,157,ok,2000.0,0.016420843044417172,-0.10549634177540927,0.1516502572126686,0.024305745405457536,0.02430574540545741,0.024305745405457577,8.380181114119969e-18,-7.684025723614874e-17,8.01773471021832e-17,-0.007884902361040363,-0.1298020871808667,0.12734451180721115,0.016420843044417165,-0.10549634177540922,0.15165025721266862
beans,3,pair_x_season,17,15,132,101,ok,2000.0,0.047304370993119293,-0.12115953973181665,0.23476691282602316,0.02430574540545751,0.02430574540545739,0.024305745405457584,-1.8686825775318902e-18,-9.611765593881443e-17,8.650918196641519e-17,0.022998625587661782,-0.1454652851372741,0.21046116742056567,0.047304370993119293,-0.12115953973181659,0.23476691282602316
beans,4,pair,20,20,229,157,ok,2000.0,0.016420843044417172,-0.10549634177540927,0.1516502572126686,0.024305745405457536,0.02430574540545741,0.024305745405457577,4.1900905570599846e-18,-7.564009336693292e-17,8.013146292035388e-17,-0.007884902361040363,-0.1298020871808667,0.12734451180721115,0.01642084304441717,-0.10549634177540924,0.15165025721266862
beans,4,pair_x_season,17,15,132,101,ok,2000.0,0.047304370993119293,-0.12115953973181665,0.23476691282602316,0.02430574540545751,0.02430574540545739,0.024305745405457584,1.7752484486552958e-17,-9.589069660290538e-17,8.187530812584009e-17,0.022998625587661782,-0.1454652851372741,0.21046116742056567,0.04730437099311927,-0.12115953973181659,0.2347669128260232
sushi_a,0,pair,0,0,0,0,insufficient_within_cell_context_variation,,,,,,,,,,,,,,,,
sushi_a,1,pair,0,0,0,0,insufficient_within_cell_context_variation,,,,,,,,,,,,,,,,
sushi_a,2,pair,0,0,0,0,insufficient_within_cell_context_variation,,,,,,,,,,,,,,,,
sushi_a,3,pair,0,0,0,0,insufficient_within_cell_context_variation,,,,,,,,,,,,,,,,
sushi_a,4,pair,0,0,0,0,insufficient_within_cell_context_variation,,,,,,,,,,,,,,,,
sushi_b,0,pair,1874,1874,37870,1000,ok,2000.0,0.0025829989961512097,-0.004548591251907931,0.010220043758658169,0.036760968531258924,0.03671464614795494,0.03683663283078601,-1.247774692651373e-16,-9.005651721055502e-17,9.11161800523346e-17,-0.03417796953510771,-0.04133509396527649,-0.02658035978373641,0.0025829989961513346,-0.004548591251907913,0.010220043758658235
sushi_b,0,pair_x_region,2266,1506,32809,1000,ok,2000.0,0.003466006387893824,-0.004145634915677127,0.01142586009798678,0.036853103982348465,0.03679976970376984,0.03693513195352313,-1.8286865491053847e-17,-7.680323226034335e-17,8.042891983956914e-17,-0.03338709759445464,-0.04103571159851773,-0.02547606451605713,0.0034660063878938423,-0.0041456349156771335,0.01142586009798678
sushi_b,1,pair,1882,1882,37918,1000,ok,2000.0,0.0005081182987753802,-0.0065741047206013085,0.008056283288064648,0.03699642986775104,0.03694974874862453,0.037083280005116244,-2.9136145176993762e-18,-7.942667338810507e-17,8.537968974296071e-17,-0.03648831156897566,-0.04361332619797545,-0.028954445544560847,0.0005081182987753831,-0.006574104720601302,0.008056283288064658
sushi_b,1,pair_x_region,2284,1501,32975,1000,ok,2000.0,0.002630864006254198,-0.005192568065206962,0.010603200844393208,0.03709390826149444,0.037046245077953205,0.03718885132958498,-2.7552756597935997e-17,-7.285671175248035e-17,7.138770153115011e-17,-0.034463044255240244,-0.04229943850552139,-0.026486585884157667,0.0026308640062542256,-0.005192568065206947,0.010603200844393215
sushi_b,2,pair,1841,1841,37655,1000,ok,2000.0,0.004660832110389774,-0.0027217559222428274,0.01204809194009778,0.03677723057120103,0.036732799867550237,0.03685683970341355,9.818719116424214e-17,-8.632412351772568e-17,8.96282894594902e-17,-0.032116398460811255,-0.039515853559797996,-0.024753455707698952,0.004660832110389676,-0.0027217559222428595,0.012048091940097793
sushi_b,2,pair_x_region,2233,1473,32662,1000,ok,2000.0,0.006770234019549568,-0.0010738686337608304,0.014263067436377733,0.03688486474839107,0.03683310812017124,0.03697331948345395,1.7479421830459026e-17,-7.142414717657562e-17,7.803749892203017e-17,-0.0301146307288415,-0.038004596825472366,-0.022598627047545596,0.00677023401954955,-0.0010738686337608053,0.014263067436377725
