beta,tau,sm_beta_factor,sm_D,sm_gap,sm_certified,sm_solver,sm_seconds,pl_seconds,pl_gradient_max,pl_success,pl_near_gradient_max,unseen_items,test_reports_with_unseen,center_kendall_SM_PL,SM_nll,PL_nll,SM_calibrated_nll,PL_near_mle_nll,delta,dataset,fold,N,test_reports
0.1750207246381359,10.0,0.5,902,0,True,dp,0.011552965000191762,0.0016908479992707726,1.4453826878702003e-05,True,2.801647022372919e-05,0,0,3,1.7969656074937606,1.78971667738016,1.7908660737033912,1.7910584349963437,0.0072489301136007605,beans,0,673,169
0.18323823118748128,100.0,0.25,897,0,True,dp,0.011218481000469183,0.0021343520002119476,5.891121970247326e-07,True,4.237372373275412e-06,0,0,4,1.8065694353378652,1.7850294124181316,1.7925856124124497,1.7852883446844194,0.02154002291973331,beans,1,673,169
0.13469089481024707,10.0,0.5,928,0,True,dp,0.010415830000056303,0.0015618560000802972,1.360304232200793e-06,True,2.560271758682061e-06,0,0,10,1.7976583613006016,1.7796404942277368,1.7926349230933156,1.7792292392669273,0.01801786707286463,beans,2,674,168
0.20022918956315533,100.0,0.5,888,0,True,dp,0.010210951000772184,0.0018181209998147096,9.010595506508956e-06,True,9.859872097796087e-06,0,0,6,1.8184249866350808,1.7986006562521157,1.8005214451763496,1.8164405528600003,0.019824330382964956,beans,3,674,168
0.1788599605824139,100.0,0.0,901,0,True,dp,0.010496995999346836,0.001561048999974446,2.0223803964825038e-07,True,3.063163354397733e-05,0,0,7,1.8010651287628132,1.7837531289372608,1.791759469228055,1.781685157119927,0.01731199982555249,beans,4,674,168
0.24581217903958832,10.0,1.0,45866,0,True,dp,0.021666545000698534,0.028103487000407767,7.522119454250742e-05,True,7.725381886258893e-05,0,0,3,14.299907574700708,14.263687404665742,14.299907574700708,14.263909447629434,0.036220170034966574,sushi_a,0,3000,1000
0.23981132165992952,0.01,1.0,46334,0,True,dp,0.02277352700002666,0.029113319999851228,3.9056427759395166e-05,True,3.905870363318778e-05,0,0,5,14.233350494079225,14.210875705987347,14.233350494079225,14.210875467011567,0.02247478809187921,sushi_a,1,3000,1000
0.23842088485264476,0.01,1.0,46443,0,True,dp,0.022391608000361884,0.03010315499977878,3.7463896545421836e-05,True,3.746256620383918e-05,0,0,4,14.21697920229924,14.179994744643027,14.21697920229924,14.179994203255315,0.03698445765621475,sushi_a,2,3000,1000
0.23913490232002008,0.01,1.0,46387,0,True,dp,0.021728204000282858,0.028762943999936397,3.6555052459543184e-05,True,3.65549074859286e-05,0,0,3,14.32437023006942,14.264442377425057,14.32437023006942,14.26444232400486,0.0599278526443632,sushi_a,3,3000,1000
0.24263876111688212,0.01,1.0,46113,0,True,dp,0.0213055809999787,0.027703744000064034,4.70253404012029e-05,True,4.7027770892264834e-05,0,0,2,14.308562352911057,14.305772585058781,14.308562352911057,14.30577304336424,0.0027897678522737584,sushi_a,4,3000,1000
