dataset,N,replicate,SM_nll,PL_same_SM_order_nll,same_SM_order_delta,SM_on_PL_order_nll,PL_nll,same_PL_order_delta
beans,673,0,1.79252622838801,1.7877767809966385,0.00474944739137129,1.7784539195895983,1.7818450594033157,-0.0033911398137175786
beans,673,1,1.79252622838801,1.7877767809966385,0.004749447391371275,1.7784539195895983,1.7818450594033162,-0.003391139813717584
beans,673,2,1.79252622838801,1.7877767809966385,0.0047494473913713,1.7784539195895983,1.7818450594033157,-0.003391139813717572
beans,673,3,1.79252622838801,1.7877767809966385,0.004749447391371283,1.7784539195895983,1.7818450594033157,-0.003391139813717519
beans,673,4,1.79252622838801,1.7877767809966385,0.004749447391371326,1.7784539195895983,1.7818450594033162,-0.0033911398137175825
sushi_a,3000,0,14.30951090189594,14.273169459039146,0.036341442856797856,14.308484046570458,14.25119257413368,0.05729147243677816
sushi_a,3000,1,14.309638632857798,14.272397621075296,0.03724101178250054,14.308477125160541,14.25016703744084,0.0583100877197042
sushi_a,3000,2,14.309887680564335,14.27335736063099,0.03653031993334399,14.308498052962735,14.251233393093985,0.05726465986875196
sushi_a,3000,3,14.300700153361344,14.270786725198791,0.029913428162552578,14.308563321222326,14.247496349124448,0.06106697209787799
sushi_a,3000,4,14.309269330459028,14.27153244068569,0.037736889773332984,14.308466192005014,14.250436983678616,0.058029208326395486
