dataset,N,fit,component,repetitions,value,ci_low,ci_high
beans,673,main,total,5,0.010681168984694091,-0.00556718651230599,0.028677563330813893
beans,673,main,shell_mass,5,0.00788692696866119,-0.008045529687562798,0.0250679448828411
beans,673,main,within_shell,5,0.0027942420160329017,-0.003830554339872969,0.009122459491016179
beans,673,beta_shrinkage,total,5,0.009248237458899966,0.0002565015627191524,0.017826427310189782
beans,673,beta_shrinkage,shell_mass,5,0.006453995442867065,0.00010610908091336062,0.012973587399674386
beans,673,beta_shrinkage,within_shell,5,0.0027942420160329017,-0.003830554339872969,0.009122459491016179
beans,20,main,total,5,0.2751723180482243,0.21984620186727086,0.33640577522293286
beans,20,main,shell_mass,5,0.29316759677251275,0.2350502916815043,0.35396017637857463
beans,20,main,within_shell,5,-0.01799527872428841,-0.03341474446005498,-0.003899645622276873
beans,20,beta_shrinkage,total,5,-0.046781736444049635,-0.07905410534843119,-0.01594631435419312
beans,20,beta_shrinkage,shell_mass,5,-0.028786457719761228,-0.057040143651388216,-0.001514782768668251
beans,20,beta_shrinkage,within_shell,5,-0.01799527872428841,-0.03341474446005498,-0.003899645622276873
sushi_a,3000,main,total,5,0.057696072333374426,0.01769747315353789,0.10106706602333906
sushi_a,3000,main,shell_mass,5,-0.01275495043896047,-0.02656534001619232,0.00027492200152819877
sushi_a,3000,main,within_shell,5,0.07045102277233489,0.02832435725314068,0.11247521234884478
sushi_a,3000,beta_shrinkage,total,5,0.057696072333374426,0.01769747315353789,0.10106706602333906
sushi_a,3000,beta_shrinkage,shell_mass,5,-0.01275495043896047,-0.02656534001619232,0.00027492200152819877
sushi_a,3000,beta_shrinkage,within_shell,5,0.07045102277233489,0.02832435725314068,0.11247521234884478
sushi_b,3000,main,total,3,-0.0017984283666796514,-0.04744275816252649,0.044519318473281805
sushi_b,3000,main,shell_mass,3,0.0017906321881791206,-0.0194034069413621,0.022223119964641935
sushi_b,3000,main,within_shell,3,-0.0035890605548587703,-0.046621646972655986,0.03840921197350529
sushi_b,3000,beta_shrinkage,total,3,-0.0017984283666796514,-0.04744275816252649,0.044519318473281805
sushi_b,3000,beta_shrinkage,shell_mass,3,0.0017906321881791206,-0.0194034069413621,0.022223119964641935
sushi_b,3000,beta_shrinkage,within_shell,3,-0.0035890605548587703,-0.046621646972655986,0.03840921197350529
