beta,tau,sm_beta_factor,sm_D,sm_gap,sm_certified,sm_solver,sm_seconds,pl_seconds,pl_gradient_max,pl_success,pl_near_gradient_max,unseen_items,test_reports_with_unseen,center_kendall_SM_PL,SM_nll,PL_nll,SM_calibrated_nll,PL_near_mle_nll,delta,dgp,N,replicate,oracle_nll,SM_center_error,PL_center_error
1.7278340966213648,1.0,1.0,7,0,True,dp,0.006959530999665731,0.0065707059993656,1.5353558824315883e-07,True,3.5398595595750203e-06,0,0,8,2.4899916957950143,1.8007183430183082,2.4899916957950143,2.5049677594947743,0.6892733527767065,SM,20,0,1.5546183946143504,14,12
1.055397213651945,0.1,0.5,33,0,True,dp,0.006551002000378503,0.007251328000165813,7.857483254047892e-07,True,6.62165255623527e-07,0,0,4,1.7234713369338466,1.819709714367591,1.6454209559215036,1.8382674990575087,-0.09623837743374483,SM,50,0,1.5546183946143504,5,9
0.882095113649017,10.0,0.25,77,0,True,dp,0.007452282000485866,0.000742674999855808,4.0871225248650944e-07,True,3.834591810463678e-06,0,0,3,1.6375908485840973,1.6511458186165546,1.6908085137346194,1.681194307410758,-0.013554970032457168,SM,100,0,1.5546183946143504,3,4
0.8047402165437618,0.01,1.0,247,0,True,dp,0.006331487999887031,0.0011367670003892272,1.0250491735953014e-06,True,1.0300856478528307e-06,0,0,1,1.5547487099114154,1.6192077877943811,1.5547487099114154,1.6192258648232496,-0.06445907788296541,SM,300,0,1.5546183946143504,0,1
1.1598951858055022,10.0,0.0,12,0,True,dp,0.006609680999645207,0.0005991060006635962,1.8008839797190035e-07,True,1.7340617753525231e-07,0,0,6,2.2107007199898487,1.749109728565242,1.7917594692280547,1.9277344039159243,0.4615909914246075,SM,20,1,1.5354183946143503,18,16
0.6994833330366741,10.0,0.5,45,0,True,dp,0.006664425000053598,0.0006045279997124453,1.1756526330231054e-07,True,4.7308989905221594e-07,0,0,5,1.7952458643485334,1.7078195990556075,1.740665529162984,1.655128069872812,0.08742626529292526,SM,50,1,1.5354183946143503,12,9
0.72633809718488,0.01,1.0,88,0,True,dp,0.006376374999490508,0.002575084000454808,6.90663615413728e-08,True,1.6634720481781944e-07,0,0,1,1.6338372853860965,1.6286565284307408,1.6338372853860965,1.628659878967221,0.005180756955355884,SM,100,1,1.5354183946143503,4,3
0.6774006369100345,1.0,0.75,275,0,True,dp,0.0075166590004300815,0.0014301499995781342,1.7793154005740774e-06,True,2.2436489648834903e-06,0,0,2,1.540647794396607,1.6115940687462174,1.5667807440473815,1.6104471376508032,-0.07094627434961044,SM,300,1,1.5354183946143503,0,2
1.0722570606875816,0.01,1.0,13,0,True,dp,0.007577241999570106,0.031188969000140787,4.983764553753711e-07,True,9.930026796821319e-07,0,0,8,1.922586089639251,2.367407972469511,1.922586089639251,3.9685881925909134,-0.44482188283026003,SM,20,2,1.5370183946143503,12,12
0.8970334552858421,0.01,0.75,38,0,True,dp,0.006734366999808117,0.007352232999437547,4.274996581801749e-07,True,3.8719867595193034e-07,0,0,3,1.858206716808419,1.8499497231090496,1.7805716743338154,1.8518262944617827,0.008256993699369542,SM,50,2,1.5370183946143503,13,12
0.7536032138465155,10.0,0.25,86,0,True,dp,0.006154849000267859,0.000761929999498534,2.51643826310044e-06,True,2.126289014966884e-06,0,0,4,1.598652587388185,1.6506728812336333,1.6971127102797678,1.6483216854758875,-0.0520202938454484,SM,100,2,1.5370183946143503,3,5
0.7444677178208173,10.0,0.75,260,0,True,dp,0.006792650000534195,0.0008455479992335313,8.668607733408606e-06,True,4.977330148766888e-06,0,0,1,1.5379106492356205,1.6259707690612795,1.5577514208694183,1.6145053849137627,-0.088060119825659,SM,300,2,1.5370183946143503,0,1
1.3555922461675458,1.0,0.25,10,0,True,dp,0.007501495999349572,0.0025473879995843163,7.807341660948097e-07,True,1.1705111005518632e-07,0,0,3,1.917312832873957,1.6875097084485118,1.6874003834596252,2.0607266986302086,0.22980312442544557,SM,20,3,1.5514183946143503,7,10
1.1598951858055022,1.0,0.5,30,0,True,dp,0.007326740999815229,0.0006538480001836433,1.7584067844578222e-06,True,1.6571982486831647e-06,0,0,2,1.8012577194005066,1.664419648859656,1.664255915307059,1.7331163810502312,0.13683807054085104,SM,50,3,1.5514183946143503,7,7
0.912119656648635,1.0,0.75,75,0,True,dp,0.006766679000065778,0.0007265429994731676,7.422606472795579e-07,True,4.906657004240057e-07,0,0,4,1.7032411862284835,1.6392267155448763,1.662527066994251,1.6487195954645795,0.06401447068360708,SM,100,3,1.5514183946143503,6,8
0.7218344666594048,0.01,1.0,265,0,True,dp,0.006401704000381869,0.0010156939997614245,1.888482627281909e-06,True,1.8510534299246787e-06,0,0,2,1.551910447667032,1.610939760107221,1.551910447667032,1.6109337549928724,-0.05902931244018892,SM,300,3,1.5514183946143503,0,2
1.3555922461675458,10.0,0.0,10,0,True,dp,0.006742941000084102,0.0005010880004192586,1.2705887142416827e-07,True,1.1096301837668298e-06,0,0,3,2.0867618636449,1.7352705027243829,1.7917594692280547,4.703754545411993,0.35149136092051764,SM,20,4,1.5186183946143503,13,14
0.7813039960891528,1.0,0.5,42,0,True,dp,0.006304153999735718,0.0006793949996790616,2.9410315685596267e-06,True,1.0783465417874449e-06,0,0,7,1.6413753933673112,1.6304777820155636,1.6515626751386139,1.6432054073647107,0.01089761135174722,SM,50,4,1.5186183946143503,6,5
0.8237316466869037,1.0,1.0,81,0,True,dp,0.007347588999436994,0.0008026390005397843,4.7523213264621944e-07,True,1.2267178301454793e-06,0,0,2,1.5570769446036918,1.6085451568789244,1.5570769446036918,1.612539682261693,-0.05146821227523262,SM,100,4,1.5186183946143503,2,4
0.8142083522199592,0.01,1.0,245,0,True,dp,0.006344401999740512,0.0010145900005227304,3.622679698784669e-06,True,3.6288653549452515e-06,0,0,0,1.5184170788047504,1.5839385399152475,1.5184170788047504,1.583932516608782,-0.06552146111049705,SM,300,4,1.5186183946143503,0,0
1.5897120641673679,1.0,1.0,8,0,True,dp,0.02048103299966897,0.007469528000001446,2.4938085686071476e-07,True,4.7260800573626334e-07,0,0,7,2.2564685195334167,1.6790798259489235,2.2564685195334167,4.032043551713558,0.577388693584493,SM,20,5,1.5398183946143504,11,8
1.1241402853321296,100.0,0.5,31,0,True,dp,0.006657248999545118,0.0006591060000573634,6.429664800577939e-09,True,6.754824513403344e-07,0,0,7,1.7753372999835058,1.7672962245973818,1.6582626726136922,1.6506035466597087,0.008041075386124006,SM,50,5,1.5398183946143504,7,6
0.912119656648635,1.0,0.75,75,0,True,dp,0.00633082199965429,0.0007228140002553118,1.1590483524059891e-06,True,1.7211618548074547e-06,0,0,4,1.544988425799945,1.6203370529811119,1.5438374966728474,1.632017685373522,-0.07534862718116682,SM,100,5,1.5398183946143504,0,4
0.7859650199538747,1.0,0.75,251,0,True,dp,0.006722772999637527,0.000993116999779886,9.522884180102054e-07,True,1.2848394244916893e-06,0,0,2,1.5397856796925102,1.6003325475623664,1.55462172783867,1.5998977859325385,-0.060546867869856275,SM,300,5,1.5398183946143504,0,2
0.9899410379560304,1.0,1.0,14,0,True,dp,0.0069762430002811016,0.0007680899998376844,1.6058643050875787e-06,True,5.903598643099994e-07,0,0,8,1.6257538800097886,1.7092317656704812,1.6257538800097886,1.7371128005674,-0.08347788566069217,SM,20,6,1.5238183946143504,3,11
0.8381224961879935,0.01,1.0,40,0,True,dp,0.010341304000576201,0.0039249910005310085,1.1181814161664166e-06,True,1.1373249139943605e-06,0,0,6,1.6051433198595517,1.678501520921372,1.6051433198595517,1.678788399779437,-0.07335820106182041,SM,50,6,1.5238183946143504,3,7
0.739917817368568,0.01,0.75,87,0,True,dp,0.0074842379999608966,0.0008869510002114112,1.6503097002016406e-06,True,1.6632010453980353e-06,0,0,5,1.6897659364189503,1.6750907067730243,1.6721303748199903,1.6751657317810313,0.01467522964592608,SM,100,6,1.5238183946143504,8,9
0.6950457443036578,0.01,1.0,271,0,True,dp,0.006618863999392488,0.0010458359993208433,8.807906110947991e-07,True,8.852646261605411e-07,0,0,2,1.529131740106573,1.6045254979766264,1.529131740106573,1.604520217937033,-0.07539375787005297,SM,300,6,1.5238183946143504,0,2
1.2538954107199929,10.0,0.25,11,0,True,dp,0.006474537999565655,0.0004876399998465786,5.631649506732117e-07,True,3.914696944762205e-07,0,0,9,1.8055469820533563,1.7251818743400762,1.6767686111237412,3.6855377636111037,0.08036510771328031,SM,20,7,1.5154183946143502,8,13
0.9899410379560304,10.0,0.25,35,0,True,dp,0.007149417999244179,0.0014686490003441577,7.644722228583589e-07,True,6.053386142105134e-07,0,0,8,1.7202932491345897,1.6606121331402157,1.6965852363987088,1.7674977275069268,0.0596811159943741,SM,50,7,1.5154183946143502,8,6
0.9583137114690059,1.0,0.5,72,0,True,dp,0.007040517999485019,0.00303335100034019,7.188442538996753e-07,True,2.3797507452866586e-07,0,0,4,1.6295844339080312,1.6095841409336102,1.6161920543432735,1.6340463526859346,0.020000292974420995,SM,100,7,1.5154183946143502,5,3
0.8237316466869037,10.0,0.75,243,0,True,dp,0.007288761000381783,0.0009670059998825309,1.2593782748204774e-05,True,2.964802037456654e-06,0,0,0,1.5298938002630238,1.5917237962113056,1.5429406426471624,1.5831656443545907,-0.061829995948281695,SM,300,7,1.5154183946143502,1,1
1.5897120641673679,0.01,0.5,8,0,True,dp,0.016684772999724373,0.0312655839998115,1.0817365472658852e-06,True,5.994269467322289e-07,0,0,4,2.230238270474655,2.200835941263225,1.7893749417165954,2.23766873242906,0.02940232921143017,SM,20,8,1.5338183946143504,11,7
1.0893291224406554,10.0,0.5,32,0,True,dp,0.008339150000210793,0.0005837730004714103,3.8087920906093586e-07,True,9.459680869148165e-07,0,0,5,1.729954926083301,1.6562752505504446,1.6422531267054907,1.7249215997786609,0.07367967553285644,SM,50,8,1.5338183946143504,6,5
0.882095113649017,10.0,0.25,77,0,True,dp,0.01345100500020635,0.0005814310006826418,5.368041202657992e-07,True,1.5801976251902911e-06,0,0,5,1.6508222752888329,1.6320297612137176,1.694116370410803,1.63569518882628,0.018792514075115042,SM,100,8,1.5338183946143504,5,2
0.7859650199538747,10.0,1.0,251,0,True,dp,0.006848306999927445,0.005468772999847715,1.63277972653475e-06,True,2.0591069550326182e-06,0,0,1,1.5338909420428561,1.6064180460060828,1.5338909420428561,1.6026832383970209,-0.07252710396322694,SM,300,8,1.5338183946143504,0,1
1.8859754863940756,0.1,1.0,6,0,True,dp,0.007738356999652751,0.023439788999894517,1.918056458591333e-07,True,7.117317407930027e-07,0,0,5,2.209889554555776,1.9680618952069395,2.209889554555776,3.954259145069214,0.2418276593488369,SM,20,9,1.5406183946143501,6,3
1.1966647828941337,0.01,0.75,29,0,True,dp,0.009964473999389156,0.007224769000458764,8.394333101836154e-07,True,8.544172455468334e-07,0,0,6,1.9481235787150026,1.684643054501199,1.8094905643460268,1.6853701378195944,0.26348052421380375,SM,50,9,1.5406183946143501,10,4
0.8237316466869037,1.0,0.5,81,0,True,dp,0.007388896000520617,0.004984373000297637,2.0565117309079284e-06,True,9.11756582413885e-07,0,0,3,1.634919585215604,1.6218155322524126,1.641641590177815,1.631821246686894,0.013104052963191639,SM,100,9,1.5406183946143501,4,3
0.7444677178208173,0.1,1.0,260,0,True,dp,0.0063533869997627335,0.0010838309999599005,2.548426149967531e-06,True,2.5824293355690023e-06,0,0,0,1.5412607539658143,1.5991855343825758,1.5412607539658143,1.5992769211492126,-0.05792478041676168,SM,300,9,1.5406183946143501,0,0
1.2538954107199929,10.0,0.0,11,0,True,dp,0.007127934999516583,0.000644652999653772,2.5947117271440945e-07,True,9.057978949720343e-07,0,0,8,2.2444103758053537,1.7554685742817975,1.7917594692280547,6.389130658862538,0.4889418015235565,SM,20,10,1.5442183946143504,17,13
0.9899410379560304,0.01,0.75,35,0,True,dp,0.006405369999811228,0.014979033000599884,1.8395080247576856e-07,True,1.937924559765445e-07,0,0,5,1.710888809274007,1.7777231785153362,1.6586339598000368,1.7789999770613376,-0.06683436924132877,SM,50,10,1.5442183946143504,6,9
0.8526439450191873,1.0,0.75,79,0,True,dp,0.010802198000419594,0.0024756450002314523,5.221039806463379e-07,True,2.159081699691663e-06,0,0,5,1.6298493049500204,1.6543857581339265,1.6145636568642796,1.6659868910646947,-0.024536453183906053,SM,100,10,1.5442183946143504,4,5
0.912119656648635,1.0,1.0,225,0,True,dp,0.006796309000492329,0.0010155129994018353,8.264448694672577e-06,True,1.209357153609669e-06,0,0,2,1.550005083911513,1.6315066957815088,1.550005083911513,1.637119578783231,-0.08150161186999637,SM,300,10,1.5442183946143504,0,2
1.2538954107199929,0.01,1.0,11,0,True,dp,0.006950216999939585,0.16357552299996314,6.869207855352347e-07,True,6.729318827232668e-07,0,0,5,1.7854846554818364,2.643855128075606,1.7854846554818364,5.783555421827426,-0.8583704725937694,SM,20,11,1.5498183946143504,5,2
0.9273584526004837,1.0,0.25,37,0,True,dp,0.006668527999863727,0.003207200000360899,8.303306320289749e-07,True,1.3497048729339436e-07,0,0,6,1.7012136694074318,1.6688626194536504,1.7006121120600068,1.7091889200123282,0.032351049953781505,SM,50,11,1.5498183946143504,6,6
0.8381224961879935,0.01,1.0,80,0,True,dp,0.008974184000180685,0.0009546340006636456,2.777776994311587e-06,True,2.7563826943076844e-06,0,0,2,1.551084418855426,1.6526147459493714,1.551084418855426,1.6528560461010875,-0.10153032709394501,SM,100,11,1.5498183946143504,0,2
0.8094674592999695,1.0,0.75,246,0,True,dp,0.006895905999954266,0.006307747999926505,9.209431535817103e-06,True,1.979545420347961e-06,0,0,1,1.5500376655797954,1.6315080777764757,1.5596727566929376,1.635195215881668,-0.08147041219667994,SM,300,11,1.5498183946143504,0,1
1.0722570606875816,1.0,0.5,13,0,True,dp,0.008738280999750714,0.003453465000347933,8.98313339825485e-08,True,2.7829800979240414e-06,0,0,3,1.7762230008553956,1.7072524897214114,1.6686251891737445,1.8490741559950532,0.06897051113398447,SM,20,12,1.5238183946143504,9,8
0.8970334552858421,10.0,0.75,38,0,True,dp,0.0063848059999145335,0.0005727420002585859,6.235631611062331e-08,True,3.210059187286353e-07,0,0,5,1.7209605981496852,1.6846896112961718,1.6776370853397649,1.689881363657813,0.03627098685351336,SM,50,12,1.5238183946143504,8,7
0.7953261329716306,0.01,0.5,83,0,True,dp,0.007431525000356487,0.0032457690003866446,9.7134145163498e-07,True,9.924783692778999e-07,0,0,3,1.5660377119545592,1.607720043080806,1.6117096378689653,1.6078053923880848,-0.04168233112624697,SM,100,12,1.5238183946143504,2,3
0.7536032138465155,100.0,0.75,258,0,True,dp,0.010391303999313095,0.0008899869999368093,3.3370127496823443e-06,True,4.790613837132704e-07,0,0,1,1.5251762740381496,1.701768481126901,1.5472158517576478,1.5753931282933935,-0.17659220708875137,SM,300,12,1.5238183946143504,0,1
1.2538954107199929,0.1,0.75,11,0,True,dp,0.007097900999724516,0.01394869599971571,4.91292500799656e-07,True,1.1174494235626619e-06,0,0,5,2.0807770247063946,1.9046211781930429,1.901226788064129,1.9723434429997604,0.17615584651335184,SM,20,13,1.5226183946143503,15,14
0.72633809718488,1.0,0.5,44,0,True,dp,0.007153810999625421,0.00101987400012149,1.0498067203601469e-06,True,2.021529362203861e-06,0,0,7,1.7435143380610134,1.6130518912154934,1.710917838131782,1.6234580353794499,0.1304624468455201,SM,50,13,1.5226183946143503,11,4
0.7813039960891528,1.0,0.75,84,0,True,dp,0.007135003000257711,0.000991100999272021,3.3874579941917116e-06,True,7.390971512796823e-07,0,0,6,1.6523136493125594,1.5985030732640362,1.6395350710891425,1.5998907542529806,0.053810576048523205,SM,100,13,1.5226183946143503,6,4
0.7490294769803351,1.0,0.75,259,0,True,dp,0.006815558000198507,0.0010440249998282525,4.79459758784273e-07,True,4.4235193456539715e-07,0,0,1,1.5418729339785564,1.5844346555182443,1.5602323800502644,1.5837624707937292,-0.04256172153968745,SM,300,13,1.5226183946143503,1,0
1.1598951858055022,100.0,0.0,12,0,True,dp,0.009662439000749146,0.00044012699981976766,1.315332575080319e-07,True,2.9796087190931992e-06,0,0,10,1.8667917973985177,1.7829192053158804,1.7917594692280547,6.416979701622462,0.08387259208263761,SM,20,14,1.5342183946143502,9,9
0.8381224961879935,1.0,0.75,40,0,True,dp,0.025770218000616296,0.0053851369993935805,1.5842621492456743e-07,True,1.9921139610597096e-06,0,0,5,1.6592022208636772,1.606477951324231,1.6382661581879912,1.6130285047065136,0.0527242695394463,SM,50,14,1.5342183946143502,6,5
0.8673000736991373,10.0,1.0,78,0,True,dp,0.0066357380001136335,0.0006117290004112874,9.19728892156968e-07,True,1.0706857204250475e-06,0,0,5,1.5635751007884637,1.6362287279946945,1.5635751007884637,1.603761226081639,-0.0726536272062306,SM,100,14,1.5342183946143502,1,4
0.6906187848181929,0.01,1.0,272,0,True,dp,0.007227963999866915,0.005297788000461878,1.1203856016194988e-06,True,1.1232833010957713e-06,0,0,1,1.5385126346844578,1.5897300489605668,1.5385126346844578,1.5897176165665527,-0.051217414276108895,SM,300,14,1.5342183946143502,0,1
0.912119656648635,1.0,0.5,15,0,True,dp,0.009065739999641664,0.0024204419996749493,2.3483568345472605e-07,True,1.8482125386334768e-07,0,0,9,1.8952423739530213,1.784672703857288,1.7570905808785695,1.8899727466935041,0.11056967009573301,SM,20,15,1.55901839461435,13,14
0.7813039960891528,100.0,0.5,42,0,True,dp,0.007153370000196446,0.00042244500036758836,2.9130889100947854e-07,True,9.090558077630276e-07,0,0,9,1.970695027718889,1.7848180508242808,1.8162224923144026,1.778266342166512,0.18587697689460816,SM,50,15,1.55901839461435,18,17
0.6994833330366741,0.01,0.75,90,0,True,dp,0.007200749999356049,0.004975730999831285,2.3306618141222084e-07,True,2.3425068768199824e-07,0,0,8,1.8060878560106017,1.6887710337054769,1.7636143528054413,1.6888729998393786,0.11731682230512441,SM,100,15,1.55901839461435,12,6
0.8000264864208688,1.0,1.0,248,0,True,dp,0.00646631699964928,0.004230927000207885,2.1082156884122405e-06,True,2.8538288158718655e-06,0,0,2,1.5590192242738043,1.6316260930485726,1.5590192242738043,1.6331192564815191,-0.0726068687747682,SM,300,15,1.55901839461435,0,2
1.0722570606875816,1.0,0.75,13,0,True,dp,0.007372138999926392,0.0033161649998874054,2.995635406399799e-07,True,5.427314350948771e-07,0,0,2,1.6030534855543515,1.6282520417445185,1.5671978376121718,1.697866237349631,-0.02519855619016693,SM,20,16,1.5298183946143504,2,4
0.9273584526004837,10.0,0.5,37,0,True,dp,0.006631289999859291,0.001393283999277628,4.756088947566184e-06,True,1.4599711654477716e-06,0,0,5,1.6622646143982116,1.6751329146377174,1.6379670685575025,1.6682391212604635,-0.012868300239505843,SM,50,16,1.5298183946143504,5,4
0.9427547646535882,1.0,1.0,73,0,True,dp,0.007289561999641592,0.0007800229996064445,5.384173619726873e-06,True,3.7892992883952995e-06,0,0,2,1.6308315953711636,1.6472840688125185,1.6308315953711636,1.668956297444803,-0.016452473441354778,SM,100,16,1.5298183946143504,4,4
0.84294826960752,10.0,0.75,239,0,True,dp,0.008097362000626163,0.0013535710004362045,1.4016397429372773e-06,True,7.518368958726043e-06,0,0,2,1.5302431575861066,1.6019987081527223,1.5409878347156445,1.598689439299157,-0.07175555056661546,SM,300,16,1.5298183946143504,0,2
1.3555922461675458,1.0,1.0,10,0,True,dp,0.008077942000454641,0.005763557000136643,4.0093762476711703e-07,True,6.880416845705021e-07,0,0,8,2.1362409806300158,1.7952456908024645,2.1362409806300158,2.0145591191345518,0.34099528982755123,SM,20,17,1.5406183946143504,14,14
0.8673000736991373,1.0,0.25,39,0,True,dp,0.010985961999722349,0.0009894889999486622,1.4548080794762885e-06,True,7.614046991715308e-07,0,0,6,1.6854307611431927,1.6538306193489394,1.7047137558025378,1.6974952276782604,0.031600141794253495,SM,50,17,1.5406183946143504,7,7
0.882095113649017,1.0,0.5,77,0,True,dp,0.009620109000024968,0.0010272600002281251,2.823834656523472e-07,True,1.7351656840214403e-06,0,0,6,1.632298277902203,1.6045020254213493,1.6307274213022773,1.620203976649159,0.027796252480853937,SM,100,17,1.5406183946143504,4,4
0.7444677178208173,10.0,0.75,260,0,True,dp,0.007055410999782907,0.0015584980001221993,6.448732424502168e-06,True,1.9591100017160666e-06,0,0,2,1.5412607539658143,1.597480583254998,1.5602639994170635,1.5851219429228973,-0.05621982928918383,SM,300,17,1.5406183946143504,0,2
1.2538954107199929,10.0,0.75,11,0,True,dp,0.00739863100079674,0.006589844999325578,4.670648268145783e-08,True,4.5018411598156287e-07,0,0,9,2.0751344953581548,1.7221367518641413,1.8969948910529488,1.8954774162849566,0.3529977434940133,SM,20,18,1.5266183946143503,13,10
1.055397213651945,0.01,1.0,33,0,True,dp,0.007606572999975469,0.007458176000000094,2.8592880268324405e-07,True,2.852657980823878e-07,0,0,6,1.6427334500894726,1.651419996523357,1.6427334500894726,1.6520188645201233,-0.008686546433884427,SM,50,18,1.5266183946143503,3,5
0.7813039960891528,10.0,1.0,84,0,True,dp,0.0074558129999786615,0.0007220229999802541,3.2332583899119527e-07,True,5.3752522638393455e-06,0,0,3,1.5773084656880005,1.6553208811110358,1.5773084656880005,1.6185505560602027,-0.07801241542303512,SM,100,18,1.5266183946143503,2,5
0.8000264864208688,1.0,1.0,248,0,True,dp,0.007384507000097074,0.010383865999756381,4.524850576448358e-07,True,6.925194047283548e-07,0,0,4,1.5266181515737594,1.6024514390032105,1.5266181515737594,1.6026668495274026,-0.07583328742945133,SM,300,18,1.5266183946143503,0,4
1.2538954107199929,0.01,0.0,11,0,True,dp,0.016719577000003483,0.027259982999567,8.999410462859868e-07,True,2.3404757904631614e-06,0,0,10,2.114632200795835,2.334551158710669,1.7917594692280547,3.6668366759310116,-0.21991895791483435,SM,20,19,1.5342183946143502,14,10
0.8673000736991373,10.0,0.25,39,0,True,dp,0.0073495279993949225,0.004445317000318028,1.142913708118698e-06,True,7.4477531849158735e-06,0,0,7,1.6433667075687843,1.6974651001687833,1.6941977424089356,1.695920892620057,-0.05409839259999851,SM,50,19,1.5342183946143502,4,7
0.882095113649017,0.01,0.75,77,0,True,dp,0.007957623000038438,0.0053731130001324345,1.2510261712377763e-06,True,1.2969765643090268e-06,0,0,7,1.5365909580712849,1.6977484984952311,1.5411464348407677,1.697999891589276,-0.16115754042394603,SM,100,19,1.5342183946143502,0,7
0.8000264864208688,10.0,0.75,248,0,True,dp,0.006773378999241686,0.0011298599993097014,6.212139314065723e-07,True,7.43399480649453e-07,0,0,4,1.5342184031947577,1.6303441839294224,1.54887377879595,1.6264787147880675,-0.09612578073466521,SM,300,19,1.5342183946143502,0,4
1.1598951858055022,10.0,0.25,12,0,True,dp,0.0067992219992447644,0.0005098559995531105,1.3229765336575383e-06,True,7.217530912173798e-07,0,0,5,1.977561787642943,1.7311977989420384,1.7351012556575225,3.3520627064105484,0.24636398870090503,SM,20,20,1.5234183946143502,13,14
0.8970334552858421,10.0,0.5,38,0,True,dp,0.006891627999721095,0.0005288539996399777,5.192976209045241e-07,True,5.348229778584239e-06,0,0,6,1.8138035607717697,1.695673204458229,1.718952008717612,1.7467871045828105,0.11813035631354082,SM,50,20,1.5234183946143502,12,10
0.8673000736991373,0.01,0.75,78,0,True,dp,0.007535984000242024,0.0030929579997973633,2.6411388641574274e-06,True,2.687243006881673e-06,0,0,2,1.584390302557243,1.6417914674057674,1.5787491324571854,1.642105586627476,-0.05740116484852397,SM,100,20,1.5234183946143502,3,5
0.8526439450191873,10.0,1.0,237,0,True,dp,0.006288387000495277,0.000976438000179769,2.8371693849837953e-06,True,3.4253168591684693e-06,0,0,1,1.5236951337951317,1.5916285543431354,1.5236951337951317,1.5860901523333868,-0.06793342054800366,SM,300,20,1.5234183946143502,0,1
1.1598951858055022,0.01,1.0,12,0,True,dp,0.006731941999532864,0.05434726200019213,1.1593127451740848e-06,True,1.5135267818442948e-06,0,0,8,1.7554418595611894,2.4061822623891587,1.7554418595611894,4.551478733332641,-0.6507404028279687,SM,20,21,1.5238183946143504,6,6
0.8970334552858421,0.1,0.5,38,0,True,dp,0.006623385000239068,0.004711533999397943,3.1802144952186584e-07,True,1.3706338656835344e-06,0,0,3,1.703916962499254,1.6483718418384432,1.664008709581354,1.6515794611645507,0.0555451206608107,SM,50,21,1.5238183946143504,7,6
0.9273584526004837,0.01,1.0,74,0,True,dp,0.007034905000182334,0.0023724379998384393,1.440023831526284e-06,True,1.4245104649189095e-06,0,0,2,1.5718471652696644,1.6125705246689104,1.5718471652696644,1.6126866558689785,-0.040723359399245894,SM,100,21,1.5238183946143504,2,4
0.9222615991512179,0.01,1.0,223,0,True,dp,0.006938565999917046,0.005213770000409568,1.3291606080729351e-05,True,1.3390876348604487e-05,0,0,1,1.5712363874959352,1.6083152014752768,1.5712363874959352,1.6083664005316682,-0.03707881397934176,SM,300,21,1.5238183946143504,2,3
1.0722570606875816,100.0,0.0,13,0,True,dp,0.006741855999280233,0.0005957510002190247,3.1053965399152617e-08,True,7.900989728676935e-07,0,0,9,1.726899176063767,1.7803720617255157,1.7917594692280547,1.8334777188754776,-0.053472885661748404,SM,20,22,1.5282183946143502,6,9
0.9583137114690059,1.0,1.0,36,0,True,dp,0.006357676999869,0.002546030999837967,1.057784021235575e-06,True,3.758886673195086e-06,0,0,3,1.5859811600361915,1.6102771117780872,1.5859811600361915,1.6400791356155173,-0.024295951741895742,SM,50,22,1.5282183946143502,2,3
0.8237316466869037,1.0,0.75,81,0,True,dp,0.0062890049994166475,0.0007594209992021206,2.768255815882581e-06,True,2.387093600468374e-06,0,0,1,1.5714922484207128,1.6024593643025633,1.574139478765429,1.60647821545312,-0.030967115881850554,SM,100,22,1.5282183946143502,2,3
0.8142083522199592,10.0,1.0,245,0,True,dp,0.007228286000099615,0.0010486700002729776,1.0581998441949736e-06,True,1.7918130278315306e-06,0,0,0,1.5281875790313897,1.5994686471325832,1.5281875790313897,1.5842613706892485,-0.07128106810119322,SM,300,22,1.5282183946143502,0,0
1.4667399911425718,10.0,0.25,9,0,True,dp,0.007009318999735115,0.0008003799994185101,2.2788316145216925e-07,True,2.209159050388452e-06,0,0,9,1.9278634946462445,1.6920052894794197,1.6703742339281462,2.9021519492668832,0.23585820516682485,SM,20,23,1.5118183946143504,8,5
0.9583137114690059,10.0,0.25,36,0,True,dp,0.007011178000539076,0.0005846470003234572,2.6227345983897976e-07,True,1.7725959734008243e-06,0,0,6,1.606584904832775,1.6536757976324454,1.6726546320553415,1.6036439111313565,-0.04709089279967032,SM,50,23,1.5118183946143504,4,2
0.8094674592999695,10.0,0.5,82,0,True,dp,0.028672665000158304,0.0006115779997344362,8.215524107679784e-07,True,1.0243386498927166e-06,0,0,8,1.6107477250272932,1.624109611212111,1.6318338479784362,1.5752068708724005,-0.013361886184817501,SM,100,23,1.5118183946143504,5,3
0.8381224961879935,1.0,1.0,240,0,True,dp,0.01960174800024106,0.0011776830006056116,1.2339450216725112e-05,True,4.146266088969385e-06,0,0,3,1.5334838464354785,1.582077174528347,1.5334838464354785,1.5831073109363492,-0.048593328092868794,SM,300,23,1.5118183946143504,1,2
1.4667399911425718,10.0,0.0,9,0,True,dp,0.0077133060003689025,0.0005365589995562914,9.167683834299112e-08,True,2.655910042570366e-07,0,0,6,1.9359305645975287,1.720102692360114,1.7917594692280547,1.953274032672328,0.2158278722374148,SM,20,24,1.5522183946143504,6,8
0.9273584526004837,10.0,0.25,37,0,True,dp,0.007858682000005501,0.0007250720000229194,3.5875038850718965e-07,True,9.209369824079076e-07,0,0,7,1.8597919648021146,1.6915952158288063,1.7402566859086777,1.6947376798099771,0.1681967489733083,SM,50,24,1.5522183946143504,12,7
0.6339891769296693,100.0,0.25,95,0,True,dp,0.006819966999501048,0.0006754260002708179,7.13731380108662e-08,True,8.465473310869571e-07,0,0,6,1.6108139414767362,1.7570532418730835,1.7132262293828806,1.6494899276436856,-0.1462393003963479,SM,100,24,1.5522183946143504,3,7
0.7536032138465155,0.01,1.0,258,0,True,dp,0.0073209390002375585,0.0009844719998000073,1.8366744937705834e-06,True,1.8479106997845584e-06,0,0,0,1.5519291881297008,1.6108120358614084,1.5519291881297008,1.6108180029400254,-0.05888284773170767,SM,300,24,1.5522183946143504,0,0
0.9899410379560304,10.0,0.0,14,0,True,dp,0.006412476000150491,0.0004837300002691336,4.655018608357153e-07,True,1.1820419429723682e-06,0,0,7,1.8569051123725218,1.7442450653864698,1.7917594692280547,4.334879617331724,0.11266004698605213,SM,20,25,1.54701839461435,11,12
0.72633809718488,0.01,1.0,44,0,True,dp,0.006649068999649899,0.002695464999305841,6.305302751117431e-07,True,6.787743639933956e-07,0,0,7,1.680686092654521,1.7380028443110136,1.680686092654521,1.7382932636013806,-0.05731675165649244,SM,50,25,1.54701839461435,7,12
0.7953261329716306,0.01,0.75,83,0,True,dp,0.007177503000093566,0.0033248979998461436,6.727868217737821e-06,True,6.804166002900968e-06,0,0,6,1.6777810336370733,1.688898395768263,1.6570733289756845,1.689012453150659,-0.011117362131190228,SM,100,25,1.54701839461435,7,9
0.8000264864208688,0.01,1.0,248,0,True,dp,0.007053087999338459,0.0018800919997374876,2.7611082260797e-05,True,2.760058022050273e-05,0,0,4,1.5614193037330675,1.6182305679486555,1.5614193037330675,1.6182516379900793,-0.056811264215588686,SM,300,25,1.54701839461435,1,5
1.7278340966213648,0.1,0.5,7,0,True,dp,0.006907746000251791,0.023107709999749204,8.559379144224694e-07,True,1.5582537603946195e-06,0,0,5,1.836870407272139,1.8843849589368415,1.5628797723015344,3.109598703643097,-0.047514551664702705,SM,20,26,1.5422183946143502,1,6
1.1598951858055022,1.0,0.5,30,0,True,dp,0.006835541999862471,0.007035610999992059,3.627085002899655e-06,True,1.5299818286130463e-07,0,0,5,1.7049864189786499,1.6895736218109159,1.6161202650961304,1.7920481834437647,0.015412797167734449,SM,50,26,1.5422183946143502,4,5
0.9740406200878108,1.0,0.75,71,0,True,dp,0.008164220000253408,0.0020125319997532642,3.172535918416486e-07,True,3.6753009338214704e-07,0,0,3,1.5986778534452422,1.6174976633544038,1.5764735477098228,1.629263074998715,-0.018819809909161492,SM,100,26,1.5422183946143502,2,3
0.7906390217811927,1.0,0.75,250,0,True,dp,0.00659215299947391,0.0010599530005492852,9.455281597126053e-07,True,1.53970322768624e-06,0,0,2,1.558756345836595,1.6125854314248347,1.5683289721457812,1.612905756075078,-0.05382908558823935,SM,300,26,1.5422183946143502,1,3
1.2538954107199929,0.1,0.5,11,0,True,dp,0.007355991000622453,0.01560083299955295,2.6137571609852195e-07,True,5.710849582856716e-08,0,0,7,1.891438817687676,1.729319637585539,1.6905823169958272,1.7567834258102015,0.1621191801021366,SM,20,27,1.5350183946143503,8,7
0.9583137114690059,10.0,0.25,36,0,True,dp,0.006873390999317053,0.0005405670008258312,5.5143917876421256e-08,True,3.5983275769180503e-06,0,0,4,1.7833937845988068,1.687548634334638,1.7168568519968492,1.7531763540127194,0.09584515026416893,SM,50,27,1.5350183946143503,9,9
0.9427547646535882,10.0,0.75,73,0,True,dp,0.007256165999933728,0.0006818359997851076,9.920389504314286e-08,True,6.265188436837541e-07,0,0,2,1.6577001061637908,1.6415658282626262,1.6246266571715295,1.6387139155645813,0.016134277901164867,SM,100,27,1.5350183946143503,5,5
0.8575141510396485,0.01,0.75,236,0,True,dp,0.0075430070000948035,0.004548490999695787,1.245137675731593e-06,True,1.2486297777976851e-06,0,0,1,1.5362516600145657,1.600972585135126,1.5437956277583358,1.6009779374759454,-0.06472092512056066,SM,300,27,1.5350183946143503,0,1
1.3555922461675458,0.01,0.75,10,0,True,dp,0.007361627999671327,0.04239561699978367,1.998961049528604e-06,True,2.6829848634564112e-06,0,0,5,1.9667919498590725,2.676236122153885,1.801810476842106,4.247108024112524,-0.7094441722948119,SM,20,28,1.5406183946143504,9,12
0.8970334552858421,1.0,0.75,38,0,True,dp,0.011165447999701428,0.0074751929996637045,3.4982231811309106e-06,True,1.0848929270045522e-06,0,0,6,1.6608593566455339,1.6983289443472065,1.6325611542116512,1.7369165016745785,-0.03746958770167281,SM,50,28,1.5406183946143504,5,11
0.7813039960891528,0.01,1.0,84,0,True,dp,0.0074491139994279365,0.007093012000041199,1.147831057901269e-06,True,1.1887058173630095e-06,0,0,4,1.5804336816723574,1.6555619231940704,1.5804336816723574,1.6556823865638326,-0.07512824152171353,SM,100,28,1.5406183946143504,2,6
0.8142083522199592,0.01,1.0,245,0,True,dp,0.006706312000460457,0.001141153999924427,3.956408528248828e-06,True,3.939348925154133e-06,0,0,2,1.5408078084907992,1.6141647503077576,1.5408078084907992,1.6141869075450708,-0.07335694181695838,SM,300,28,1.5406183946143504,0,2
1.3555922461675458,10.0,1.0,10,0,True,dp,0.006497416000456724,0.00047237299986591097,1.5666509581291344e-07,True,7.471645732809445e-07,0,0,9,1.965436357612905,1.7169436022669013,1.965436357612905,1.6880953424280907,0.2484927553460038,SM,20,29,1.5266183946143503,10,11
0.9583137114690059,10.0,0.25,36,0,True,dp,0.006513297999845236,0.0007631139997101855,1.5539354221161261e-06,True,2.893461526244935e-06,0,0,3,1.6822916880388266,1.6580719399389146,1.6915813278568541,1.654413640127641,0.024219748099912213,SM,50,29,1.5266183946143503,6,5
0.8970334552858421,1.0,0.5,76,0,True,dp,0.01186805099951016,0.013266929000565142,1.3789075536951856e-07,True,6.992080643661787e-06,0,0,6,1.6904614606699666,1.5904494780013452,1.6572809586667099,1.5972720890348895,0.1000119826686212,SM,100,29,1.5266183946143503,7,1
0.8000264864208688,1.0,1.0,248,0,True,dp,0.006752252000296721,0.005181728999559709,1.4803517149886147e-06,True,2.9201854557707384e-06,0,0,1,1.5486188799503333,1.5870054191535279,1.5486188799503333,1.5879518847897265,-0.03838653920319466,SM,300,29,1.5266183946143503,1,0
1.7278340966213648,0.01,1.0,7,0,True,dp,0.006886954000037804,0.06694001699997898,1.003884419779888e-06,True,6.943125425974583e-07,0,0,6,2.0580331716396736,2.4611104188947035,2.0580331716396736,4.127071841062135,-0.40307724725502975,PL_equal,20,0,1.4723569464869692,9,7
1.1966647828941337,0.1,1.0,29,0,True,dp,0.006784066999898641,0.022903729000063322,3.5675146056457496e-06,True,5.156589704885959e-06,0,0,4,1.781188841501271,1.6615970963541071,1.781188841501271,1.6906392051687578,0.11959174514716374,PL_equal,50,0,1.4723569464869692,10,6
1.055397213651945,10.0,0.75,66,0,True,dp,0.00897159600026498,0.0006132200005595223,4.327857169528215e-06,True,6.878208415105488e-07,0,0,4,1.6627859971488597,1.543610644591407,1.6141874129024247,1.5385781839840242,0.11917535255745254,PL_equal,100,0,1.4723569464869692,7,3
0.8381224961879935,1.0,0.75,240,0,True,dp,0.008930654000323557,0.009057541999936802,2.658411469846911e-06,True,5.925443953184348e-06,0,0,1,1.563656256298246,1.4934072490169688,1.5666066847639175,1.4957589122480217,0.0702490072812775,PL_equal,300,0,1.4723569464869692,2,1
1.0722570606875816,0.1,0.25,13,0,True,dp,0.008217791000788566,0.02337662699937937,2.4602348103197613e-07,True,1.0904637549492794e-07,0,0,3,1.7874816999926155,1.76457614456719,1.7012163010671624,1.8678052878204736,0.02290555542542565,PL_equal,20,1,1.4833704890647887,8,9
0.8094674592999695,10.0,0.25,41,0,True,dp,0.028172659000119893,0.0005433749993244419,8.673416695970104e-07,True,1.000323704139151e-06,0,0,6,1.6572921039370412,1.6358500234554045,1.7050411354285857,1.5182299366574772,0.021442080481637118,PL_equal,50,1,1.4833704890647887,8,4
0.7813039960891528,10.0,0.25,84,0,True,dp,0.007516393000514654,0.0007853360002627596,6.801745379370061e-06,True,1.386977027058537e-06,0,0,4,1.6062167135432992,1.5682742071764215,1.6957137360727743,1.5054678737075842,0.037942506366877626,PL_equal,100,1,1.4833704890647887,6,2
0.8333112326261866,0.01,1.0,241,0,True,dp,0.0075389920002635336,0.0025662340003691497,1.2890389236822238e-06,True,1.2987844476524216e-06,0,0,2,1.5571185441071658,1.4905992083941364,1.5571185441071658,1.4906177697185292,0.06651933571302907,PL_equal,300,1,1.4833704890647887,1,1
1.7278340966213648,10.0,0.0,7,0,True,dp,0.007067919000292022,0.0004376210008558701,1.489945645971602e-06,True,5.644001652615872e-07,0,0,6,1.9871919736781976,1.6698955756964708,1.7917594692280547,1.8521894873771216,0.3172963979817264,PL_equal,20,2,1.4725066568025198,6,6
0.9899410379560304,1.0,0.5,35,0,True,dp,0.010186981000515516,0.0009468829994148109,1.6292486651470206e-06,True,8.575109537254287e-07,0,0,4,1.7084139566791172,1.5470849364808066,1.6499434921300422,1.5564103389100445,0.16132902019831072,PL_equal,50,2,1.4725066568025198,8,6
0.9740406200878108,0.01,1.0,71,0,True,dp,0.006607944000279531,0.04354177900040668,1.6295758172391126e-06,True,1.636023166248307e-06,0,0,5,1.6600424125107742,1.5458364023347306,1.6600424125107742,1.5461307030807079,0.11420601017604388,PL_equal,100,2,1.4725066568025198,6,3
0.8623994750376249,1.0,1.0,235,0,True,dp,0.006599129000278481,0.002138864000698959,1.293479214292681e-06,True,2.807951179906189e-06,0,0,4,1.5907929000949514,1.4982285822978771,1.5907929000949514,1.499902181557002,0.09256431779707446,PL_equal,300,2,1.4725066568025198,4,2
1.3555922461675458,100.0,0.0,10,0,True,dp,0.007471230999726686,0.0004152290002821246,3.8133099122816816e-08,True,8.919470723945403e-07,0,0,5,2.028471397059696,1.7784290548455715,1.7917594692280547,4.586694996536914,0.2500423422141243,PL_equal,20,3,1.4325314049344118,14,13
0.7536032138465155,10.0,0.25,43,0,True,dp,0.0066776320009012125,0.0012653129997488577,6.392104567876089e-07,True,4.862965582474763e-07,0,0,6,1.686824163408227,1.6309105992242794,1.7191556042847784,1.529377293751895,0.05591356418394771,PL_equal,50,3,1.4325314049344118,11,5
0.8526439450191873,0.01,0.75,79,0,True,dp,0.009226716999364726,0.0008851719994709129,4.04795990421869e-06,True,4.161973630714413e-06,0,0,2,1.5688852628811487,1.4735726814782815,1.5688406253126257,1.4735939887019813,0.09531258140286714,PL_equal,100,3,1.4325314049344118,6,4
0.8047402165437618,0.01,1.0,247,0,True,dp,0.007124364999981481,0.004972177999661653,1.0774723861633681e-05,True,1.0864754558642229e-05,0,0,2,1.5020382257277993,1.452546102015359,1.5020382257277993,1.4525476437081706,0.04949212371244018,PL_equal,300,3,1.4325314049344118,1,3
1.7278340966213648,0.01,0.75,7,0,True,dp,0.007257526999637776,0.06278005700005451,1.9927591565567677e-06,True,4.850914456198083e-07,0,0,3,2.0830867660406835,2.485896941934034,1.8380923115718342,4.471099224931385,-0.4028101758933509,PL_equal,20,4,1.461003447558735,9,12
1.055397213651945,1.0,1.0,33,0,True,dp,0.006720539000525605,0.002654296000400791,9.538800449515605e-07,True,1.8222244144856823e-06,0,0,6,1.7050018856949374,1.564269289829711,1.7050018856949374,1.6107255453160318,0.14073259586522624,PL_equal,50,4,1.461003447558735,7,7
0.912119656648635,1.0,0.75,75,0,True,dp,0.008699630000592151,0.0007635550000486546,7.780705062743198e-07,True,2.106915409360711e-06,0,0,3,1.5632308189329178,1.4872276998356642,1.557519291522577,1.483517537164706,0.07600311909725356,PL_equal,100,4,1.461003447558735,3,2
0.8771477314305962,10.0,0.75,232,0,True,dp,0.007366152000031434,0.0012100559997634264,4.733317281235827e-06,True,1.6855531963448003e-05,0,0,2,1.5411415110451911,1.4842966234090758,1.5451474323112289,1.4662353530082133,0.056844887636115685,PL_equal,300,4,1.461003447558735,2,2
1.0722570606875816,100.0,0.0,13,0,True,dp,0.00683152900001005,0.000844193000375526,5.24469674356709e-08,True,4.009633904996545e-07,0,0,6,1.606806385266758,1.7772727009331026,1.7917594692280547,3.2498343312247266,-0.17046631566634476,PL_equal,20,5,1.4414992846503767,4,4
1.1241402853321296,1.0,1.0,31,0,True,dp,0.01788033100001485,0.006600020000405493,2.2559971354918495e-07,True,1.1300058952952097e-06,0,0,4,1.6578646401662984,1.512208357954576,1.6578646401662984,1.5532490113491537,0.14565628221172236,PL_equal,50,5,1.4414992846503767,6,2
0.9273584526004837,0.01,0.75,74,0,True,dp,0.00947171299958427,0.010782710999592382,8.724216285244807e-07,True,9.024718869753406e-07,0,0,6,1.5546910338965554,1.5596307638492486,1.5492596074399434,1.5601682046449319,-0.0049397299526928095,PL_equal,100,5,1.4414992846503767,4,6
0.9273584526004837,0.01,1.0,222,0,True,dp,0.006523353999909887,0.0010748380000222824,7.832068523193347e-06,True,7.897030827857774e-06,0,0,2,1.517596695792536,1.4480918056735288,1.517596695792536,1.4481057010853184,0.0695048901190076,PL_equal,300,5,1.4414992846503767,1,1
1.4667399911425718,1.0,0.5,9,0,True,dp,0.00783782600046834,0.00655254900084401,2.5076770195919806e-06,True,1.314511313524004e-06,0,0,8,1.8992620648189644,1.5314277597071098,1.6501960920964907,3.5204925670880503,0.3678343051118546,PL_equal,20,6,1.47672040317177,9,3
1.2735699446690838,0.01,0.75,27,0,True,dp,0.006643457999416569,0.059028853999734565,9.186765277184941e-06,True,7.837032575795591e-07,0,0,1,1.6474745846931156,1.9510104197642968,1.5735678777312687,2.814894175526878,-0.3035358350711813,PL_equal,50,6,1.47672040317177,4,3
0.8094674592999695,10.0,0.5,82,0,True,dp,0.006814190999648417,0.0005846359999850392,5.880742355302004e-07,True,1.6103810574827754e-06,0,0,5,1.6823855951753404,1.5826469110701453,1.66765278305246,1.5613876620656948,0.09973868410519529,PL_equal,100,6,1.47672040317177,8,5
0.8094674592999695,0.01,1.0,246,0,True,dp,0.0064699410004323,0.002916899999945599,3.81887377220308e-06,True,3.84646310653171e-06,0,0,3,1.5500376655797954,1.495022303120466,1.5500376655797954,1.4950234101846567,0.05501536245932985,PL_equal,300,6,1.47672040317177,2,1
1.1598951858055022,1.0,0.5,12,0,True,dp,0.00662765600009152,0.006958799000130966,4.187873043903778e-07,True,1.7686905214999001e-06,0,0,6,1.7682007066050498,1.6348703923998247,1.6477274089093306,1.8229318527931078,0.1333303142052257,PL_equal,20,7,1.4604779795951157,9,9
0.8673000736991373,100.0,0.5,39,0,True,dp,0.007283167000423418,0.0004590250000546803,7.867631737212832e-07,True,2.132061756392531e-06,0,0,6,1.5787528520781986,1.762434405503221,1.6064309630213502,1.4908953448817617,-0.1836815534250223,PL_equal,50,7,1.4604779795951157,5,7
0.8970334552858421,0.01,1.0,76,0,True,dp,0.010982561999298923,0.002608284000416461,1.354203667933455e-05,True,1.390938200273869e-05,0,0,3,1.5384142899990163,1.4846285978631903,1.5384142899990163,1.4846425974484037,0.05378569213582586,PL_equal,100,7,1.4604779795951157,1,2
0.8526439450191873,10.0,0.75,237,0,True,dp,0.02125439199971879,0.0011093370003436576,7.61098596857579e-06,True,5.146127863947767e-06,0,0,1,1.5411743346680251,1.4866431589066649,1.5480574291527829,1.4675507114895154,0.05453117576136016,PL_equal,300,7,1.4604779795951157,2,1
1.7278340966213648,0.01,0.5,7,0,True,dp,0.006492943000012019,0.08302957999967475,1.0367897544426644e-06,True,7.510974212757361e-07,0,0,5,2.2256330790119456,2.7626826061651593,1.757261108171438,4.616077131062273,-0.5370495271532136,PL_equal,20,8,1.456158630159645,9,10
1.1598951858055022,1.0,0.75,30,0,True,dp,0.006390733999978693,0.006525490000058198,2.017073355897736e-06,True,2.537656297211526e-07,0,0,1,1.6394523409806392,1.576432724190715,1.5829227872134306,1.6840756864061992,0.06301961678992449,PL_equal,50,8,1.456158630159645,4,5
0.9899410379560304,1.0,1.0,70,0,True,dp,0.006590183000298566,0.0029800189995512483,1.0881786609573396e-06,True,6.524077061887689e-06,0,0,1,1.5455686559353503,1.472754919094964,1.5455686559353503,1.4929217608868546,0.07281373684038651,PL_equal,100,8,1.456158630159645,2,1
0.8189630344315343,1.0,1.0,244,0,True,dp,0.006603480000194395,0.0031241940005202196,2.408614719534574e-06,True,3.991517632559375e-06,0,0,0,1.523704682261793,1.472124207927026,1.523704682261793,1.4719798956610943,0.051580474334767035,PL_equal,300,8,1.456158630159645,1,1
1.1598951858055022,10.0,0.25,12,0,True,dp,0.007196952000413148,0.0006283760003498173,1.0797389823902215e-07,True,4.0359174139479305e-07,0,0,3,1.809956933294048,1.7113155782437965,1.6932000420702984,1.6699606943613388,0.09864135505025166,PL_equal,20,9,1.493296170370439,9,10
0.9583137114690059,1.0,0.5,36,0,True,dp,0.00708323599974392,0.0006127070000729873,1.7814827242279563e-06,True,6.199719032832775e-06,0,0,2,1.7685399220710372,1.5888912324927482,1.6856697984247762,1.6075239909120422,0.17964868957828906,PL_equal,50,9,1.493296170370439,10,8
0.8526439450191873,10.0,0.25,79,0,True,dp,0.006573269000000437,0.0008116809995044605,1.0251109472392272e-06,True,1.422918810362585e-06,0,0,4,1.6358178125651548,1.5631001337122652,1.6942129949571223,1.5255260692367238,0.07271767885288957,PL_equal,100,9,1.493296170370439,6,2
0.8477887021848955,0.01,1.0,238,0,True,dp,0.00680381700021826,0.002257715000268945,3.5345325121649215e-06,True,3.575184200190552e-06,0,0,2,1.5583484603143907,1.5063679078279255,1.5583484603143907,1.5064144251243787,0.051980552486465145,PL_equal,300,9,1.493296170370439,0,2
1.2538954107199929,100.0,0.0,11,0,True,dp,0.007180641999184445,0.00038836099975014804,2.4740729909211723e-08,True,5.68146731524189e-07,0,0,6,2.0130666725275153,1.7808795937570914,1.7917594692280547,3.009512865537352,0.23218707877042374,PL_equal,20,10,1.4935410955689772,12,10
0.8381224961879935,100.0,0.0,40,0,True,dp,0.0070064320007077185,0.0004939440004818607,5.063323680332132e-07,True,1.971927115064814e-06,0,0,9,1.8586753749564195,1.7633288198576005,1.7917594692280547,1.6229159137916995,0.09534655509881912,PL_equal,50,10,1.4935410955689772,14,7
0.8381224961879935,0.01,1.0,80,0,True,dp,0.0065019789999496425,0.00586960700002237,3.911651135739616e-06,True,4.483837900516058e-06,0,0,4,1.5942477274091078,1.5242128181432182,1.5942477274091078,1.5242335108439458,0.07003490926588977,PL_equal,100,10,1.4935410955689772,5,3
0.7490294769803351,0.01,1.0,259,0,True,dp,0.006562540999766497,0.003350490000229911,8.207294136383311e-07,True,8.530481694414228e-07,0,0,3,1.5635947888109862,1.5107189855822885,1.5635947888109862,1.5107113834537673,0.05287580322869799,PL_equal,300,10,1.4935410955689772,3,2
1.8859754863940756,0.1,0.5,6,0,True,dp,0.007392688000436465,0.03887102299995604,3.41901839062686e-07,True,9.476654404784303e-07,0,0,6,2.5616239827682716,2.1267484542980037,1.8911409619086126,3.8831953753767188,0.43487552847026784,PL_equal,20,11,1.469399704658502,15,11
0.9899410379560304,10.0,0.0,35,0,True,dp,0.009254913999939163,0.0005997749995003687,7.609290912924394e-07,True,1.4329125264649596e-07,0,0,9,1.8291867633097532,1.6120871824587888,1.7917594692280547,1.5750940846225563,0.21709958085096417,PL_equal,50,11,1.469399704658502,13,4
0.7673975001579416,10.0,0.5,85,0,True,dp,0.006298096000136866,0.0013142990001142607,5.462356060803586e-07,True,2.5476407785790774e-07,0,0,6,1.6224539816776642,1.5783350202094497,1.6442403304182904,1.5197964660154557,0.04411896146821418,PL_equal,100,11,1.469399704658502,7,5
0.8189630344315343,0.01,1.0,244,0,True,dp,0.006829444999311818,0.0010660950001692981,7.585224771101962e-07,True,7.619663342153597e-07,0,0,2,1.5630149079145066,1.4743035046965733,1.5630149079145066,1.4742971852648206,0.08871140321793317,PL_equal,300,11,1.469399704658502,2,0
1.1598951858055022,0.01,0.25,12,0,True,dp,0.016668725999807066,0.014809248000346997,4.4824852061739473e-07,True,5.673678457881942e-07,0,0,7,1.870851430548837,1.8098141269527372,1.7084236663839956,1.8159381328527369,0.061037303596099865,PL_equal,20,12,1.4730968886206177,10,11
0.9273584526004837,0.01,1.0,37,0,True,dp,0.008523451999280951,0.015099723000275844,1.5241963885123666e-07,True,1.566061965606792e-07,0,0,4,1.7345985737010492,1.5714519169337873,1.7345985737010492,1.572027526684234,0.16314665676726242,PL_equal,50,12,1.4730968886206177,9,5
0.7953261329716306,1.0,0.5,83,0,True,dp,0.0066025349997289595,0.010616341000059037,1.6048963147330397e-07,True,1.956247720081106e-06,0,0,3,1.562061081289701,1.49850818539801,1.6097213225365363,1.4971513586564065,0.0635528958916907,PL_equal,100,12,1.4730968886206177,2,3
0.8333112326261866,1.0,0.75,241,0,True,dp,0.006925562000105856,0.004778513999553979,6.595571206968742e-07,True,1.6859632918649453e-06,0,0,1,1.535869107675198,1.477090858372951,1.5463217922626529,1.4771482533858165,0.05877824930224669,PL_equal,300,12,1.4730968886206177,0,1
1.0722570606875816,0.1,1.0,13,0,True,dp,0.006472269999903801,0.02299734799998987,6.092326198803288e-07,True,1.3875144810143815e-06,0,0,8,1.665780523604575,1.6991974597049266,1.665780523604575,3.049490155663566,-0.03341693610035157,PL_equal,20,13,1.4894330419688493,5,9
0.9899410379560304,10.0,0.0,35,0,True,dp,0.009460962000048312,0.000541738999345398,5.470595225709474e-07,True,4.0149166302367365e-07,0,0,1,1.5965506193900856,1.6071537334147368,1.7917594692280547,1.567479256560252,-0.010603114024650737,PL_equal,50,13,1.4894330419688493,2,1
0.9273584526004837,1.0,1.0,74,0,True,dp,0.0071876369993333356,0.010183546000007482,1.6182405323528215e-06,True,4.400185163122378e-06,0,0,2,1.6186787671259888,1.5100156143524959,1.6186787671259888,1.5107606445992932,0.108663152773493,PL_equal,100,13,1.4894330419688493,5,3
0.8920378078509089,0.1,0.75,229,0,True,dp,0.007883827000114252,0.0013573249998444226,7.576273760970947e-06,True,8.323037159155874e-06,0,0,4,1.572872382019366,1.5022127223339894,1.5671701896809997,1.5027863313287417,0.07065965968537666,PL_equal,300,13,1.4894330419688493,3,1
1.3555922461675458,0.01,1.0,10,0,True,dp,0.006839046999630227,0.022982254999988072,2.767471869461781e-06,True,1.774701952245167e-06,0,0,2,1.789209365611124,1.6345580937651518,1.789209365611124,1.6410298665777423,0.15465127184597216,PL_equal,20,14,1.4626749984837502,7,5
0.8381224961879935,0.01,0.75,40,0,True,dp,0.006819840000389377,0.010924070999863034,4.7601145282459654e-07,True,4.96359456935736e-07,0,0,8,1.6240010760237815,1.6036759705894492,1.6118652995580691,1.604029917596748,0.02032510543433253,PL_equal,50,14,1.4626749984837502,6,14
0.7813039960891528,0.01,1.0,84,0,True,dp,0.006520332000036433,0.0007470050004485529,4.562278440062295e-06,True,4.630602452660297e-06,0,0,4,1.5995756295765413,1.5162763978995861,1.5995756295765413,1.5163644502795692,0.08329923167695523,PL_equal,100,14,1.4626749984837502,6,4
0.8094674592999695,1.0,1.0,246,0,True,dp,0.007666231999792217,0.0012625309991562972,5.552458170549057e-06,True,1.5752660169325077e-05,0,0,4,1.5411335235274957,1.4789181429229346,1.5411335235274957,1.4796787802206226,0.0622153806045615,PL_equal,300,14,1.4626749984837502,2,2
1.3555922461675458,1.0,0.75,10,0,True,dp,0.006904511000357161,0.010849330000382906,2.1189164156609763e-07,True,1.7221397625704037e-06,0,0,4,1.8502110166886636,1.5950934712526788,1.7143747769642992,5.617400345786942,0.25511754543598486,PL_equal,20,15,1.4706888105241938,7,9
0.9273584526004837,0.01,1.0,37,0,True,dp,0.008121003000269411,0.014851396999802091,1.3222261623293142e-06,True,1.3060860487272566e-06,0,0,5,1.6047683903369816,1.5534605395698782,1.6047683903369816,1.5544092549963133,0.051307850767103445,PL_equal,50,15,1.4706888105241938,5,6
0.8094674592999695,0.01,1.0,82,0,True,dp,0.006872996000311105,0.010628877999806718,1.9023046794307968e-07,True,1.9558869470721475e-07,0,0,6,1.590915772274444,1.5316387602724708,1.590915772274444,1.531848954652324,0.059277012001973335,PL_equal,100,15,1.4706888105241938,5,5
0.7673975001579416,1.0,1.0,255,0,True,dp,0.006784750999941025,0.005905021000216948,6.42931513472611e-07,True,4.916594068920563e-07,0,0,1,1.5583762904144758,1.4782090174647298,1.5583762904144758,1.4781324766057118,0.08016727294974603,PL_equal,300,15,1.4706888105241938,2,1
1.5897120641673679,1.0,0.5,8,0,True,dp,0.0067931539997516666,0.006987535000007483,1.80441469765924e-07,True,1.425609952110818e-06,0,0,8,1.9957557410099682,1.6243226553446461,1.6721336769842519,1.87624140562486,0.37143308566532196,PL_equal,20,16,1.459248912536023,8,8
1.313888921608333,1.0,0.5,26,0,True,dp,0.024403992999395996,0.006841141000222706,1.7648734831898771e-07,True,2.3657141578960216e-06,0,0,2,1.6561632899941738,1.5265414773797972,1.5606767379579982,1.6957597524864831,0.12962181261437647,PL_equal,50,16,1.459248912536023,3,3
1.0387424048763245,1.0,0.5,67,0,True,dp,0.007699984999817389,0.0009003530003610649,5.6396483761878e-06,True,1.3713404684137575e-06,0,0,3,1.5836161613305344,1.4881252583348605,1.57860003901322,1.500446884261341,0.0954909029956741,PL_equal,100,16,1.459248912536023,3,2
0.84294826960752,0.01,0.75,239,0,True,dp,0.01686883299953479,0.0033611359995120438,8.513981068801208e-06,True,8.586566885787878e-06,0,0,3,1.5589033987527623,1.4749634926120567,1.5624830155906366,1.474970891313533,0.08393990614070548,PL_equal,300,16,1.459248912536023,3,2
1.0722570606875816,1.0,1.0,13,0,True,dp,0.0069112339997445815,0.006806083000810759,1.771907361391989e-07,True,2.1090417063594307e-06,0,0,9,1.7596030164147385,1.5835602368158783,1.7596030164147385,1.5672861861361538,0.17604277959886,PL_equal,20,17,1.4739603108963233,8,9
1.1598951858055022,1.0,1.0,30,0,True,dp,0.0069289959992602235,0.00696100999994087,1.4435562254444534e-06,True,6.2517672181921e-07,0,0,7,1.6638101398825544,1.5547416476852614,1.6638101398825544,1.600916902827086,0.10906849219729386,PL_equal,50,17,1.4739603108963233,6,7
0.9427547646535882,0.01,0.75,73,0,True,dp,0.006742002999999386,0.006653888999608171,3.6045581576996805e-06,True,3.706914751004002e-06,0,0,5,1.602077575049229,1.5074792067261797,1.5829097588356082,1.5076214334109181,0.0945983683230497,PL_equal,100,17,1.4739603108963233,5,4
0.8333112326261866,1.0,0.75,241,0,True,dp,0.0063419460002478445,0.002823060000082478,2.040297574779082e-06,True,5.9575611668431835e-06,0,0,0,1.5437855643851468,1.481658262529762,1.5522591347951147,1.483028985902948,0.0621273018553845,PL_equal,300,17,1.4739603108963233,1,1
1.4667399911425718,10.0,0.0,9,0,True,dp,0.008112304999485787,0.00050277999980608,6.790535522771535e-08,True,3.956754526821046e-07,0,0,10,2.0870047836852135,1.728026342596907,1.7917594692280547,2.2169001607254275,0.3589784410883065,PL_equal,20,18,1.5026483297924849,15,13
1.1241402853321296,1.0,0.5,31,0,True,dp,0.007677447999412834,0.0006648669996138779,3.667424447018064e-06,True,2.6015783417519426e-07,0,0,4,1.77758558055417,1.613016512492642,1.6593868128990246,1.7070964270459317,0.1645690680615279,PL_equal,50,18,1.5026483297924849,9,7
0.9427547646535882,10.0,0.5,73,0,True,dp,0.006641625999691314,0.00065127699963341,4.6652215157649835e-07,True,2.1858974451688256e-07,0,0,3,1.6096196131664577,1.5670604917128794,1.6089550811966842,1.5858638998948367,0.04255912145357877,PL_equal,100,18,1.5026483297924849,3,4
0.9020455301245363,0.1,0.75,227,0,True,dp,0.007934537999972235,0.0037078250006743474,1.6026986285611056e-06,True,1.6102428191517231e-06,0,0,2,1.5910821098804326,1.5178932463681836,1.5796251884075696,1.5187178332220455,0.07318886351224925,PL_equal,300,18,1.5026483297924849,2,0
1.3555922461675458,1.0,1.0,10,0,True,dp,0.0074631849993238575,0.005091099000310351,1.0050993533017305e-06,True,4.668215093422855e-07,0,0,9,2.2162209231539007,1.7023707508678154,2.2162209231539007,2.983524736725686,0.5138501722860858,PL_equal,20,19,1.457821127809007,16,11
0.9273584526004837,1.0,0.5,37,0,True,dp,0.020298620999710693,0.002821319000759104,1.716075730295863e-06,True,1.4805878761442628e-06,0,0,2,1.6817391419028216,1.5810658695317483,1.6477043323098077,1.6035119526393646,0.10067327237107365,PL_equal,50,19,1.457821127809007,7,7
0.9899410379560304,1.0,0.5,70,0,True,dp,0.00687977400048112,0.0008638359995529754,3.547138151815954e-06,True,5.693181042713396e-07,0,0,4,1.6178343517061402,1.5146822797808377,1.604653689643554,1.5307798212903,0.10315207192530285,PL_equal,100,19,1.457821127809007,5,3
0.8477887021848955,1.0,1.0,238,0,True,dp,0.006727067000610987,0.001101715000004333,2.9803569261965812e-06,True,4.9792962807443674e-06,0,0,3,1.529099750089012,1.4622091882870494,1.529099750089012,1.4631991512482865,0.0668905618019624,PL_equal,300,19,1.457821127809007,3,0
1.4667399911425718,0.01,0.75,9,0,True,dp,0.006448602000091341,0.014933221000319463,3.369283162382025e-07,True,3.663754341667946e-07,0,0,1,2.008534194159086,1.8159223005535259,1.8178000468022335,1.8214349288180331,0.19261189360555997,PL_equal,20,20,1.4595039485022396,10,11
1.055397213651945,10.0,0.75,33,0,True,dp,0.007492714999898453,0.0011036320001949207,6.469443212253623e-07,True,2.1483705297074197e-06,0,0,4,1.6638413943625114,1.6048288171128549,1.6149789608126637,1.5189845598179992,0.05901257724965651,PL_equal,50,20,1.4595039485022396,5,1
0.7953261329716306,10.0,0.75,83,0,True,dp,0.006488062999778776,0.0006517319998238236,5.266816049953604e-07,True,1.9346495515691027e-07,0,0,7,1.5787629300821053,1.5756704823370624,1.5828097513094583,1.5021749253538292,0.00309244774504255,PL_equal,100,20,1.4595039485022396,6,3
0.8237316466869037,1.0,0.75,243,0,True,dp,0.0065421530007370166,0.0026958700000250246,1.997342359283394e-06,True,5.006785918800934e-06,0,0,2,1.5224802154428416,1.4728408187481314,1.5373804540320257,1.4750153490833926,0.04963939669471046,PL_equal,300,20,1.4595039485022396,1,1
1.5897120641673679,1.0,0.25,8,0,True,dp,0.007315044999813836,0.0024909080002544215,1.2505776054161366e-06,True,3.0875282814754016e-06,0,0,7,2.1118047216941864,1.6483839432932625,1.6938435433076104,5.962944769705546,0.4634207784009236,PL_equal,20,21,1.460404514742774,12,9
0.9583137114690059,0.1,0.5,36,0,True,dp,0.006395657000211941,0.024437295999632624,1.3935777051499176e-06,True,2.2661982081878417e-06,0,0,4,1.650188178704615,1.5569773895937489,1.626493926741565,1.564888064631085,0.09321078911086601,PL_equal,50,21,1.460404514742774,7,5
0.8526439450191873,10.0,0.5,79,0,True,dp,0.0064050770006360835,0.0006328499994197045,2.305853135986524e-06,True,3.5396681573212256e-06,0,0,4,1.5897750395341186,1.5577367899640497,1.6143674579352407,1.4792987224439995,0.032038249570069,PL_equal,100,21,1.460404514742774,6,2
0.7859650199538747,10.0,0.75,251,0,True,dp,0.007354720999501296,0.0008940699999584467,1.299486846484399e-05,True,4.132365207002901e-06,0,0,4,1.5806558607301118,1.504072847778013,1.585274363616871,1.4782833971810758,0.07658301295209854,PL_equal,300,21,1.460404514742774,5,1
1.0722570606875816,1.0,0.0,13,0,True,dp,0.006556223000188766,0.011048724999454862,1.5425252181122673e-07,True,2.381375143034732e-08,0,0,11,2.0260588959956025,1.5843309224870332,1.7917594692280547,1.6696787798576813,0.4417279735085692,PL_equal,20,22,1.4825506514923354,15,6
0.9583137114690059,100.0,0.0,36,0,True,dp,0.006419107000510849,0.00042630900043150177,3.6447153251017994e-07,True,8.271089283220909e-07,0,0,7,1.5893352580263331,1.7619033372848176,1.7917594692280547,1.6413155317486554,-0.17256807925848455,PL_equal,50,22,1.4825506514923354,3,6
0.9427547646535882,0.01,1.0,73,0,True,dp,0.007502263999413117,0.0066568299998834846,5.122777506225075e-06,True,5.215840812144851e-06,0,0,2,1.5968924238436344,1.588881153161351,1.5968924238436344,1.5892696896810898,0.008011270682283484,PL_equal,100,22,1.4825506514923354,4,4
0.8970334552858421,10.0,0.75,228,0,True,dp,0.006500057999801356,0.0010339270002077683,2.686545105157201e-06,True,2.1771835983658196e-05,0,0,3,1.561288643108805,1.5042371547645448,1.557883119059105,1.4996944328191695,0.05705148834426026,PL_equal,300,22,1.4825506514923354,2,1
1.1598951858055022,0.01,1.0,12,0,True,dp,0.006584455999472993,0.042320427999584354,9.47474784690136e-07,True,1.0170436889748047e-06,0,0,8,1.8725912733275452,1.861362278143162,1.8725912733275452,1.868061432606292,0.011228995184383535,PL_equal,20,23,1.481774069723433,11,13
0.6994833330366741,10.0,0.25,45,0,True,dp,0.007196049000413041,0.0021037639999121893,1.6162243893225181e-06,True,3.775951309504383e-06,0,0,4,1.5836521561049395,1.6648296546363484,1.6995104614321863,1.5457394961000026,-0.08117749853140947,PL_equal,50,23,1.481774069723433,4,4
0.8237316466869037,0.01,1.0,81,0,True,dp,0.007055774000036763,0.002715686000556161,1.5472049095979334e-06,True,1.593403281167458e-06,0,0,3,1.6373907801556649,1.5237014650325436,1.6373907801556649,1.5237885892331415,0.11368931512312119,PL_equal,100,23,1.481774069723433,6,3
0.8237316466869037,0.01,1.0,243,0,True,dp,0.006492632000117737,0.0011563759999262402,1.229249816478168e-05,True,1.2387849648753377e-05,0,0,1,1.5541938838402876,1.4974853806649877,1.5541938838402876,1.4975061199276343,0.05670850317529974,PL_equal,300,23,1.481774069723433,2,1
0.6994833330366741,0.01,1.0,18,0,True,dp,0.006294901000728714,0.05481344899999385,6.554957238408959e-07,True,9.126691055278885e-08,0,0,9,1.7214503727131638,2.0664814846364443,1.7214503727131638,4.020300170673725,-0.3450311119232807,PL_equal,20,24,1.456161051635191,12,11
0.9583137114690059,1.0,1.0,36,0,True,dp,0.006606816000385152,0.006809516999965126,1.2826489876882619e-06,True,5.464422480035272e-07,0,0,4,1.6401258847341904,1.5030203888987357,1.6401258847341904,1.5168002472163213,0.1371054958354547,PL_equal,50,24,1.456161051635191,7,3
0.8094674592999695,1.0,0.5,82,0,True,dp,0.006621262999942701,0.002648857999702159,4.126403918919275e-06,True,2.071193016501341e-06,0,0,4,1.6046767190825435,1.4845090250433168,1.6287983450060612,1.486684712104549,0.12016769403922681,PL_equal,100,24,1.456161051635191,7,3
0.8094674592999695,1.0,0.75,246,0,True,dp,0.007753869000225677,0.019761786999879405,2.620885019677388e-06,True,3.0648032381483616e-06,0,0,2,1.559346541361745,1.4655144888192804,1.5666544135293998,1.4642481761501493,0.09383205254246475,PL_equal,300,24,1.456161051635191,4,2
1.3555922461675458,0.01,1.0,10,0,True,dp,0.006620569000006071,0.0430856720004158,8.609125198696596e-07,True,1.1300108982336415e-06,0,0,8,2.0128820862287693,1.6141785560941824,2.0128820862287693,1.6182689369880632,0.3987035301345868,PL_equal,20,25,1.4664497666236034,14,8
1.055397213651945,10.0,0.25,33,0,True,dp,0.006667725000625069,0.000551023999832978,6.73782292182068e-08,True,6.407990560531617e-07,0,0,4,1.6817831469945947,1.599843549588535,1.6773360859544475,1.526501637605333,0.08193959740605926,PL_equal,50,25,1.4664497666236034,8,4
0.9899410379560304,1.0,0.75,70,0,True,dp,0.006492430999969656,0.0008353610000995104,6.382151756800791e-07,True,1.8267975265745286e-06,0,0,6,1.6648565510090516,1.494598084439107,1.62410976610132,1.5082903834120907,0.1702584665699452,PL_equal,100,25,1.4664497666236034,9,3
0.9273584526004837,0.01,1.0,222,0,True,dp,0.006540096999742673,0.0023431210001945146,1.7885613116501182e-06,True,1.8078850395268032e-06,0,0,2,1.584366504379771,1.4758170654727096,1.584366504379771,1.4758596102281007,0.10854943890706162,PL_equal,300,25,1.4664497666236034,3,1
1.2538954107199929,1.0,0.75,11,0,True,dp,0.007886471000347228,0.006635346000621212,1.9096529880746616e-06,True,3.761562169181062e-08,0,0,9,2.297700930760953,1.731981556127662,2.0639197176050486,1.903829159140953,0.5657193746332919,PL_equal,20,26,1.4913445159848746,20,11
1.0222857715118254,1.0,0.5,34,0,True,dp,0.006676304000393429,0.007912038000540633,1.0498424911631332e-06,True,3.0940327790693537e-06,0,0,2,1.835697648317879,1.704920846030527,1.7076839645558393,1.87074231345863,0.1307768022873517,PL_equal,50,26,1.4913445159848746,11,9
0.882095113649017,1.0,0.5,77,0,True,dp,0.021732778000114195,0.0007765699992887676,7.277127096472213e-07,True,4.0291478522524506e-07,0,0,8,1.5974555209130672,1.5460401371882195,1.6133060428077095,1.5598133551559776,0.0514153837248476,PL_equal,100,26,1.4913445159848746,3,7
0.8189630344315343,0.01,1.0,244,0,True,dp,0.006583198999578599,0.00254802200015547,4.104316010349876e-05,True,4.135426353304051e-05,0,0,4,1.6178854312214193,1.5070353159240453,1.6178854312214193,1.5070650339789955,0.11085011529737412,PL_equal,300,26,1.4913445159848746,5,1
0.9899410379560304,100.0,0.0,14,0,True,dp,0.0066688050001175725,0.002364484999816341,1.8298220938461895e-08,True,2.0887651221099406e-07,0,0,3,1.6316935262375247,1.78168520530664,1.7917594692280547,1.6791763262213437,-0.14999167906911495,PL_equal,20,27,1.4535220910424878,7,8
0.72633809718488,10.0,0.25,44,0,True,dp,0.011030553000637155,0.000585471000704274,4.469942860296783e-08,True,6.556657123494025e-07,0,0,7,1.6236685520255083,1.6308411598270218,1.7065109092796484,1.5146283170401589,-0.0071726078015135605,PL_equal,50,27,1.4535220910424878,8,3
0.7813039960891528,0.01,1.0,84,0,True,dp,0.006485058000180288,0.014739822999217722,1.9653908172635737e-07,True,2.053373225995289e-07,0,0,6,1.5757458576958225,1.4825044771974398,1.5757458576958225,1.4825855046385348,0.09324138049838235,PL_equal,100,27,1.4535220910424878,5,1
0.8094674592999695,10.0,0.75,246,0,True,dp,0.006448384000577789,0.000906424000277184,2.473901872690476e-06,True,4.121097737999646e-06,0,0,3,1.5488234643908454,1.4774023826291047,1.5587621058012253,1.4575813607731416,0.07142108176174093,PL_equal,300,27,1.4535220910424878,3,0
1.3555922461675458,1.0,0.75,10,0,True,dp,0.00780148299963912,0.006406263000826584,7.014546782313502e-08,True,9.599662516856586e-07,0,0,10,2.0948954171219056,1.6401407842230087,1.8978880772892308,1.914199103349438,0.4547546328988971,PL_equal,20,28,1.4338905397451187,14,14
0.8673000736991373,100.0,0.0,39,0,True,dp,0.006890623999424861,0.0004398890005177236,8.661203398929729e-07,True,1.8534708439122404e-06,0,0,10,1.594364253404783,1.756085189768034,1.7917594692280547,1.5085085956235416,-0.16172093636325072,PL_equal,50,28,1.4338905397451187,6,8
0.912119656648635,1.0,0.75,75,0,True,dp,0.007611198000631703,0.0009321859997726278,1.2999634966259777e-06,True,1.710662587627039e-06,0,0,3,1.6133974000485927,1.5003881590393846,1.595144227359333,1.5170076896073608,0.11300924100920792,PL_equal,100,28,1.4338905397451187,6,5
0.7906390217811927,10.0,0.75,250,0,True,dp,0.006878590999804146,0.0009989139998651808,3.3971019615108844e-06,True,7.029751940317488e-07,0,0,1,1.531083980074253,1.475006858617625,1.547574697824025,1.4437958796172632,0.05607712145662833,PL_equal,300,28,1.4338905397451187,2,1
1.4667399911425718,0.1,1.0,9,0,True,dp,0.007945461999952386,0.03656632499951229,4.4404326178873466e-07,True,4.343045705185679e-07,0,0,2,1.9960669042343744,1.8285504755198128,1.9960669042343744,2.965404975509903,0.1675164287145614,PL_equal,20,29,1.44176980353435,11,9
1.313888921608333,1.0,0.75,26,0,True,dp,0.007499178999751166,0.006717559999742662,6.307227179758179e-06,True,2.161184804957911e-06,0,0,1,1.6147757889635113,1.4999546904726266,1.5435268711323789,1.6451755753133943,0.11482109849088451,PL_equal,50,29,1.44176980353435,3,4
0.8970334552858421,10.0,0.5,76,0,True,dp,0.006973223999921174,0.013606864999928803,4.1819827484301797e-07,True,1.103035242214683e-06,0,0,1,1.524061754714443,1.5313604187965175,1.5740811056889483,1.4427070565349915,-0.007298664082074791,PL_equal,100,29,1.44176980353435,1,0
0.8477887021848955,0.01,1.0,238,0,True,dp,0.007697993999499886,0.0011955059999309015,2.326690882128394e-06,True,2.3484763563834262e-06,0,0,2,1.5227413348226253,1.4533259033106596,1.5227413348226253,1.4533266510551448,0.06941543151196515,PL_equal,300,29,1.44176980353435,1,1
1.1598951858055022,0.01,1.0,12,0,True,dp,0.00689127500027098,0.03084463000050164,2.7947478858355917e-06,True,9.597296494851536e-07,0,0,8,1.5681187870536006,1.432837985242635,1.5681187870536006,1.4443934188608167,0.1352808018109661,PL_unequal,20,0,1.313478468711777,3,5
0.8673000736991373,1.0,0.0,39,0,True,dp,0.006731864000357746,0.006875287000184471,6.257313376126228e-07,True,2.749595984953585e-06,0,0,6,1.540157998798587,1.4075520683985496,1.7917594692280547,1.3651054268233216,0.13260593040003765,PL_unequal,50,0,1.313478468711777,4,6
1.0222857715118254,0.01,1.0,68,0,True,dp,0.008183844999621215,0.02658020199942257,1.7136857057781577e-06,True,3.5511132766783816e-07,0,0,3,1.5601916328954422,1.3549245983646734,1.5601916328954422,1.367184542988972,0.20526703453076833,PL_unequal,100,0,1.313478468711777,5,4
0.9070742054705017,0.01,1.0,226,0,True,dp,0.0072103060001609265,0.0872194359999412,3.431386653082692e-05,True,1.2408030732957988e-05,0,0,2,1.5277921395005725,1.3280535217222342,1.5277921395005725,1.3405552689360904,0.1997386177783381,PL_unequal,300,0,1.313478468711777,4,2
1.0722570606875816,0.01,0.75,13,0,True,dp,0.007128855000701151,0.09570516399980988,6.681570394518645e-07,True,5.987423893950924e-07,0,0,7,2.060371121937605,1.628705758758406,1.9101860648996116,1.6574356073527439,0.43166536317919907,PL_unequal,20,1,1.3845668446268173,21,22
1.0893291224406554,0.01,1.0,32,0,True,dp,0.006616886000301747,0.06345163300011336,2.4353886724816365e-07,True,6.681873891485163e-07,0,0,6,1.6395406089207265,1.435785416178148,1.6395406089207265,1.460251297297437,0.20375519274257833,PL_unequal,50,1,1.3845668446268173,3,5
1.0387424048763245,0.01,0.5,67,0,True,dp,0.0067930269997305,0.10003295600017736,2.8434552628957277e-07,True,4.4107548007512154e-06,0,0,1,1.5773837069012766,1.4055639690944117,1.575483811798591,1.4304898612737262,0.1718197378068648,PL_unequal,100,1,1.3845668446268173,0,1
0.9222615991512179,1.0,0.75,223,0,True,dp,0.006770091999896977,0.03993892800008325,3.2761419761495603e-06,True,1.3845504202901066e-06,0,0,1,1.5578635943082424,1.3913678104553788,1.55226116211111,1.3885226179118049,0.16649578385286362,PL_unequal,300,1,1.3845668446268173,1,0
1.5897120641673679,100.0,0.0,8,0,True,dp,0.0065339310003764695,0.00040292499943461735,9.720745941521614e-08,True,5.457617946270907e-07,0,0,9,1.9051421533524284,1.773949588280624,1.7917594692280547,3.8394340825674327,0.13119256507180416,PL_unequal,20,2,1.3786977157203724,8,3
1.313888921608333,0.1,0.75,26,0,True,dp,0.006625072000133514,0.061547735999738507,3.3830988932503914e-06,True,6.482339510332966e-06,0,0,5,1.712660513623332,1.5696988423647935,1.6169404146272444,1.6071884064515292,0.14296167125853856,PL_unequal,50,2,1.3786977157203724,4,7
1.0222857715118254,1.0,0.5,68,0,True,dp,0.0075152400004299125,0.027916541999729816,1.0016005220880864e-05,True,5.3716460450160915e-06,0,0,3,1.6194842076431277,1.4165872536815245,1.599577244218464,1.4313910727640837,0.2028969539616029,PL_unequal,100,2,1.3786977157203724,3,2
0.8870584168981075,0.01,0.75,230,0,True,dp,0.00662283500059857,0.0879469359997529,1.7516403307505854e-06,True,3.061479812783885e-06,0,0,4,1.6264750430808244,1.3923488160280175,1.6079677059542539,1.409114468718246,0.23412622705280717,PL_unequal,300,2,1.3786977157203724,6,2
0.912119656648635,100.0,0.0,15,0,True,dp,0.00642530299955979,0.008196918999601621,1.7455230277851896e-07,True,2.659582639289061e-06,0,0,7,1.7438305109493477,1.78132969823145,1.7917594692280547,1.6411452380345235,-0.0374991872821025,PL_unequal,20,3,1.3440880861164515,12,9
1.0893291224406554,0.01,1.0,32,0,True,dp,0.007184735000009823,0.09033261400054471,1.1869370783491873e-06,True,3.7180113958442193e-06,0,0,4,1.6793011218898104,1.4771382715538612,1.6793011218898104,1.5025418715436973,0.20216285033594925,PL_unequal,50,3,1.3440880861164515,8,6
0.8526439450191873,0.01,0.5,79,0,True,dp,0.0071739960003469605,0.09193021899955056,9.401517111058862e-06,True,2.032552291225826e-06,0,0,7,1.6673656385308646,1.3912583378559136,1.6531627574336138,1.4159928385435043,0.27610730067495115,PL_unequal,100,3,1.3440880861164515,11,6
0.8000264864208688,0.01,0.75,248,0,True,dp,0.007178310999734094,0.07522220200007723,1.2236803580114447e-05,True,2.049374180169734e-06,0,0,7,1.5866201380553246,1.363453408333156,1.588175079941375,1.388697644501694,0.22316672972216817,PL_unequal,300,3,1.3440880861164515,7,2
1.2538954107199929,100.0,0.0,11,0,True,dp,0.006986040999436227,0.0006189179994180449,2.8508757132783558e-08,True,2.9880119567243286e-06,0,0,3,1.7541372702138365,1.7774449037474667,1.7917594692280547,3.536001374160599,-0.023307633533630027,PL_unequal,20,4,1.3368312312835948,9,10
0.9899410379560304,10.0,0.25,35,0,True,dp,0.006673361000139266,0.03599172099984571,2.2155650558630668e-07,True,4.7671395438972235e-06,0,0,6,1.7782047998550174,1.6119698134431728,1.7110631240788157,1.4457980060530953,0.16623498641184475,PL_unequal,50,4,1.3368312312835948,12,8
0.9583137114690059,0.01,1.0,72,0,True,dp,0.007122637999600556,0.06285090599976684,3.2130071899675455e-07,True,1.4751896989092191e-06,0,0,6,1.6545005904062255,1.3655067306159083,1.6545005904062255,1.3816656653556634,0.2889938597903171,PL_unequal,100,4,1.3368312312835948,8,2
0.8771477314305962,0.01,0.75,232,0,True,dp,0.007269581999935326,0.0838521089999631,1.9910798086325045e-05,True,8.501315282897541e-05,0,0,3,1.5389486417166145,1.3608339276974037,1.5435027803147965,1.377605546914824,0.17811471401921097,PL_unequal,300,4,1.3368312312835948,1,4
1.1598951858055022,0.01,0.0,12,0,True,dp,0.017311411000264343,0.09724225600075442,1.4466369349782834e-06,True,9.078301280435951e-06,0,0,13,1.8801305920352807,1.5971569067587925,1.7917594692280547,1.6058047221675644,0.2829736852764887,PL_unequal,20,5,1.3340597001224346,15,16
1.1241402853321296,0.01,0.5,31,0,True,dp,0.007433034000314365,0.08750135700029205,3.49402812762278e-07,True,1.9924322765719797e-07,0,0,3,1.8298581038221142,1.592961724146409,1.6855230745329963,1.6002006372781106,0.2368963796757053,PL_unequal,50,5,1.3340597001224346,14,11
0.8381224961879935,10.0,0.5,80,0,True,dp,0.00995343800059345,0.005919223999626411,1.4913844582409297e-05,True,2.49854348486191e-05,0,0,6,1.692308059463103,1.529129658412902,1.6680094280169444,1.4039677629186442,0.1631784010502012,PL_unequal,100,5,1.3340597001224346,12,8
0.8189630344315343,1.0,0.75,244,0,True,dp,0.010458953000124893,0.03591000600044936,9.135567578977266e-06,True,2.2042807719331275e-07,0,0,4,1.5875837989474526,1.3779996033390334,1.5867530352881438,1.3712866346436439,0.20958419560841923,PL_unequal,300,5,1.3340597001224346,6,2
0.7673975001579416,1.0,0.0,17,0,True,dp,0.015907808000520163,0.06005964300038613,1.255081637507871e-06,True,3.767663670571457e-07,0,0,11,1.7582833392056199,1.5510772064757754,1.7917594692280547,1.5144567501853103,0.2072061327298442,PL_unequal,20,6,1.3749607745279642,14,11
1.055397213651945,0.01,1.0,33,0,True,dp,0.007345080999584752,0.07596854900020844,3.0243034024992135e-06,True,2.8328724803645064e-06,0,0,4,1.6295409849188234,1.395875571816257,1.6295409849188234,1.4079622362080855,0.23366541310256622,PL_unequal,50,6,1.3749607745279642,6,4
1.0387424048763245,0.01,1.0,67,0,True,dp,0.007398124000246753,0.07126439400053641,6.619073376478313e-07,True,1.4340358830400176e-06,0,0,5,1.6423051072060466,1.4295349352079596,1.6423051072060466,1.4419517250465668,0.2127701719980872,PL_unequal,100,6,1.3749607745279642,5,2
0.9020455301245363,0.01,1.0,227,0,True,dp,0.007095577999280067,0.06596738400003233,4.3077055060884543e-05,True,7.4328418317348045e-06,0,0,3,1.5757473358683156,1.3915267436045864,1.5757473358683156,1.4040713113531074,0.18422059226372897,PL_unequal,300,6,1.3749607745279642,2,1
1.3555922461675458,1.0,0.25,10,0,True,dp,0.00682378500005143,0.032222286999967764,1.5443087315047954e-06,True,9.544147587961577e-07,0,0,3,1.944424677797308,1.555081815442377,1.6941783446904628,1.6577228556921022,0.3893428623549314,PL_unequal,20,7,1.3629067738601517,11,8
0.8673000736991373,0.01,1.0,39,0,True,dp,0.007158254000387387,0.10405750799964153,1.5979008101442427e-06,True,3.336509248761777e-06,0,0,7,1.6810942607746968,1.4463507904706066,1.6810942607746968,1.458433984018253,0.23474347030409043,PL_unequal,50,7,1.3629067738601517,11,8
0.882095113649017,0.01,0.75,77,0,True,dp,0.008134120000249823,0.08798234400001093,1.7829069747276119e-06,True,5.866258055891867e-06,0,0,4,1.593927140458471,1.389401672742822,1.5841485716311572,1.401600151967398,0.20452546771564906,PL_unequal,100,7,1.3629067738601517,5,3
0.7444677178208173,0.01,0.75,260,0,True,dp,0.007279719000507612,0.0957511449996673,5.015137063879918e-06,True,5.696096560293433e-06,0,0,1,1.5509388342974848,1.3671710267448771,1.5675225596658167,1.379647058074876,0.18376780755260785,PL_unequal,300,7,1.3629067738601517,1,2
1.7278340966213648,1.0,0.0,7,0,True,dp,0.007992617000127211,0.015383263999865449,6.350559417778179e-07,True,9.811259780525542e-08,0,0,4,2.159975383340334,1.5337152796037656,1.7917594692280547,3.1712401983008935,0.6262601037365683,PL_unequal,20,8,1.3579176156549528,14,12
0.9899410379560304,0.01,0.5,35,0,True,dp,0.006871929000226373,0.030867767999552598,2.717320097791326e-06,True,1.0644191531024023e-06,0,0,8,1.6529772585535794,1.4060117548937436,1.6222251430672734,1.4218855339565493,0.2469655036598362,PL_unequal,50,8,1.3579176156549528,8,8
0.912119656648635,1.0,0.5,75,0,True,dp,0.007544275999862293,0.031333863000327256,2.9016277222626563e-07,True,6.112294157846391e-07,0,0,7,1.6056443829670792,1.3892144198437972,1.6122915853855988,1.3912879153717754,0.21642996312328217,PL_unequal,100,8,1.3579176156549528,8,3
0.8673000736991373,0.01,1.0,234,0,True,dp,0.006770501999199041,0.06402668200007611,1.153687100674105e-05,True,5.270521117653957e-07,0,0,2,1.5609732005673664,1.3672937324949257,1.5609732005673664,1.3840675469106964,0.1936794680724407,PL_unequal,300,8,1.3579176156549528,3,1
1.2538954107199929,0.01,0.5,11,0,True,dp,0.00666005099992617,0.13600151399987226,7.696709741523977e-07,True,1.979826730902568e-06,0,0,6,1.7441061069280768,2.0794419694587196,1.6169159616160274,3.670107644264609,-0.3353358625306428,PL_unequal,20,9,1.3520281495558049,9,11
0.8970334552858421,0.01,0.0,38,0,True,dp,0.008430144999692857,0.07990143500046543,5.775779596504937e-07,True,9.59418754392785e-07,0,0,7,1.6653445239219626,1.3866307369297663,1.7917594692280547,1.3941581038463142,0.2787137869921967,PL_unequal,50,9,1.3520281495558049,9,6
0.8970334552858421,0.01,1.0,76,0,True,dp,0.007004837999375013,0.07526269699974364,6.50681931706025e-07,True,1.8319563953774289e-06,0,0,3,1.602103665324311,1.375236103609664,1.602103665324311,1.3831385009497013,0.22686756171464703,PL_unequal,100,9,1.3520281495558049,6,5
0.8381224961879935,0.01,1.0,240,0,True,dp,0.0078458749994752,0.09593309699994279,2.968339847304706e-06,True,9.855304061930622e-07,0,0,3,1.5707802975158438,1.3555484769629307,1.5707802975158438,1.3638052530062972,0.21523182055291337,PL_unequal,300,9,1.3520281495558049,5,4
1.2538954107199929,0.1,0.75,11,0,True,dp,0.007783482999911939,0.02703528300025937,5.269249789404892e-07,True,4.6135381219437087e-07,0,0,4,1.8462985829017562,1.620992605660726,1.72536795671065,2.732853946912317,0.2253059772410302,PL_unequal,20,10,1.3719535180837752,10,10
0.9273584526004837,0.01,1.0,37,0,True,dp,0.007839656000214745,0.014898993000315386,2.8893932149049242e-06,True,5.09226546033966e-06,0,0,3,1.7090962162545358,1.460084867679572,1.7090962162545358,1.4599738800973288,0.2490113485749642,PL_unequal,50,10,1.3719535180837752,10,7
0.9583137114690059,0.01,1.0,72,0,True,dp,0.00658013900010701,0.014949166999940644,1.4022829284629501e-06,True,1.8042591162709774e-06,0,0,4,1.677979276337216,1.3995943607395547,1.677979276337216,1.399418970712174,0.2783849155976612,PL_unequal,100,10,1.3719535180837752,9,5
0.7673975001579416,0.01,1.0,255,0,True,dp,0.006373287000315031,0.035267673999442195,8.36821067344692e-06,True,1.1258938252555913e-05,0,0,2,1.5775612279184243,1.3774898084593823,1.5775612279184243,1.377420880586691,0.20007141945904208,PL_unequal,300,10,1.3719535180837752,3,1
1.3555922461675458,1.0,0.0,10,0,True,dp,0.007271439000760438,0.006354072000249289,2.6900615579528164e-07,True,7.717426192738266e-07,0,0,8,1.9634029692436539,1.6111341378464095,1.7917594692280547,1.8208096800859825,0.3522688313972443,PL_unequal,20,11,1.3357335202391276,12,16
0.8673000736991373,1.0,0.0,39,0,True,dp,0.02030152099996485,0.010884987999816076,1.5412277826754028e-06,True,4.45258343722059e-06,0,0,4,1.6177813553946598,1.414629657363918,1.7917594692280547,1.4108270302598387,0.2031516980307419,PL_unequal,50,11,1.3357335202391276,6,4
0.8970334552858421,0.01,1.0,76,0,True,dp,0.011260347000643378,0.04902062700057286,1.748120528609863e-06,True,1.2532108337028014e-06,0,0,4,1.5478331412795177,1.3844538307595362,1.5478331412795177,1.409478059369071,0.1633793105199813,PL_unequal,100,11,1.3357335202391276,5,7
0.8870584168981075,0.01,1.0,230,0,True,dp,0.010596399999485584,0.0264313609995952,1.0371037165852331e-05,True,4.686586415421881e-06,0,0,4,1.5373256721825648,1.345643981684839,1.5373256721825648,1.370901087655674,0.191681690497726,PL_unequal,300,11,1.3357335202391276,2,2
1.5897120641673679,1.0,0.75,8,0,True,dp,0.0070468799995069276,0.002486719000444282,6.730317918535178e-07,True,1.0952765126500273e-07,0,0,8,1.9639614997266213,1.4714522527569953,1.7674728599633405,4.551578950364012,0.49250924696962556,PL_unequal,20,12,1.3507143856210815,10,4
0.8970334552858421,10.0,0.25,38,0,True,dp,0.007033174999378389,0.0005227249994277372,7.264427341446833e-06,True,2.2937407710264845e-06,0,0,3,1.6101769664218837,1.6006747456867256,1.6819660518894044,1.385383253578495,0.009502220735158167,PL_unequal,50,12,1.3507143856210815,6,5
0.9583137114690059,0.01,0.5,72,0,True,dp,0.0071565230000487645,0.026750781999908213,1.7535669872524584e-06,True,3.2976586208399746e-06,0,0,6,1.6343760024653764,1.382383649234692,1.6185878386219459,1.3903020010295355,0.2519923532306842,PL_unequal,100,12,1.3507143856210815,6,2
0.9020455301245363,0.01,0.75,227,0,True,dp,0.007909625999673153,0.014214161000381864,2.2157913904165966e-06,True,1.8292592634159996e-06,0,0,3,1.6041617700672381,1.3870258706860055,1.5894349335476738,1.3869253503765513,0.21713589938123312,PL_unequal,300,12,1.3507143856210815,5,6
1.0722570606875816,1.0,0.25,13,0,True,dp,0.006590978000531322,0.006780288999834738,1.5736352410034016e-07,True,1.0067964868252703e-06,0,0,8,1.8234023115256495,1.555313815915945,1.7101964539504209,1.5690629657626578,0.2680884956097045,PL_unequal,20,13,1.3424391033339549,13,11
0.9899410379560304,0.01,0.75,35,0,True,dp,0.0069167089995971764,0.02697319900016737,7.754368779328154e-07,True,4.603563702690529e-06,0,0,3,1.7183133670586777,1.4968156272171609,1.6642023781385393,1.521553766692887,0.22149773984151677,PL_unequal,50,13,1.3424391033339549,11,10
0.882095113649017,0.01,0.75,77,0,True,dp,0.006439778000640217,0.030808599000010872,8.56433791805505e-06,True,3.246476222517073e-06,0,0,4,1.6173026609701702,1.399127198375724,1.6016802120149316,1.4238872968523697,0.21817546259444606,PL_unequal,100,13,1.3424391033339549,7,5
0.7673975001579416,0.01,0.5,255,0,True,dp,0.007516970999859041,0.013999220999721729,2.6055999274071564e-06,True,3.2868800599840854e-06,0,0,3,1.5721894454173186,1.3539826885444588,1.6191080622881178,1.3539463052526892,0.21820675687285995,PL_unequal,300,13,1.3424391033339549,4,1
1.3555922461675458,1.0,0.25,10,0,True,dp,0.007332396000492736,0.003892534000442538,3.2643246816177474e-06,True,5.087992076331836e-07,0,0,6,2.1131959124451676,1.551296398841294,1.7363711533524278,2.9893735625338658,0.5618995136038736,PL_unequal,20,14,1.367348626967204,16,10
1.3555922461675458,0.01,1.0,25,0,True,dp,0.007898765999925672,0.058775827000317804,6.993098181015678e-07,True,1.7486301523474595e-06,0,0,2,1.7939539384727103,1.5239485127656436,1.7939539384727103,1.5459481723433754,0.27000542570706687,PL_unequal,50,14,1.367348626967204,6,6
1.1241402853321296,0.01,0.75,62,0,True,dp,0.006822970000030182,0.0427237089998016,2.964957856468886e-06,True,1.8700673052698882e-06,0,0,1,1.6780991653022765,1.4665393839727288,1.61666534796721,1.4874859003648642,0.2115597813295479,PL_unequal,100,14,1.367348626967204,6,5
0.9793212000320092,1.0,1.0,212,0,True,dp,0.009097424999708892,0.021981712000524567,2.3452345856433965e-06,True,2.5055670998263327e-06,0,0,3,1.5912733296357815,1.4004409747399742,1.5912733296357815,1.3976975131084757,0.19083235489580727,PL_unequal,300,14,1.367348626967204,3,4
1.5897120641673679,0.1,0.75,8,0,True,dp,0.007619607999913569,0.07450739199975942,4.563681640923356e-07,True,5.514930878158682e-07,0,0,6,1.9886020367212154,1.6860742335761931,1.7859532627092858,4.419302774504327,0.3025278031450219,PL_unequal,20,15,1.3348118524015204,10,12
1.1966647828941337,1.0,1.0,29,0,True,dp,0.0065138830004798365,0.00511716199980583,3.742385410454574e-07,True,2.295277355258306e-06,0,0,4,1.593312470586892,1.3968052606636598,1.593312470586892,1.397884980407964,0.1965072099232322,PL_unequal,50,15,1.3348118524015204,3,1
1.0722570606875816,1.0,1.0,65,0,True,dp,0.008185902999684913,0.019015451000086614,4.832671951504608e-07,True,5.754887279181136e-06,0,0,3,1.5982283287812575,1.3797736029461887,1.5982283287812575,1.3704383396571038,0.21845472583506856,PL_unequal,100,15,1.3348118524015204,4,1
0.8623994750376249,0.01,0.75,235,0,True,dp,0.01679435099958937,0.04170112099927792,5.210350950404438e-06,True,7.640015014059675e-07,0,0,0,1.550691324505702,1.36422220882587,1.5540519575811682,1.3641435466745173,0.18646911567983188,PL_unequal,300,15,1.3348118524015204,2,2
2.071685112066726,0.1,1.0,5,0,True,dp,0.007125329999325913,0.043327325000063865,1.0581835161449504e-06,True,2.9821458257974395e-06,0,0,3,2.5280730512527096,2.153574959048534,2.5280730512527096,6.1174376526305965,0.3744980922041765,PL_unequal,20,16,1.3252573213258128,15,14
1.0893291224406554,1.0,0.25,32,0,True,dp,0.0070851389991730684,0.006800372999350657,2.0299515978150495e-06,True,1.2791284651446946e-06,0,0,4,1.6400852734819469,1.4284353795273228,1.6617641546848845,1.441638525778496,0.21164989395462397,PL_unequal,50,16,1.3252573213258128,6,4
1.0387424048763245,1.0,0.5,67,0,True,dp,0.007571764999738662,0.014327804999993532,4.928703654927258e-08,True,1.5392359477566461e-06,0,0,1,1.6111428350597572,1.3906298667980554,1.5923633758778313,1.3902666381813902,0.22051296826170183,PL_unequal,100,16,1.3252573213258128,6,5
0.8285143313903037,0.01,1.0,242,0,True,dp,0.006490928999483003,0.03640339799949288,4.061395360455567e-05,True,1.2628689381717281e-05,0,0,3,1.5543979489832382,1.3350660035755115,1.5543979489832382,1.3432972855349814,0.2193319454077266,PL_unequal,300,16,1.3252573213258128,4,1
1.1598951858055022,0.1,0.5,12,0,True,dp,0.006965024000237463,0.047233540999513934,2.2264986490605487e-07,True,3.2913553893646555e-07,0,0,7,2.077312773622217,1.7658890037765274,1.8022834424179137,1.79288965382075,0.3114237698456894,PL_unequal,20,17,1.3474545722163866,21,20
0.6730151546658967,0.01,0.5,46,0,True,dp,0.006513803000416374,0.03484146500068164,3.192806716991771e-06,True,7.664512063599112e-06,0,0,11,1.6709336789118403,1.3987569182476103,1.6822242910751026,1.4139545728458407,0.27217676066423013,PL_unequal,50,17,1.3474545722163866,11,6
0.7536032138465155,0.01,1.0,86,0,True,dp,0.008375538000109373,0.04037118899941561,5.804798094246819e-06,True,5.550128178343831e-07,0,0,5,1.5865949359666407,1.3593444828356716,1.5865949359666407,1.3754057604001317,0.22725045313096934,PL_unequal,100,17,1.3474545722163866,7,2
0.7173421184902523,0.01,0.75,266,0,True,dp,0.00696318100017379,0.03424776999963797,1.5738269965436674e-06,True,2.142591105825591e-05,0,0,2,1.5395209281832085,1.352206564899716,1.561835524932977,1.3688329495587719,0.187314363283493,PL_unequal,300,17,1.3474545722163866,2,0
1.0722570606875816,1.0,0.5,13,0,True,dp,0.00852497100004257,0.0006841340000391938,2.525024998534242e-07,True,2.83412673650112e-07,0,0,7,1.7810481576284902,1.476606042265111,1.6710377675602912,1.4395270117642842,0.3044421153633791,PL_unequal,20,18,1.3590474176882676,12,11
1.055397213651945,1.0,0.25,33,0,True,dp,0.011421273000451038,0.000855279999996128,2.046064699862127e-06,True,8.980459114888114e-07,0,0,5,1.6738676678922049,1.478913904725709,1.6753572161788501,1.5015709692328723,0.19495376316649612,PL_unequal,50,18,1.3590474176882676,7,10
0.9740406200878108,0.01,0.75,71,0,True,dp,0.006833432999883371,0.02947143699930166,7.846287399942975e-07,True,9.391746866748537e-07,0,0,2,1.6152365439867349,1.3985794135053509,1.5888925656159427,1.414860885436491,0.21665713048138419,PL_unequal,100,18,1.3590474176882676,6,6
0.8920378078509089,1.0,1.0,229,0,True,dp,0.006591266000214091,0.005916332000197144,4.288958851447755e-05,True,2.7429649498077336e-06,0,0,2,1.5755484954429184,1.3800995706311163,1.5755484954429184,1.371550710698641,0.19544892481180232,PL_unequal,300,18,1.3590474176882676,2,2
1.5897120641673679,1.0,0.5,8,0,True,dp,0.0074841750001723995,0.010798678999890399,8.641149160659722e-07,True,8.116719741804536e-07,0,0,9,2.003704301330805,1.4767247938197763,1.6761079571446702,1.6017527667691567,0.5269795075110287,PL_unequal,20,19,1.329231046657505,11,6
0.8970334552858421,0.1,0.25,38,0,True,dp,0.006719996999891009,0.02996327700020629,6.506024026187163e-07,True,6.784220738463389e-07,0,0,3,1.630808735893458,1.379595762067007,1.687123994257298,1.3871957691935168,0.251212973826451,PL_unequal,50,19,1.329231046657505,8,7
0.912119656648635,0.01,1.0,75,0,True,dp,0.008613527999841608,0.03218456400009018,3.131183234996479e-06,True,1.5201461520665859e-06,0,0,3,1.544532365971621,1.3413984443801845,1.544532365971621,1.3533017387558894,0.20313392159143615,PL_unequal,100,19,1.329231046657505,4,3
0.8047402165437618,0.01,0.5,247,0,True,dp,0.008878364000338479,0.04191125099987403,5.370184783110021e-07,True,5.571120439121336e-07,0,0,2,1.5173282898421308,1.3338823033934775,1.5858729552504327,1.333767795813044,0.18344598644865318,PL_unequal,300,19,1.329231046657505,1,1
1.2538954107199929,100.0,0.0,11,0,True,dp,0.006811912000557641,0.00041520899958413793,6.596166635119971e-08,True,2.3357640655185537e-06,0,0,6,1.843163844374956,1.7784827204475229,1.7917594692280547,1.5421633176463103,0.06468112392743314,PL_unequal,20,20,1.3427541714022229,10,8
1.055397213651945,10.0,0.25,33,0,True,dp,0.006893945000228996,0.013221979000263673,9.574501191877971e-08,True,2.2200238174091265e-07,0,0,3,1.6226809030300855,1.603917788496238,1.6625605249633204,1.408859257565564,0.01876311453384777,PL_unequal,50,20,1.3427541714022229,5,4
1.055397213651945,0.01,0.75,66,0,True,dp,0.007248365000123158,0.024569773999246536,6.432468371451658e-07,True,9.209748979598644e-07,0,0,2,1.5889081921932233,1.3890693905880338,1.5587790591856974,1.388939050696018,0.19983880160518935,PL_unequal,100,20,1.3427541714022229,3,3
0.9171820612456199,0.01,0.75,224,0,True,dp,0.006522302999655949,0.0376724550005747,8.131429498365456e-07,True,7.189454291541399e-07,0,0,2,1.550466611198087,1.3495179179051497,1.5473317000879119,1.3494696111613222,0.20094869329293716,PL_unequal,300,20,1.3427541714022229,1,1
0.8381224961879935,1.0,1.0,16,0,True,dp,0.006737919000443071,0.006537880999530898,2.692046724428465e-08,True,6.456479675409939e-07,0,0,7,1.8544847624754799,1.5453322429652738,1.8544847624754799,1.4794648556244268,0.30915251951020617,PL_unequal,20,21,1.3502898847512934,18,13
1.0222857715118254,0.01,1.0,34,0,True,dp,0.006993466000494664,0.042998189000172715,2.4439052216790043e-07,True,2.474676470174263e-06,0,0,6,1.6450413519309237,1.3587237052008543,1.6450413519309237,1.3658495375828252,0.28631764673006893,PL_unequal,50,21,1.3502898847512934,6,2
0.8094674592999695,0.01,0.25,82,0,True,dp,0.0072791999991750345,0.05477139999948122,9.719852646552368e-07,True,1.5470448257807376e-06,0,0,9,1.7260968379775388,1.419489209289543,1.72224231893871,1.4272225478055198,0.306607628687996,PL_unequal,100,21,1.3502898847512934,14,7
0.7906390217811927,0.01,0.5,250,0,True,dp,0.007598893000249518,0.04623335100041004,1.3623077488433138e-06,True,5.043907459966112e-06,0,0,5,1.5769410433375624,1.3689324692774707,1.617894508546167,1.3771495526520565,0.2080085740600919,PL_unequal,300,21,1.3502898847512934,4,3
1.2538954107199929,0.01,1.0,11,0,True,dp,0.008496046999425744,0.06521737500042946,5.977112678748602e-07,True,1.093354734274404e-06,0,0,5,1.7127587216600768,1.7295682265188865,1.7127587216600768,2.716585568048472,-0.016809504858809474,PL_unequal,20,22,1.3585043422461789,7,6
1.1241402853321296,1.0,0.5,31,0,True,dp,0.007003501000326651,0.006777491999855556,1.8202012074253204e-06,True,3.3584194075416887e-06,0,0,4,1.6960854098675904,1.4492827898813485,1.618636727555735,1.4727615688400346,0.24680261998624234,PL_unequal,50,22,1.3585043422461789,8,8
0.9740406200878108,0.01,0.75,71,0,True,dp,0.0072889670000222395,0.04273764400022628,1.2552427909456876e-06,True,4.7124237644224545e-06,0,0,6,1.6342303360784471,1.386645368189522,1.6031379096847267,1.3906140696112046,0.24758496788892523,PL_unequal,100,22,1.3585043422461789,6,4
0.9324728062169332,0.01,1.0,221,0,True,dp,0.007241998999234056,0.04212467799970909,3.66567263487827e-07,True,7.709320833795247e-07,0,0,1,1.5981200902147357,1.3798923967815475,1.5981200902147357,1.3839962207591103,0.2182276934331882,PL_unequal,300,22,1.3585043422461789,4,3
1.3555922461675458,1.0,0.5,10,0,True,dp,0.007852183999602858,0.003003675999934785,5.56388070505065e-07,True,1.0644281904361592e-06,0,0,6,1.762775316810857,1.4610862543454242,1.605342514822467,1.4007026087009227,0.301689062465433,PL_unequal,20,23,1.3498303139161771,8,4
1.0893291224406554,100.0,0.0,32,0,True,dp,0.007966262999616447,0.0007165890001488151,1.0251684934292626e-06,True,5.859287244146736e-07,0,0,3,1.6662291724205225,1.758073880970758,1.7917594692280547,1.4308937485889015,-0.09184470855023534,PL_unequal,50,23,1.3498303139161771,5,2
0.8970334552858421,0.01,1.0,76,0,True,dp,0.009911543000271195,0.050286057999983313,2.1214122276525145e-06,True,2.5018603141771417e-06,0,0,3,1.5747441449380928,1.3888414909123659,1.5747441449380928,1.3925598415050635,0.18590265402572706,PL_unequal,100,23,1.3498303139161771,4,3
0.7490294769803351,0.01,0.75,259,0,True,dp,0.008118748999550007,0.026502677000280528,1.3998678790212715e-06,True,3.471480268734513e-05,0,0,4,1.5796989225660634,1.357056663541678,1.5886018714908947,1.3610612419864498,0.22264225902438534,PL_unequal,300,23,1.3498303139161771,6,2
1.3555922461675458,0.01,1.0,10,0,True,dp,0.0073339439995834255,0.030772911999520147,2.661928198650909e-06,True,5.600021969824578e-07,0,0,3,1.9864480374285018,2.0992696601462066,1.9864480374285018,2.140344766661495,-0.1128216227177046,PL_unequal,20,24,1.3764985399662253,14,13
1.0222857715118254,0.01,0.0,34,0,True,dp,0.008154108999406162,0.04699019500003487,2.8500306348457766e-06,True,2.1138064909628194e-06,0,0,2,1.8638105070344542,1.5880160614823704,1.7917594692280547,1.6006236209834528,0.27579444555208366,PL_unequal,50,24,1.3764985399662253,15,13
0.8526439450191873,1.0,0.25,79,0,True,dp,0.007012947999101016,0.03468036199956259,3.2091972185233075e-07,True,2.081120056155647e-06,0,0,7,1.620896543527319,1.4294370832493772,1.6904826776976634,1.4112053968735032,0.19145946027794156,PL_unequal,100,24,1.3764985399662253,4,5
0.8575141510396485,0.01,1.0,236,0,True,dp,0.03175976900001842,0.015610954000294441,1.0523569097041973e-05,True,1.1851004053754984e-05,0,0,3,1.59927895011598,1.3928666443370752,1.59927895011598,1.3927902712495084,0.20641230577890435,PL_unequal,300,24,1.3764985399662253,4,1
1.3555922461675458,100.0,0.0,10,0,True,dp,0.0077586310007973225,0.000535649000084959,7.052676948005043e-08,True,2.895413235128518e-06,0,0,9,1.9118904638892869,1.7739776715804128,1.7917594692280547,3.1802464212537678,0.13791279230887427,PL_unequal,20,25,1.3506348519873446,10,9
1.1241402853321296,0.01,1.0,31,0,True,dp,0.009831889999986743,0.05089063899959001,3.87115676753029e-07,True,1.8910136007844836e-06,0,0,5,1.6837198667289373,1.4002629780986806,1.6837198667289373,1.4292109751862212,0.2834568886302569,PL_unequal,50,25,1.3506348519873446,8,5
1.1598951858055022,0.01,1.0,60,0,True,dp,0.0073852959994837875,0.0345609220003098,3.300068482925411e-07,True,6.562330100643302e-06,0,0,3,1.6719294061831933,1.4096083738990008,1.6719294061831933,1.4389454921248284,0.26232103228419285,PL_unequal,100,25,1.3506348519873446,7,4
0.8870584168981075,0.01,0.75,230,0,True,dp,0.00749139900017326,0.10845764899931964,2.1137447714040386e-06,True,1.1876094725610466e-05,0,0,3,1.5870009435288588,1.3704647793825055,1.5783621312902796,1.3999751817826835,0.2165361641463533,PL_unequal,300,25,1.3506348519873446,6,3
1.8859754863940756,100.0,0.0,6,0,True,dp,0.025774830999580445,0.007778817000144045,1.6593480989257614e-07,True,2.53448592302004e-07,0,0,6,1.99866030007964,1.7775161586295098,1.7917594692280547,1.6611238091257792,0.22114414145013006,PL_unequal,20,26,1.3077758158348012,8,10
1.313888921608333,10.0,0.25,26,0,True,dp,0.0073655320002217195,0.04393812699981936,8.145437089268626e-07,True,1.391578932577337e-06,0,0,4,1.782953570929378,1.5979915269767406,1.6609937294070678,1.499529979925895,0.18496204395263718,PL_unequal,50,26,1.3077758158348012,11,11
0.9899410379560304,0.01,1.0,70,0,True,dp,0.007426688000123249,0.08843573800004378,1.2820744585972932e-06,True,8.509724995252414e-07,0,0,1,1.5614077125426469,1.3634778083955132,1.5614077125426469,1.379767558874987,0.19792990414713366,PL_unequal,100,26,1.3077758158348012,7,6
0.882095113649017,0.01,0.75,231,0,True,dp,0.006979621999562369,0.09616629199990712,2.5344475004440356e-06,True,2.511613954123871e-06,0,0,2,1.5361499105144603,1.34112560845686,1.5408156491731493,1.3578867936512544,0.1950243020576005,PL_unequal,300,26,1.3077758158348012,6,4
1.4667399911425718,0.1,0.5,9,0,True,dp,0.007184962999417621,0.08754255799976818,3.3253396041627026e-07,True,2.0117259312493422e-06,0,0,8,2.144207643339774,1.7183756356050488,1.7726688813568954,3.164355907632962,0.4258320077347251,PL_unequal,20,27,1.3232981051953137,15,9
0.8970334552858421,1.0,0.0,38,0,True,dp,0.007023197999842523,0.06413833500027977,8.160136294566023e-06,True,1.8015949759932574e-06,0,0,2,1.5926848140438097,1.492440028008489,1.7917594692280547,1.4860226981529445,0.10024478603532071,PL_unequal,50,27,1.3232981051953137,9,9
0.9273584526004837,0.01,1.0,74,0,True,dp,0.006497197000499,0.0840290369997092,9.84721251619941e-07,True,1.2963636440064288e-06,0,0,3,1.5852938628323714,1.3857871682000127,1.5852938628323714,1.3978137652987164,0.19950669463235876,PL_unequal,100,27,1.3232981051953137,6,5
0.8870584168981075,0.01,0.75,230,0,True,dp,0.006640278999839211,0.054001286999664444,5.169127467704107e-06,True,4.747699728317821e-06,0,0,2,1.523576266720644,1.3376425880965541,1.5307936236841184,1.3501125660293924,0.18593367862409008,PL_unequal,300,27,1.3232981051953137,1,3
1.3555922461675458,1.0,0.0,10,0,True,dp,0.007649002999642107,0.006877203999465564,1.0041198228449844e-07,True,2.0601441496779242e-07,0,0,3,1.7465082098568465,1.4873453949883884,1.7917594692280547,1.5705866102577641,0.2591628148684584,PL_unequal,20,28,1.3648557271747814,7,6
1.0893291224406554,0.1,1.0,32,0,True,dp,0.007274909999978263,0.014187789000061457,2.2968614334789583e-07,True,2.693649640017579e-07,0,0,7,1.631915305063642,1.506735577484594,1.631915305063642,1.5229002492847075,0.1251797275790478,PL_unequal,50,28,1.3648557271747814,6,9
1.1066209089381118,0.01,0.75,63,0,True,dp,0.008467616999951133,0.022741296000276634,2.682051151600695e-06,True,3.2989031325608178e-06,0,0,4,1.6457484664580873,1.4033795068416695,1.5947163604806744,1.4116298819407624,0.24236895961641805,PL_unequal,100,28,1.3648557271747814,5,3
0.8722161056381579,0.01,0.75,233,0,True,dp,0.006458666999606066,0.036922246999893105,6.857420279937892e-06,True,7.651400690378208e-06,0,0,2,1.5539411797925955,1.371519096638233,1.555331574442184,1.3714244957803587,0.18242208315436279,PL_unequal,300,28,1.3648557271747814,0,2
1.2538954107199929,10.0,0.0,11,0,True,dp,0.007222457000352733,0.0005105339996589464,5.007797974077022e-07,True,2.916350553116509e-06,0,0,3,1.9190245167235158,1.6958138605986053,1.7917594692280547,1.7364120539398264,0.2232106561249103,PL_unequal,20,29,1.3345903252228482,14,11
0.9899410379560304,0.01,0.5,35,0,True,dp,0.007002986999395944,0.042958760999681544,5.376567071054689e-07,True,9.669392037162104e-07,0,0,4,1.5861562384915473,1.372952774824917,1.5888146330362574,1.3850764276562304,0.21320346366663068,PL_unequal,50,29,1.3345903252228482,5,3
0.9583137114690059,1.0,0.5,72,0,True,dp,0.007298077999621455,0.010403580000456714,8.283528210098479e-07,True,4.9628367888543346e-06,0,0,7,1.6142514145245273,1.3698226389913999,1.6085255446515212,1.365764041205106,0.24442877553312742,PL_unequal,100,29,1.3345903252228482,7,2
0.8575141510396485,0.01,1.0,236,0,True,dp,0.007269935999829613,0.04602222799985611,6.2697169029013455e-06,True,5.237291032029029e-06,0,0,1,1.531106575108328,1.3411513488675078,1.531106575108328,1.35366264887542,0.18995522624081979,PL_unequal,300,29,1.3345903252228482,2,1
