dgp,N,replicate,algorithm,objective_gap,central_kendall
SM,20,0,borda,3,8
SM,20,0,posest,4,11
SM,20,0,greedy,2,10
SM,20,0,multistart,0,12
SM,50,0,borda,3,7
SM,50,0,posest,7,11
SM,50,0,greedy,3,6
SM,50,0,multistart,0,5
SM,100,0,borda,3,3
SM,100,0,posest,6,7
SM,100,0,greedy,4,6
SM,100,0,multistart,0,3
SM,300,0,borda,0,0
SM,300,0,posest,9,1
SM,300,0,greedy,2,2
SM,300,0,multistart,0,0
SM,20,1,borda,4,13
SM,20,1,posest,8,11
SM,20,1,greedy,3,10
SM,20,1,multistart,0,15
SM,50,1,borda,5,6
SM,50,1,posest,11,14
SM,50,1,greedy,3,6
SM,50,1,multistart,0,10
SM,100,1,borda,6,4
SM,100,1,posest,14,6
SM,100,1,greedy,8,8
SM,100,1,multistart,0,4
SM,300,1,borda,15,3
SM,300,1,posest,9,1
SM,300,1,greedy,0,0
SM,300,1,multistart,0,0
SM,20,2,borda,2,12
SM,20,2,posest,6,15
SM,20,2,greedy,2,14
SM,20,2,multistart,0,14
SM,50,2,borda,6,9
SM,50,2,posest,5,10
SM,50,2,greedy,8,11
SM,50,2,multistart,0,12
SM,100,2,borda,4,3
SM,100,2,posest,9,4
SM,100,2,greedy,7,5
SM,100,2,multistart,0,2
SM,300,2,borda,10,1
SM,300,2,posest,0,0
SM,300,2,greedy,0,0
SM,300,2,multistart,0,0
SM,20,3,borda,1,8
SM,20,3,posest,6,14
SM,20,3,greedy,3,11
SM,20,3,multistart,0,9
SM,50,3,borda,6,5
SM,50,3,posest,10,11
SM,50,3,greedy,3,5
SM,50,3,multistart,0,7
SM,100,3,borda,6,8
SM,100,3,posest,7,6
SM,100,3,greedy,6,10
SM,100,3,multistart,0,6
SM,300,3,borda,16,3
SM,300,3,posest,9,3
SM,300,3,greedy,12,3
SM,300,3,multistart,0,0
SM,20,4,borda,1,14
SM,20,4,posest,5,15
SM,20,4,greedy,2,14
SM,20,4,multistart,0,13
SM,50,4,borda,2,3
SM,50,4,posest,2,6
SM,50,4,greedy,1,3
SM,50,4,multistart,0,4
SM,100,4,borda,4,4
SM,100,4,posest,6,3
SM,100,4,greedy,5,7
SM,100,4,multistart,0,2
SM,300,4,borda,7,1
SM,300,4,posest,0,0
SM,300,4,greedy,14,3
SM,300,4,multistart,0,0
SM,20,5,borda,5,11
SM,20,5,posest,1,11
SM,20,5,greedy,2,12
SM,20,5,multistart,0,11
SM,50,5,borda,8,7
SM,50,5,posest,6,9
SM,50,5,greedy,3,6
SM,50,5,multistart,0,4
SM,100,5,borda,9,3
SM,100,5,posest,8,4
SM,100,5,greedy,3,2
SM,100,5,multistart,0,0
SM,300,5,borda,14,2
SM,300,5,posest,0,0
SM,300,5,greedy,15,4
SM,300,5,multistart,0,0
SM,20,6,borda,2,10
SM,20,6,posest,6,14
SM,20,6,greedy,0,12
SM,20,6,multistart,0,8
SM,50,6,borda,2,8
SM,50,6,posest,5,4
SM,50,6,greedy,4,7
SM,50,6,multistart,0,7
SM,100,6,borda,6,8
SM,100,6,posest,2,5
SM,100,6,greedy,5,10
SM,100,6,multistart,0,7
SM,300,6,borda,9,2
SM,300,6,posest,0,0
SM,300,6,greedy,3,1
SM,300,6,multistart,0,0
SM,20,7,borda,2,14
SM,20,7,posest,2,12
SM,20,7,greedy,1,9
SM,20,7,multistart,0,10
SM,50,7,borda,2,6
SM,50,7,posest,2,5
SM,50,7,greedy,0,5
SM,50,7,multistart,0,4
SM,100,7,borda,3,2
SM,100,7,posest,2,3
SM,100,7,greedy,0,5
SM,100,7,multistart,0,4
SM,300,7,borda,4,2
SM,300,7,posest,0,1
SM,300,7,greedy,6,3
SM,300,7,multistart,0,1
SM,20,8,borda,3,7
SM,20,8,posest,9,14
SM,20,8,greedy,1,10
SM,20,8,multistart,0,9
SM,50,8,borda,4,1
SM,50,8,posest,5,5
SM,50,8,greedy,2,7
SM,50,8,multistart,0,3
SM,100,8,borda,5,2
SM,100,8,posest,1,4
SM,100,8,greedy,7,3
SM,100,8,multistart,0,5
SM,300,8,borda,10,2
SM,300,8,posest,8,1
SM,300,8,greedy,3,1
SM,300,8,multistart,0,0
SM,20,9,borda,2,5
SM,20,9,posest,8,8
SM,20,9,greedy,5,2
SM,20,9,multistart,0,5
SM,50,9,borda,6,4
SM,50,9,posest,8,11
SM,50,9,greedy,8,10
SM,50,9,multistart,0,9
SM,100,9,borda,6,3
SM,100,9,posest,6,4
SM,100,9,greedy,3,4
SM,100,9,multistart,0,4
SM,300,9,borda,0,0
SM,300,9,posest,15,1
SM,300,9,greedy,0,0
SM,300,9,multistart,0,0
SM,20,10,borda,4,14
SM,20,10,posest,3,15
SM,20,10,greedy,3,17
SM,20,10,multistart,0,17
SM,50,10,borda,4,7
SM,50,10,posest,5,7
SM,50,10,greedy,2,11
SM,50,10,multistart,0,4
SM,100,10,borda,4,6
SM,100,10,posest,5,4
SM,100,10,greedy,3,6
SM,100,10,multistart,0,4
SM,300,10,borda,14,2
SM,300,10,posest,12,1
SM,300,10,greedy,14,2
SM,300,10,multistart,0,0
SM,20,11,borda,4,6
SM,20,11,posest,2,4
SM,20,11,greedy,1,7
SM,20,11,multistart,0,6
SM,50,11,borda,6,6
SM,50,11,posest,3,2
SM,50,11,greedy,6,10
SM,50,11,multistart,0,4
SM,100,11,borda,5,2
SM,100,11,posest,0,0
SM,100,11,greedy,7,2
SM,100,11,multistart,0,0
SM,300,11,borda,5,1
SM,300,11,posest,0,0
SM,300,11,greedy,6,2
SM,300,11,multistart,0,0
SM,20,12,borda,4,10
SM,20,12,posest,4,9
SM,20,12,greedy,1,8
SM,20,12,multistart,0,9
SM,50,12,borda,5,7
SM,50,12,posest,2,5
SM,50,12,greedy,3,8
SM,50,12,multistart,0,9
SM,100,12,borda,2,3
SM,100,12,posest,0,2
SM,100,12,greedy,0,3
SM,100,12,multistart,0,2
SM,300,12,borda,14,3
SM,300,12,posest,0,0
SM,300,12,greedy,0,0
SM,300,12,multistart,0,0
SM,20,13,borda,1,15
SM,20,13,posest,4,18
SM,20,13,greedy,1,14
SM,20,13,multistart,0,14
SM,50,13,borda,0,6
SM,50,13,posest,4,8
SM,50,13,greedy,1,8
SM,50,13,multistart,0,6
SM,100,13,borda,4,3
SM,100,13,posest,7,6
SM,100,13,greedy,4,3
SM,100,13,multistart,0,5
SM,300,13,borda,9,3
SM,300,13,posest,8,2
SM,300,13,greedy,2,2
SM,300,13,multistart,0,1
SM,20,14,borda,4,8
SM,20,14,posest,11,13
SM,20,14,greedy,5,11
SM,20,14,multistart,0,8
SM,50,14,borda,3,4
SM,50,14,posest,12,12
SM,50,14,greedy,7,8
SM,50,14,multistart,0,6
SM,100,14,borda,4,3
SM,100,14,posest,11,5
SM,100,14,greedy,2,4
SM,100,14,multistart,0,1
SM,300,14,borda,7,1
SM,300,14,posest,15,2
SM,300,14,greedy,8,2
SM,300,14,multistart,0,0
SM,20,15,borda,5,15
SM,20,15,posest,6,16
SM,20,15,greedy,3,15
SM,20,15,multistart,0,20
SM,50,15,borda,16,16
SM,50,15,posest,14,18
SM,50,15,greedy,13,9
SM,50,15,multistart,0,18
SM,100,15,borda,16,8
SM,100,15,posest,24,12
SM,100,15,greedy,15,4
SM,100,15,multistart,0,12
SM,300,15,borda,12,2
SM,300,15,posest,0,0
SM,300,15,greedy,0,0
SM,300,15,multistart,0,0
SM,20,16,borda,3,5
SM,20,16,posest,5,3
SM,20,16,greedy,0,3
SM,20,16,multistart,0,2
SM,50,16,borda,1,4
SM,50,16,posest,5,4
SM,50,16,greedy,1,3
SM,50,16,multistart,0,4
SM,100,16,borda,1,5
SM,100,16,posest,8,6
SM,100,16,greedy,0,7
SM,100,16,multistart,0,4
SM,300,16,borda,14,2
SM,300,16,posest,0,0
SM,300,16,greedy,5,1
SM,300,16,multistart,0,0
SM,20,17,borda,2,12
SM,20,17,posest,8,12
SM,20,17,greedy,3,9
SM,20,17,multistart,0,16
SM,50,17,borda,1,8
SM,50,17,posest,1,8
SM,50,17,greedy,1,8
SM,50,17,multistart,0,7
SM,100,17,borda,9,3
SM,100,17,posest,1,2
SM,100,17,greedy,0,3
SM,100,17,multistart,0,3
SM,300,17,borda,18,2
SM,300,17,posest,11,2
SM,300,17,greedy,2,1
SM,300,17,multistart,0,0
SM,20,18,borda,4,10
SM,20,18,posest,7,12
SM,20,18,greedy,2,10
SM,20,18,multistart,0,7
SM,50,18,borda,7,5
SM,50,18,posest,13,6
SM,50,18,greedy,3,3
SM,50,18,multistart,0,1
SM,100,18,borda,8,5
SM,100,18,posest,1,1
SM,100,18,greedy,1,1
SM,100,18,multistart,0,2
SM,300,18,borda,20,4
SM,300,18,posest,0,0
SM,300,18,greedy,4,1
SM,300,18,multistart,0,0
SM,20,19,borda,3,7
SM,20,19,posest,3,7
SM,20,19,greedy,2,7
SM,20,19,multistart,0,12
SM,50,19,borda,6,7
SM,50,19,posest,11,8
SM,50,19,greedy,2,3
SM,50,19,multistart,0,9
SM,100,19,borda,9,6
SM,100,19,posest,3,3
SM,100,19,greedy,3,4
SM,100,19,multistart,0,2
SM,300,19,borda,15,3
SM,300,19,posest,15,3
SM,300,19,greedy,9,2
SM,300,19,multistart,0,0
SM,20,20,borda,3,13
SM,20,20,posest,5,14
SM,20,20,greedy,2,13
SM,20,20,multistart,0,11
SM,50,20,borda,8,11
SM,50,20,posest,12,9
SM,50,20,greedy,2,6
SM,50,20,multistart,0,10
SM,100,20,borda,4,6
SM,100,20,posest,6,5
SM,100,20,greedy,0,2
SM,100,20,multistart,0,5
SM,300,20,borda,6,1
SM,300,20,posest,0,0
SM,300,20,greedy,0,0
SM,300,20,multistart,0,0
SM,20,21,borda,4,9
SM,20,21,posest,3,13
SM,20,21,greedy,2,14
SM,20,21,multistart,0,5
SM,50,21,borda,2,5
SM,50,21,posest,2,6
SM,50,21,greedy,2,4
SM,50,21,multistart,0,5
SM,100,21,borda,4,4
SM,100,21,posest,3,4
SM,100,21,greedy,5,6
SM,100,21,multistart,0,2
SM,300,21,borda,5,3
SM,300,21,posest,0,2
SM,300,21,greedy,6,2
SM,300,21,multistart,0,2
SM,20,22,borda,3,7
SM,20,22,posest,5,8
SM,20,22,greedy,5,13
SM,20,22,multistart,0,3
SM,50,22,borda,8,3
SM,50,22,posest,12,8
SM,50,22,greedy,13,10
SM,50,22,multistart,0,2
SM,100,22,borda,6,2
SM,100,22,posest,4,3
SM,100,22,greedy,6,4
SM,100,22,multistart,0,2
SM,300,22,borda,8,1
SM,300,22,posest,0,0
SM,300,22,greedy,0,0
SM,300,22,multistart,0,0
SM,20,23,borda,4,5
SM,20,23,posest,4,3
SM,20,23,greedy,3,5
SM,20,23,multistart,0,8
SM,50,23,borda,4,3
SM,50,23,posest,7,4
SM,50,23,greedy,6,5
SM,50,23,multistart,0,5
SM,100,23,borda,7,3
SM,100,23,posest,6,2
SM,100,23,greedy,3,2
SM,100,23,multistart,0,3
SM,300,23,borda,11,2
SM,300,23,posest,0,1
SM,300,23,greedy,4,1
SM,300,23,multistart,0,1
SM,20,24,borda,4,8
SM,20,24,posest,4,8
SM,20,24,greedy,5,12
SM,20,24,multistart,0,6
SM,50,24,borda,8,7
SM,50,24,posest,6,3
SM,50,24,greedy,1,8
SM,50,24,multistart,0,9
SM,100,24,borda,8,8
SM,100,24,posest,10,7
SM,100,24,greedy,3,4
SM,100,24,multistart,0,2
SM,300,24,borda,0,0
SM,300,24,posest,0,0
SM,300,24,greedy,5,1
SM,300,24,multistart,0,0
SM,20,25,borda,2,10
SM,20,25,posest,2,14
SM,20,25,greedy,1,10
SM,20,25,multistart,0,12
SM,50,25,borda,3,10
SM,50,25,posest,4,10
SM,50,25,greedy,5,11
SM,50,25,multistart,0,8
SM,100,25,borda,11,9
SM,100,25,posest,2,9
SM,100,25,greedy,7,9
SM,100,25,multistart,0,7
SM,300,25,borda,10,4
SM,300,25,posest,17,3
SM,300,25,greedy,8,3
SM,300,25,multistart,0,1
SM,20,26,borda,3,6
SM,20,26,posest,4,6
SM,20,26,greedy,4,9
SM,20,26,multistart,0,3
SM,50,26,borda,2,7
SM,50,26,posest,3,3
SM,50,26,greedy,2,3
SM,50,26,multistart,0,6
SM,100,26,borda,5,2
SM,100,26,posest,6,4
SM,100,26,greedy,0,2
SM,100,26,multistart,0,2
SM,300,26,borda,7,4
SM,300,26,posest,3,3
SM,300,26,greedy,3,3
SM,300,26,multistart,0,1
SM,20,27,borda,4,6
SM,20,27,posest,7,5
SM,20,27,greedy,2,5
SM,20,27,multistart,0,6
SM,50,27,borda,3,8
SM,50,27,posest,7,5
SM,50,27,greedy,2,9
SM,50,27,multistart,0,8
SM,100,27,borda,5,5
SM,100,27,posest,5,4
SM,100,27,greedy,0,4
SM,100,27,multistart,0,4
SM,300,27,borda,14,2
SM,300,27,posest,0,0
SM,300,27,greedy,0,0
SM,300,27,multistart,0,0
SM,20,28,borda,2,13
SM,20,28,posest,1,13
SM,20,28,greedy,1,14
SM,20,28,multistart,0,11
SM,50,28,borda,8,9
SM,50,28,posest,5,10
SM,50,28,greedy,7,16
SM,50,28,multistart,0,5
SM,100,28,borda,9,8
SM,100,28,posest,11,9
SM,100,28,greedy,8,10
SM,100,28,multistart,0,2
SM,300,28,borda,17,3
SM,300,28,posest,8,1
SM,300,28,greedy,14,3
SM,300,28,multistart,0,0
SM,20,29,borda,6,9
SM,20,29,posest,6,11
SM,20,29,greedy,5,8
SM,20,29,multistart,0,9
SM,50,29,borda,0,5
SM,50,29,posest,4,7
SM,50,29,greedy,1,7
SM,50,29,multistart,0,5
SM,100,29,borda,4,2
SM,100,29,posest,6,6
SM,100,29,greedy,6,8
SM,100,29,multistart,0,6
SM,300,29,borda,0,1
SM,300,29,posest,6,3
SM,300,29,greedy,6,4
SM,300,29,multistart,0,1
PL_equal,20,0,borda,1,9
PL_equal,20,0,posest,3,8
PL_equal,20,0,greedy,4,10
PL_equal,20,0,multistart,0,10
PL_equal,50,0,borda,5,6
PL_equal,50,0,posest,4,9
PL_equal,50,0,greedy,4,8
PL_equal,50,0,multistart,0,9
PL_equal,100,0,borda,2,4
PL_equal,100,0,posest,0,7
PL_equal,100,0,greedy,5,6
PL_equal,100,0,multistart,0,6
PL_equal,300,0,borda,7,2
PL_equal,300,0,posest,2,2
PL_equal,300,0,greedy,2,2
PL_equal,300,0,multistart,0,2
PL_equal,20,1,borda,4,9
PL_equal,20,1,posest,4,13
PL_equal,20,1,greedy,4,15
PL_equal,20,1,multistart,0,9
PL_equal,50,1,borda,2,6
PL_equal,50,1,posest,4,5
PL_equal,50,1,greedy,4,5
PL_equal,50,1,multistart,0,5
PL_equal,100,1,borda,5,3
PL_equal,100,1,posest,5,1
PL_equal,100,1,greedy,4,2
PL_equal,100,1,multistart,0,6
PL_equal,300,1,borda,10,2
PL_equal,300,1,posest,6,2
PL_equal,300,1,greedy,15,2
PL_equal,300,1,multistart,0,1
PL_equal,20,2,borda,2,8
PL_equal,20,2,posest,2,6
PL_equal,20,2,greedy,1,6
PL_equal,20,2,multistart,0,4
PL_equal,50,2,borda,3,6
PL_equal,50,2,posest,7,9
PL_equal,50,2,greedy,0,8
PL_equal,50,2,multistart,0,8
PL_equal,100,2,borda,7,3
PL_equal,100,2,posest,0,7
PL_equal,100,2,greedy,3,5
PL_equal,100,2,multistart,0,6
PL_equal,300,2,borda,13,2
PL_equal,300,2,posest,12,5
PL_equal,300,2,greedy,13,3
PL_equal,300,2,multistart,0,3
PL_equal,20,3,borda,3,13
PL_equal,20,3,posest,3,11
PL_equal,20,3,greedy,2,8
PL_equal,20,3,multistart,0,15
PL_equal,50,3,borda,4,5
PL_equal,50,3,posest,4,9
PL_equal,50,3,greedy,2,7
PL_equal,50,3,multistart,0,9
PL_equal,100,3,borda,3,4
PL_equal,100,3,posest,9,5
PL_equal,100,3,greedy,1,5
PL_equal,100,3,multistart,0,6
PL_equal,300,3,borda,2,3
PL_equal,300,3,posest,1,1
PL_equal,300,3,greedy,2,4
PL_equal,300,3,multistart,0,2
PL_equal,20,4,borda,2,13
PL_equal,20,4,posest,3,13
PL_equal,20,4,greedy,1,11
PL_equal,20,4,multistart,0,10
PL_equal,50,4,borda,7,6
PL_equal,50,4,posest,4,6
PL_equal,50,4,greedy,3,9
PL_equal,50,4,multistart,0,8
PL_equal,100,4,borda,11,2
PL_equal,100,4,posest,4,5
PL_equal,100,4,greedy,3,7
PL_equal,100,4,multistart,0,3
PL_equal,300,4,borda,1,1
PL_equal,300,4,posest,5,2
PL_equal,300,4,greedy,1,1
PL_equal,300,4,multistart,0,2
PL_equal,20,5,borda,1,8
PL_equal,20,5,posest,2,7
PL_equal,20,5,greedy,0,3
PL_equal,20,5,multistart,0,7
PL_equal,50,5,borda,8,6
PL_equal,50,5,posest,8,8
PL_equal,50,5,greedy,5,5
PL_equal,50,5,multistart,0,5
PL_equal,100,5,borda,10,6
PL_equal,100,5,posest,0,3
PL_equal,100,5,greedy,5,7
PL_equal,100,5,multistart,0,2
PL_equal,300,5,borda,7,1
PL_equal,300,5,posest,7,2
PL_equal,300,5,greedy,1,1
PL_equal,300,5,multistart,0,1
PL_equal,20,6,borda,2,3
PL_equal,20,6,posest,3,9
PL_equal,20,6,greedy,2,9
PL_equal,20,6,multistart,0,4
PL_equal,50,6,borda,2,5
PL_equal,50,6,posest,12,6
PL_equal,50,6,greedy,1,4
PL_equal,50,6,multistart,0,3
PL_equal,100,6,borda,8,3
PL_equal,100,6,posest,5,7
PL_equal,100,6,greedy,1,7
PL_equal,100,6,multistart,0,8
PL_equal,300,6,borda,6,2
PL_equal,300,6,posest,18,5
PL_equal,300,6,greedy,4,5
PL_equal,300,6,multistart,0,2
PL_equal,20,7,borda,2,9
PL_equal,20,7,posest,4,14
PL_equal,20,7,greedy,3,18
PL_equal,20,7,multistart,0,8
PL_equal,50,7,borda,9,9
PL_equal,50,7,posest,3,3
PL_equal,50,7,greedy,4,9
PL_equal,50,7,multistart,0,7
PL_equal,100,7,borda,5,3
PL_equal,100,7,posest,8,2
PL_equal,100,7,greedy,2,1
PL_equal,100,7,multistart,0,2
PL_equal,300,7,borda,1,1
PL_equal,300,7,posest,0,3
PL_equal,300,7,greedy,1,1
PL_equal,300,7,multistart,0,2
PL_equal,20,8,borda,2,10
PL_equal,20,8,posest,1,11
PL_equal,20,8,greedy,4,9
PL_equal,20,8,multistart,0,10
PL_equal,50,8,borda,3,6
PL_equal,50,8,posest,4,6
PL_equal,50,8,greedy,1,5
PL_equal,50,8,multistart,0,4
PL_equal,100,8,borda,4,0
PL_equal,100,8,posest,0,2
PL_equal,100,8,greedy,2,1
PL_equal,100,8,multistart,0,2
PL_equal,300,8,borda,0,1
PL_equal,300,8,posest,0,1
PL_equal,300,8,greedy,3,2
PL_equal,300,8,multistart,0,1
PL_equal,20,9,borda,1,7
PL_equal,20,9,posest,11,16
PL_equal,20,9,greedy,1,8
PL_equal,20,9,multistart,0,9
PL_equal,50,9,borda,1,9
PL_equal,50,9,posest,4,7
PL_equal,50,9,greedy,0,8
PL_equal,50,9,multistart,0,10
PL_equal,100,9,borda,4,2
PL_equal,100,9,posest,2,3
PL_equal,100,9,greedy,4,2
PL_equal,100,9,multistart,0,4
PL_equal,300,9,borda,11,2
PL_equal,300,9,posest,2,3
PL_equal,300,9,greedy,8,1
PL_equal,300,9,multistart,0,0
PL_equal,20,10,borda,2,8
PL_equal,20,10,posest,5,13
PL_equal,20,10,greedy,3,8
PL_equal,20,10,multistart,0,12
PL_equal,50,10,borda,7,8
PL_equal,50,10,posest,6,10
PL_equal,50,10,greedy,2,3
PL_equal,50,10,multistart,0,14
PL_equal,100,10,borda,2,3
PL_equal,100,10,posest,3,5
PL_equal,100,10,greedy,3,5
PL_equal,100,10,multistart,0,4
PL_equal,300,10,borda,11,1
PL_equal,300,10,posest,9,2
PL_equal,300,10,greedy,5,1
PL_equal,300,10,multistart,0,3
PL_equal,20,11,borda,1,10
PL_equal,20,11,posest,3,14
PL_equal,20,11,greedy,2,13
PL_equal,20,11,multistart,0,12
PL_equal,50,11,borda,6,5
PL_equal,50,11,posest,8,8
PL_equal,50,11,greedy,1,9
PL_equal,50,11,multistart,0,8
PL_equal,100,11,borda,7,5
PL_equal,100,11,posest,15,6
PL_equal,100,11,greedy,8,8
PL_equal,100,11,multistart,0,7
PL_equal,300,11,borda,7,0
PL_equal,300,11,posest,19,5
PL_equal,300,11,greedy,4,1
PL_equal,300,11,multistart,0,2
PL_equal,20,12,borda,6,11
PL_equal,20,12,posest,3,10
PL_equal,20,12,greedy,1,14
PL_equal,20,12,multistart,0,12
PL_equal,50,12,borda,5,4
PL_equal,50,12,posest,7,6
PL_equal,50,12,greedy,7,11
PL_equal,50,12,multistart,0,8
PL_equal,100,12,borda,5,4
PL_equal,100,12,posest,4,5
PL_equal,100,12,greedy,2,0
PL_equal,100,12,multistart,0,2
PL_equal,300,12,borda,1,1
PL_equal,300,12,posest,3,2
PL_equal,300,12,greedy,7,2
PL_equal,300,12,multistart,0,0
PL_equal,20,13,borda,4,9
PL_equal,20,13,posest,4,10
PL_equal,20,13,greedy,2,7
PL_equal,20,13,multistart,0,7
PL_equal,50,13,borda,2,3
PL_equal,50,13,posest,4,3
PL_equal,50,13,greedy,0,2
PL_equal,50,13,multistart,0,2
PL_equal,100,13,borda,1,2
PL_equal,100,13,posest,1,5
PL_equal,100,13,greedy,1,3
PL_equal,100,13,multistart,0,3
PL_equal,300,13,borda,1,0
PL_equal,300,13,posest,6,4
PL_equal,300,13,greedy,0,2
PL_equal,300,13,multistart,0,2
PL_equal,20,14,borda,0,6
PL_equal,20,14,posest,4,13
PL_equal,20,14,greedy,4,13
PL_equal,20,14,multistart,0,6
PL_equal,50,14,borda,3,13
PL_equal,50,14,posest,3,9
PL_equal,50,14,greedy,3,9
PL_equal,50,14,multistart,0,6
PL_equal,100,14,borda,3,4
PL_equal,100,14,posest,2,4
PL_equal,100,14,greedy,3,4
PL_equal,100,14,multistart,0,7
PL_equal,300,14,borda,12,2
PL_equal,300,14,posest,5,3
PL_equal,300,14,greedy,16,3
PL_equal,300,14,multistart,0,2
PL_equal,20,15,borda,0,9
PL_equal,20,15,posest,1,9
PL_equal,20,15,greedy,1,10
PL_equal,20,15,multistart,0,9
PL_equal,50,15,borda,5,4
PL_equal,50,15,posest,6,3
PL_equal,50,15,greedy,4,5
PL_equal,50,15,multistart,0,4
PL_equal,100,15,borda,5,2
PL_equal,100,15,posest,6,4
PL_equal,100,15,greedy,6,4
PL_equal,100,15,multistart,0,4
PL_equal,300,15,borda,4,0
PL_equal,300,15,posest,0,2
PL_equal,300,15,greedy,3,1
PL_equal,300,15,multistart,0,2
PL_equal,20,16,borda,3,9
PL_equal,20,16,posest,5,9
PL_equal,20,16,greedy,1,11
PL_equal,20,16,multistart,0,6
PL_equal,50,16,borda,1,4
PL_equal,50,16,posest,3,4
PL_equal,50,16,greedy,0,3
PL_equal,50,16,multistart,0,3
PL_equal,100,16,borda,1,4
PL_equal,100,16,posest,0,3
PL_equal,100,16,greedy,2,2
PL_equal,100,16,multistart,0,3
PL_equal,300,16,borda,8,3
PL_equal,300,16,posest,16,2
PL_equal,300,16,greedy,1,2
PL_equal,300,16,multistart,0,3
PL_equal,20,17,borda,2,8
PL_equal,20,17,posest,4,11
PL_equal,20,17,greedy,2,13
PL_equal,20,17,multistart,0,8
PL_equal,50,17,borda,6,6
PL_equal,50,17,posest,3,7
PL_equal,50,17,greedy,3,11
PL_equal,50,17,multistart,0,6
PL_equal,100,17,borda,3,3
PL_equal,100,17,posest,4,0
PL_equal,100,17,greedy,5,2
PL_equal,100,17,multistart,0,5
PL_equal,300,17,borda,0,1
PL_equal,300,17,posest,0,2
PL_equal,300,17,greedy,0,1
PL_equal,300,17,multistart,0,1
PL_equal,20,18,borda,2,15
PL_equal,20,18,posest,3,12
PL_equal,20,18,greedy,2,13
PL_equal,20,18,multistart,0,13
PL_equal,50,18,borda,4,8
PL_equal,50,18,posest,2,10
PL_equal,50,18,greedy,1,9
PL_equal,50,18,multistart,0,9
PL_equal,100,18,borda,3,6
PL_equal,100,18,posest,6,8
PL_equal,100,18,greedy,3,7
PL_equal,100,18,multistart,0,5
PL_equal,300,18,borda,6,0
PL_equal,300,18,posest,0,2
PL_equal,300,18,greedy,6,0
PL_equal,300,18,multistart,0,2
PL_equal,20,19,borda,2,12
PL_equal,20,19,posest,1,14
PL_equal,20,19,greedy,1,14
PL_equal,20,19,multistart,0,12
PL_equal,50,19,borda,3,6
PL_equal,50,19,posest,2,5
PL_equal,50,19,greedy,1,8
PL_equal,50,19,multistart,0,7
PL_equal,100,19,borda,4,2
PL_equal,100,19,posest,7,6
PL_equal,100,19,greedy,5,5
PL_equal,100,19,multistart,0,5
PL_equal,300,19,borda,3,0
PL_equal,300,19,posest,8,1
PL_equal,300,19,greedy,3,0
PL_equal,300,19,multistart,0,2
PL_equal,20,20,borda,1,9
PL_equal,20,20,posest,4,11
PL_equal,20,20,greedy,2,13
PL_equal,20,20,multistart,0,10
PL_equal,50,20,borda,2,1
PL_equal,50,20,posest,7,5
PL_equal,50,20,greedy,5,5
PL_equal,50,20,multistart,0,4
PL_equal,100,20,borda,7,4
PL_equal,100,20,posest,5,7
PL_equal,100,20,greedy,5,7
PL_equal,100,20,multistart,0,5
PL_equal,300,20,borda,3,0
PL_equal,300,20,posest,0,2
PL_equal,300,20,greedy,0,2
PL_equal,300,20,multistart,0,1
PL_equal,20,21,borda,2,9
PL_equal,20,21,posest,3,11
PL_equal,20,21,greedy,5,10
PL_equal,20,21,multistart,0,11
PL_equal,50,21,borda,3,4
PL_equal,50,21,posest,6,3
PL_equal,50,21,greedy,5,10
PL_equal,50,21,multistart,0,7
PL_equal,100,21,borda,3,3
PL_equal,100,21,posest,17,5
PL_equal,100,21,greedy,4,5
PL_equal,100,21,multistart,0,6
PL_equal,300,21,borda,12,1
PL_equal,300,21,posest,15,5
PL_equal,300,21,greedy,5,3
PL_equal,300,21,multistart,0,3
PL_equal,20,22,borda,2,7
PL_equal,20,22,posest,2,12
PL_equal,20,22,greedy,0,12
PL_equal,20,22,multistart,0,12
PL_equal,50,22,borda,6,6
PL_equal,50,22,posest,5,7
PL_equal,50,22,greedy,4,12
PL_equal,50,22,multistart,0,3
PL_equal,100,22,borda,6,5
PL_equal,100,22,posest,5,4
PL_equal,100,22,greedy,8,9
PL_equal,100,22,multistart,0,4
PL_equal,300,22,borda,0,2
PL_equal,300,22,posest,1,2
PL_equal,300,22,greedy,4,2
PL_equal,300,22,multistart,0,2
PL_equal,20,23,borda,4,13
PL_equal,20,23,posest,4,17
PL_equal,20,23,greedy,4,14
PL_equal,20,23,multistart,0,11
PL_equal,50,23,borda,5,6
PL_equal,50,23,posest,3,6
PL_equal,50,23,greedy,3,8
PL_equal,50,23,multistart,0,10
PL_equal,100,23,borda,2,3
PL_equal,100,23,posest,2,3
PL_equal,100,23,greedy,1,2
PL_equal,100,23,multistart,0,6
PL_equal,300,23,borda,10,3
PL_equal,300,23,posest,0,2
PL_equal,300,23,greedy,3,3
PL_equal,300,23,multistart,0,2
PL_equal,20,24,borda,3,15
PL_equal,20,24,posest,1,22
PL_equal,20,24,greedy,1,21
PL_equal,20,24,multistart,0,13
PL_equal,50,24,borda,5,5
PL_equal,50,24,posest,3,5
PL_equal,50,24,greedy,6,9
PL_equal,50,24,multistart,0,7
PL_equal,100,24,borda,4,3
PL_equal,100,24,posest,3,5
PL_equal,100,24,greedy,0,7
PL_equal,100,24,multistart,0,5
PL_equal,300,24,borda,4,1
PL_equal,300,24,posest,0,4
PL_equal,300,24,greedy,1,3
PL_equal,300,24,multistart,0,4
PL_equal,20,25,borda,6,7
PL_equal,20,25,posest,7,6
PL_equal,20,25,greedy,5,11
PL_equal,20,25,multistart,0,14
PL_equal,50,25,borda,3,5
PL_equal,50,25,posest,8,4
PL_equal,50,25,greedy,6,6
PL_equal,50,25,multistart,0,7
PL_equal,100,25,borda,5,4
PL_equal,100,25,posest,5,6
PL_equal,100,25,greedy,9,5
PL_equal,100,25,multistart,0,9
PL_equal,300,25,borda,6,1
PL_equal,300,25,posest,0,3
PL_equal,300,25,greedy,5,2
PL_equal,300,25,multistart,0,3
PL_equal,20,26,borda,2,12
PL_equal,20,26,posest,6,12
PL_equal,20,26,greedy,0,13
PL_equal,20,26,multistart,0,15
PL_equal,50,26,borda,7,9
PL_equal,50,26,posest,10,6
PL_equal,50,26,greedy,5,6
PL_equal,50,26,multistart,0,11
PL_equal,100,26,borda,10,6
PL_equal,100,26,posest,14,7
PL_equal,100,26,greedy,2,4
PL_equal,100,26,multistart,0,4
PL_equal,300,26,borda,5,1
PL_equal,300,26,posest,14,4
PL_equal,300,26,greedy,5,1
PL_equal,300,26,multistart,0,5
PL_equal,20,27,borda,1,10
PL_equal,20,27,posest,8,15
PL_equal,20,27,greedy,1,8
PL_equal,20,27,multistart,0,8
PL_equal,50,27,borda,5,4
PL_equal,50,27,posest,6,8
PL_equal,50,27,greedy,3,10
PL_equal,50,27,multistart,0,8
PL_equal,100,27,borda,4,1
PL_equal,100,27,posest,0,4
PL_equal,100,27,greedy,1,4
PL_equal,100,27,multistart,0,5
PL_equal,300,27,borda,4,0
PL_equal,300,27,posest,4,6
PL_equal,300,27,greedy,2,3
PL_equal,300,27,multistart,0,1
PL_equal,20,28,borda,5,12
PL_equal,20,28,posest,5,9
PL_equal,20,28,greedy,3,12
PL_equal,20,28,multistart,0,13
PL_equal,50,28,borda,6,4
PL_equal,50,28,posest,1,7
PL_equal,50,28,greedy,4,8
PL_equal,50,28,multistart,0,7
PL_equal,100,28,borda,2,4
PL_equal,100,28,posest,3,7
PL_equal,100,28,greedy,3,6
PL_equal,100,28,multistart,0,5
PL_equal,300,28,borda,3,0
PL_equal,300,28,posest,10,3
PL_equal,300,28,greedy,1,1
PL_equal,300,28,multistart,0,2
PL_equal,20,29,borda,2,9
PL_equal,20,29,posest,1,3
PL_equal,20,29,greedy,2,5
PL_equal,20,29,multistart,0,7
PL_equal,50,29,borda,4,4
PL_equal,50,29,posest,2,2
PL_equal,50,29,greedy,4,5
PL_equal,50,29,multistart,0,3
PL_equal,100,29,borda,0,0
PL_equal,100,29,posest,4,2
PL_equal,100,29,greedy,0,1
PL_equal,100,29,multistart,0,0
PL_equal,300,29,borda,2,2
PL_equal,300,29,posest,0,1
PL_equal,300,29,greedy,5,3
PL_equal,300,29,multistart,0,1
PL_unequal,20,0,borda,0,5
PL_unequal,20,0,posest,2,7
PL_unequal,20,0,greedy,1,6
PL_unequal,20,0,multistart,0,5
PL_unequal,50,0,borda,5,9
PL_unequal,50,0,posest,3,9
PL_unequal,50,0,greedy,1,8
PL_unequal,50,0,multistart,0,5
PL_unequal,100,0,borda,9,6
PL_unequal,100,0,posest,3,6
PL_unequal,100,0,greedy,2,8
PL_unequal,100,0,multistart,0,5
PL_unequal,300,0,borda,15,3
PL_unequal,300,0,posest,10,5
PL_unequal,300,0,greedy,4,3
PL_unequal,300,0,multistart,0,4
PL_unequal,20,1,borda,3,8
PL_unequal,20,1,posest,6,14
PL_unequal,20,1,greedy,1,18
PL_unequal,20,1,multistart,0,19
PL_unequal,50,1,borda,4,5
PL_unequal,50,1,posest,1,9
PL_unequal,50,1,greedy,1,9
PL_unequal,50,1,multistart,0,3
PL_unequal,100,1,borda,10,4
PL_unequal,100,1,posest,17,8
PL_unequal,100,1,greedy,3,1
PL_unequal,100,1,multistart,0,0
PL_unequal,300,1,borda,4,0
PL_unequal,300,1,posest,8,3
PL_unequal,300,1,greedy,6,1
PL_unequal,300,1,multistart,0,1
PL_unequal,20,2,borda,3,6
PL_unequal,20,2,posest,3,3
PL_unequal,20,2,greedy,3,6
PL_unequal,20,2,multistart,0,8
PL_unequal,50,2,borda,4,7
PL_unequal,50,2,posest,2,4
PL_unequal,50,2,greedy,3,7
PL_unequal,50,2,multistart,0,4
PL_unequal,100,2,borda,8,6
PL_unequal,100,2,posest,1,2
PL_unequal,100,2,greedy,2,3
PL_unequal,100,2,multistart,0,3
PL_unequal,300,2,borda,5,2
PL_unequal,300,2,posest,1,5
PL_unequal,300,2,greedy,6,3
PL_unequal,300,2,multistart,0,6
PL_unequal,20,3,borda,3,10
PL_unequal,20,3,posest,5,11
PL_unequal,20,3,greedy,3,13
PL_unequal,20,3,multistart,0,12
PL_unequal,50,3,borda,4,6
PL_unequal,50,3,posest,2,9
PL_unequal,50,3,greedy,2,8
PL_unequal,50,3,multistart,0,7
PL_unequal,100,3,borda,6,6
PL_unequal,100,3,posest,4,7
PL_unequal,100,3,greedy,3,8
PL_unequal,100,3,multistart,0,8
PL_unequal,300,3,borda,15,3
PL_unequal,300,3,posest,6,4
PL_unequal,300,3,greedy,11,4
PL_unequal,300,3,multistart,0,7
PL_unequal,20,4,borda,0,10
PL_unequal,20,4,posest,3,6
PL_unequal,20,4,greedy,1,8
PL_unequal,20,4,multistart,0,10
PL_unequal,50,4,borda,4,10
PL_unequal,50,4,posest,4,13
PL_unequal,50,4,greedy,2,4
PL_unequal,50,4,multistart,0,9
PL_unequal,100,4,borda,4,4
PL_unequal,100,4,posest,3,5
PL_unequal,100,4,greedy,2,5
PL_unequal,100,4,multistart,0,7
PL_unequal,300,4,borda,7,4
PL_unequal,300,4,posest,0,1
PL_unequal,300,4,greedy,4,3
PL_unequal,300,4,multistart,0,1
PL_unequal,20,5,borda,4,14
PL_unequal,20,5,posest,4,15
PL_unequal,20,5,greedy,1,14
PL_unequal,20,5,multistart,0,14
PL_unequal,50,5,borda,6,15
PL_unequal,50,5,posest,7,17
PL_unequal,50,5,greedy,2,17
PL_unequal,50,5,multistart,0,14
PL_unequal,100,5,borda,7,11
PL_unequal,100,5,posest,5,10
PL_unequal,100,5,greedy,5,10
PL_unequal,100,5,multistart,0,12
PL_unequal,300,5,borda,6,3
PL_unequal,300,5,posest,11,5
PL_unequal,300,5,greedy,9,4
PL_unequal,300,5,multistart,0,6
PL_unequal,20,6,borda,2,8
PL_unequal,20,6,posest,1,8
PL_unequal,20,6,greedy,0,11
PL_unequal,20,6,multistart,0,11
PL_unequal,50,6,borda,7,4
PL_unequal,50,6,posest,12,3
PL_unequal,50,6,greedy,3,4
PL_unequal,50,6,multistart,0,5
PL_unequal,100,6,borda,8,0
PL_unequal,100,6,posest,12,6
PL_unequal,100,6,greedy,4,3
PL_unequal,100,6,multistart,0,4
PL_unequal,300,6,borda,11,1
PL_unequal,300,6,posest,7,3
PL_unequal,300,6,greedy,9,2
PL_unequal,300,6,multistart,0,2
PL_unequal,20,7,borda,5,6
PL_unequal,20,7,posest,4,12
PL_unequal,20,7,greedy,0,11
PL_unequal,20,7,multistart,0,10
PL_unequal,50,7,borda,2,10
PL_unequal,50,7,posest,3,9
PL_unequal,50,7,greedy,3,12
PL_unequal,50,7,multistart,0,13
PL_unequal,100,7,borda,7,3
PL_unequal,100,7,posest,4,3
PL_unequal,100,7,greedy,2,4
PL_unequal,100,7,multistart,0,4
PL_unequal,300,7,borda,8,2
PL_unequal,300,7,posest,3,3
PL_unequal,300,7,greedy,0,1
PL_unequal,300,7,multistart,0,1
PL_unequal,20,8,borda,1,10
PL_unequal,20,8,posest,3,10
PL_unequal,20,8,greedy,4,9
PL_unequal,20,8,multistart,0,9
PL_unequal,50,8,borda,5,6
PL_unequal,50,8,posest,6,9
PL_unequal,50,8,greedy,0,8
PL_unequal,50,8,multistart,0,8
PL_unequal,100,8,borda,6,3
PL_unequal,100,8,posest,4,5
PL_unequal,100,8,greedy,3,4
PL_unequal,100,8,multistart,0,6
PL_unequal,300,8,borda,1,2
PL_unequal,300,8,posest,3,4
PL_unequal,300,8,greedy,4,3
PL_unequal,300,8,multistart,0,3
PL_unequal,20,9,borda,3,12
PL_unequal,20,9,posest,1,12
PL_unequal,20,9,greedy,2,13
PL_unequal,20,9,multistart,0,11
PL_unequal,50,9,borda,3,5
PL_unequal,50,9,posest,5,5
PL_unequal,50,9,greedy,1,4
PL_unequal,50,9,multistart,0,10
PL_unequal,100,9,borda,2,7
PL_unequal,100,9,posest,2,4
PL_unequal,100,9,greedy,6,3
PL_unequal,100,9,multistart,0,6
PL_unequal,300,9,borda,0,5
PL_unequal,300,9,posest,9,1
PL_unequal,300,9,greedy,4,4
PL_unequal,300,9,multistart,0,5
PL_unequal,20,10,borda,3,8
PL_unequal,20,10,posest,1,10
PL_unequal,20,10,greedy,1,7
PL_unequal,20,10,multistart,0,10
PL_unequal,50,10,borda,3,8
PL_unequal,50,10,posest,7,11
PL_unequal,50,10,greedy,0,10
PL_unequal,50,10,multistart,0,10
PL_unequal,100,10,borda,7,5
PL_unequal,100,10,posest,11,9
PL_unequal,100,10,greedy,3,9
PL_unequal,100,10,multistart,0,8
PL_unequal,300,10,borda,2,1
PL_unequal,300,10,posest,21,5
PL_unequal,300,10,greedy,4,3
PL_unequal,300,10,multistart,0,2
PL_unequal,20,11,borda,5,15
PL_unequal,20,11,posest,5,15
PL_unequal,20,11,greedy,1,16
PL_unequal,20,11,multistart,0,14
PL_unequal,50,11,borda,2,6
PL_unequal,50,11,posest,4,6
PL_unequal,50,11,greedy,2,10
PL_unequal,50,11,multistart,0,4
PL_unequal,100,11,borda,3,8
PL_unequal,100,11,posest,2,7
PL_unequal,100,11,greedy,3,7
PL_unequal,100,11,multistart,0,5
PL_unequal,300,11,borda,5,1
PL_unequal,300,11,posest,12,2
PL_unequal,300,11,greedy,5,1
PL_unequal,300,11,multistart,0,3
PL_unequal,20,12,borda,1,7
PL_unequal,20,12,posest,1,7
PL_unequal,20,12,greedy,0,8
PL_unequal,20,12,multistart,0,8
PL_unequal,50,12,borda,4,8
PL_unequal,50,12,posest,4,10
PL_unequal,50,12,greedy,3,11
PL_unequal,50,12,multistart,0,8
PL_unequal,100,12,borda,3,5
PL_unequal,100,12,posest,8,5
PL_unequal,100,12,greedy,3,4
PL_unequal,100,12,multistart,0,5
PL_unequal,300,12,borda,2,5
PL_unequal,300,12,posest,1,5
PL_unequal,300,12,greedy,0,4
PL_unequal,300,12,multistart,0,4
PL_unequal,20,13,borda,4,10
PL_unequal,20,13,posest,3,11
PL_unequal,20,13,greedy,1,12
PL_unequal,20,13,multistart,0,13
PL_unequal,50,13,borda,5,9
PL_unequal,50,13,posest,9,7
PL_unequal,50,13,greedy,2,11
PL_unequal,50,13,multistart,0,11
PL_unequal,100,13,borda,6,5
PL_unequal,100,13,posest,10,7
PL_unequal,100,13,greedy,3,7
PL_unequal,100,13,multistart,0,8
PL_unequal,300,13,borda,3,1
PL_unequal,300,13,posest,2,2
PL_unequal,300,13,greedy,0,4
PL_unequal,300,13,multistart,0,3
PL_unequal,20,14,borda,1,8
PL_unequal,20,14,posest,5,7
PL_unequal,20,14,greedy,1,13
PL_unequal,20,14,multistart,0,7
PL_unequal,50,14,borda,2,5
PL_unequal,50,14,posest,9,6
PL_unequal,50,14,greedy,2,6
PL_unequal,50,14,multistart,0,6
PL_unequal,100,14,borda,1,5
PL_unequal,100,14,posest,6,4
PL_unequal,100,14,greedy,0,6
PL_unequal,100,14,multistart,0,6
PL_unequal,300,14,borda,14,4
PL_unequal,300,14,posest,8,4
PL_unequal,300,14,greedy,4,2
PL_unequal,300,14,multistart,0,3
PL_unequal,20,15,borda,3,16
PL_unequal,20,15,posest,3,16
PL_unequal,20,15,greedy,2,11
PL_unequal,20,15,multistart,0,10
PL_unequal,50,15,borda,4,6
PL_unequal,50,15,posest,5,5
PL_unequal,50,15,greedy,4,8
PL_unequal,50,15,multistart,0,2
PL_unequal,100,15,borda,0,3
PL_unequal,100,15,posest,0,4
PL_unequal,100,15,greedy,0,2
PL_unequal,100,15,multistart,0,3
PL_unequal,300,15,borda,1,3
PL_unequal,300,15,posest,0,2
PL_unequal,300,15,greedy,0,2
PL_unequal,300,15,multistart,0,2
PL_unequal,20,16,borda,1,14
PL_unequal,20,16,posest,3,10
PL_unequal,20,16,greedy,2,9
PL_unequal,20,16,multistart,0,15
PL_unequal,50,16,borda,2,5
PL_unequal,50,16,posest,1,4
PL_unequal,50,16,greedy,3,5
PL_unequal,50,16,multistart,0,4
PL_unequal,100,16,borda,9,5
PL_unequal,100,16,posest,3,4
PL_unequal,100,16,greedy,6,8
PL_unequal,100,16,multistart,0,6
PL_unequal,300,16,borda,4,1
PL_unequal,300,16,posest,2,3
PL_unequal,300,16,greedy,4,3
PL_unequal,300,16,multistart,0,4
PL_unequal,20,17,borda,3,20
PL_unequal,20,17,posest,5,23
PL_unequal,20,17,greedy,3,18
PL_unequal,20,17,multistart,0,20
PL_unequal,50,17,borda,8,9
PL_unequal,50,17,posest,9,14
PL_unequal,50,17,greedy,3,11
PL_unequal,50,17,multistart,0,11
PL_unequal,100,17,borda,10,4
PL_unequal,100,17,posest,5,7
PL_unequal,100,17,greedy,7,7
PL_unequal,100,17,multistart,0,7
PL_unequal,300,17,borda,3,0
PL_unequal,300,17,posest,3,3
PL_unequal,300,17,greedy,5,2
PL_unequal,300,17,multistart,0,2
PL_unequal,20,18,borda,3,10
PL_unequal,20,18,posest,2,8
PL_unequal,20,18,greedy,1,6
PL_unequal,20,18,multistart,0,13
PL_unequal,50,18,borda,6,9
PL_unequal,50,18,posest,4,10
PL_unequal,50,18,greedy,3,4
PL_unequal,50,18,multistart,0,8
PL_unequal,100,18,borda,3,4
PL_unequal,100,18,posest,3,6
PL_unequal,100,18,greedy,4,6
PL_unequal,100,18,multistart,0,6
PL_unequal,300,18,borda,4,2
PL_unequal,300,18,posest,0,2
PL_unequal,300,18,greedy,4,2
PL_unequal,300,18,multistart,0,2
PL_unequal,20,19,borda,5,6
PL_unequal,20,19,posest,3,10
PL_unequal,20,19,greedy,3,11
PL_unequal,20,19,multistart,0,11
PL_unequal,50,19,borda,6,8
PL_unequal,50,19,posest,5,9
PL_unequal,50,19,greedy,0,8
PL_unequal,50,19,multistart,0,8
PL_unequal,100,19,borda,3,3
PL_unequal,100,19,posest,0,4
PL_unequal,100,19,greedy,2,3
PL_unequal,100,19,multistart,0,4
PL_unequal,300,19,borda,4,1
PL_unequal,300,19,posest,0,1
PL_unequal,300,19,greedy,0,1
PL_unequal,300,19,multistart,0,1
PL_unequal,20,20,borda,1,8
PL_unequal,20,20,posest,5,14
PL_unequal,20,20,greedy,0,12
PL_unequal,20,20,multistart,0,11
PL_unequal,50,20,borda,2,5
PL_unequal,50,20,posest,5,9
PL_unequal,50,20,greedy,2,9
PL_unequal,50,20,multistart,0,5
PL_unequal,100,20,borda,4,4
PL_unequal,100,20,posest,0,6
PL_unequal,100,20,greedy,0,3
PL_unequal,100,20,multistart,0,3
PL_unequal,300,20,borda,8,2
PL_unequal,300,20,posest,0,1
PL_unequal,300,20,greedy,7,3
PL_unequal,300,20,multistart,0,1
PL_unequal,20,21,borda,6,13
PL_unequal,20,21,posest,4,16
PL_unequal,20,21,greedy,1,17
PL_unequal,20,21,multistart,0,8
PL_unequal,50,21,borda,2,4
PL_unequal,50,21,posest,5,7
PL_unequal,50,21,greedy,2,2
PL_unequal,50,21,multistart,0,6
PL_unequal,100,21,borda,5,9
PL_unequal,100,21,posest,9,6
PL_unequal,100,21,greedy,2,9
PL_unequal,100,21,multistart,0,11
PL_unequal,300,21,borda,9,4
PL_unequal,300,21,posest,1,3
PL_unequal,300,21,greedy,1,3
PL_unequal,300,21,multistart,0,6
PL_unequal,20,22,borda,5,8
PL_unequal,20,22,posest,6,14
PL_unequal,20,22,greedy,1,6
PL_unequal,20,22,multistart,0,6
PL_unequal,50,22,borda,1,8
PL_unequal,50,22,posest,1,6
PL_unequal,50,22,greedy,1,5
PL_unequal,50,22,multistart,0,7
PL_unequal,100,22,borda,3,4
PL_unequal,100,22,posest,6,4
PL_unequal,100,22,greedy,2,4
PL_unequal,100,22,multistart,0,5
PL_unequal,300,22,borda,3,2
PL_unequal,300,22,posest,6,5
PL_unequal,300,22,greedy,0,4
PL_unequal,300,22,multistart,0,4
PL_unequal,20,23,borda,6,2
PL_unequal,20,23,posest,7,10
PL_unequal,20,23,greedy,1,7
PL_unequal,20,23,multistart,0,8
PL_unequal,50,23,borda,5,3
PL_unequal,50,23,posest,8,6
PL_unequal,50,23,greedy,0,5
PL_unequal,50,23,multistart,0,5
PL_unequal,100,23,borda,12,3
PL_unequal,100,23,posest,8,6
PL_unequal,100,23,greedy,7,4
PL_unequal,100,23,multistart,0,4
PL_unequal,300,23,borda,8,3
PL_unequal,300,23,posest,12,3
PL_unequal,300,23,greedy,9,4
PL_unequal,300,23,multistart,0,6
PL_unequal,20,24,borda,3,13
PL_unequal,20,24,posest,4,18
PL_unequal,20,24,greedy,1,15
PL_unequal,20,24,multistart,0,14
PL_unequal,50,24,borda,2,14
PL_unequal,50,24,posest,5,13
PL_unequal,50,24,greedy,1,13
PL_unequal,50,24,multistart,0,15
PL_unequal,100,24,borda,10,7
PL_unequal,100,24,posest,10,5
PL_unequal,100,24,greedy,2,4
PL_unequal,100,24,multistart,0,4
PL_unequal,300,24,borda,10,2
PL_unequal,300,24,posest,13,3
PL_unequal,300,24,greedy,8,3
PL_unequal,300,24,multistart,0,4
PL_unequal,20,25,borda,3,7
PL_unequal,20,25,posest,3,13
PL_unequal,20,25,greedy,3,15
PL_unequal,20,25,multistart,0,9
PL_unequal,50,25,borda,8,6
PL_unequal,50,25,posest,7,8
PL_unequal,50,25,greedy,1,7
PL_unequal,50,25,multistart,0,8
PL_unequal,100,25,borda,9,3
PL_unequal,100,25,posest,5,8
PL_unequal,100,25,greedy,2,5
PL_unequal,100,25,multistart,0,7
PL_unequal,300,25,borda,8,3
PL_unequal,300,25,posest,11,7
PL_unequal,300,25,greedy,4,4
PL_unequal,300,25,multistart,0,6
PL_unequal,20,26,borda,3,8
PL_unequal,20,26,posest,4,13
PL_unequal,20,26,greedy,2,12
PL_unequal,20,26,multistart,0,7
PL_unequal,50,26,borda,7,11
PL_unequal,50,26,posest,5,8
PL_unequal,50,26,greedy,1,10
PL_unequal,50,26,multistart,0,11
PL_unequal,100,26,borda,3,7
PL_unequal,100,26,posest,3,7
PL_unequal,100,26,greedy,2,9
PL_unequal,100,26,multistart,0,6
PL_unequal,300,26,borda,5,5
PL_unequal,300,26,posest,4,5
PL_unequal,300,26,greedy,1,6
PL_unequal,300,26,multistart,0,6
PL_unequal,20,27,borda,3,9
PL_unequal,20,27,posest,3,8
PL_unequal,20,27,greedy,2,9
PL_unequal,20,27,multistart,0,13
PL_unequal,50,27,borda,2,7
PL_unequal,50,27,posest,1,8
PL_unequal,50,27,greedy,2,9
PL_unequal,50,27,multistart,0,9
PL_unequal,100,27,borda,3,5
PL_unequal,100,27,posest,6,4
PL_unequal,100,27,greedy,3,4
PL_unequal,100,27,multistart,0,5
PL_unequal,300,27,borda,6,2
PL_unequal,300,27,posest,10,3
PL_unequal,300,27,greedy,0,1
PL_unequal,300,27,multistart,0,1
PL_unequal,20,28,borda,4,12
PL_unequal,20,28,posest,1,4
PL_unequal,20,28,greedy,0,7
PL_unequal,20,28,multistart,0,9
PL_unequal,50,28,borda,5,9
PL_unequal,50,28,posest,4,8
PL_unequal,50,28,greedy,2,9
PL_unequal,50,28,multistart,0,6
PL_unequal,100,28,borda,0,4
PL_unequal,100,28,posest,0,4
PL_unequal,100,28,greedy,0,5
PL_unequal,100,28,multistart,0,4
PL_unequal,300,28,borda,6,2
PL_unequal,300,28,posest,0,0
PL_unequal,300,28,greedy,0,1
PL_unequal,300,28,multistart,0,1
PL_unequal,20,29,borda,1,13
PL_unequal,20,29,posest,5,18
PL_unequal,20,29,greedy,0,16
PL_unequal,20,29,multistart,0,14
PL_unequal,50,29,borda,2,5
PL_unequal,50,29,posest,4,10
PL_unequal,50,29,greedy,0,4
PL_unequal,50,29,multistart,0,4
PL_unequal,100,29,borda,3,4
PL_unequal,100,29,posest,10,4
PL_unequal,100,29,greedy,1,3
PL_unequal,100,29,multistart,0,7
PL_unequal,300,29,borda,8,2
PL_unequal,300,29,posest,4,3
PL_unequal,300,29,greedy,15,3
PL_unequal,300,29,multistart,0,2
