dgp,N,repetitions,SM_nll,PL_nll,delta,ci_low,ci_high,SM_calibrated_nll,SM_center_error,PL_center_error,oracle_nll
SM,20,30,1.9724793442141608,1.892079065714944,0.08040027849921756,-0.054606374072609695,0.2154069310710448,1.82955988751501,9.733333333333333,9.8,1.534885061281017
SM,50,30,1.7273658498389122,1.6901431913568246,0.03722265848208785,0.005728881233395024,0.06871643573078068,1.6831924073531686,7.3,7.033333333333333,1.534885061281017
SM,100,30,1.6193600788688765,1.6404046882956733,-0.02104460942679721,-0.04453254346563237,0.002443324612037945,1.6233020196982264,3.7666666666666666,4.5,1.534885061281017
SM,300,30,1.540964933726197,1.6093981893875524,-0.06843325566135551,-0.07762051112971029,-0.059246000193000734,1.5471452876913352,0.26666666666666666,1.6,1.534885061281017
PL_equal,20,30,1.9612376651964518,1.814502195504251,0.1467354696922006,0.03657351216797604,0.25689742721642517,1.8127123884218694,10.5,9.3,1.4676601862226637
PL_equal,50,30,1.6778438834300178,1.6233472592792266,0.054496624150791165,0.008480077364890391,0.10051317093669193,1.6774853907675142,6.966666666666667,5.366666666666666,1.4676601862226637
PL_equal,100,30,1.6000711410091089,1.5267669062011762,0.07330423480793243,0.05763268899522908,0.08897578062063577,1.605551856187941,4.933333333333334,3.2333333333333334,1.4676601862226637
PL_equal,300,30,1.552873565291066,1.483941426216288,0.06893213907477781,0.062676243327391,0.07518803482216463,1.5551747869908854,2.1666666666666665,1.1666666666666667,1.4676601862226637
PL_unequal,20,30,1.9162481118616888,1.67155223937776,0.2446958724839286,0.16621719845206823,0.323174546515789,1.7875026537267162,11.9,10.333333333333334,1.3487519600804052
PL_unequal,50,30,1.674609566166278,1.4812344245854874,0.19337514158079083,0.1602562814496488,0.22649400171193287,1.6885489466134271,7.7,6.5,1.3487519600804052
PL_unequal,100,30,1.6183348768390653,1.3964579983844565,0.2218768784546087,0.20859000670038058,0.23516375020883684,1.6098796926628605,6.2,3.966666666666667,1.3487519600804052
PL_unequal,300,30,1.564666731637796,1.364527551870249,0.20013917976754686,0.19400488492088536,0.20627347461420836,1.5705174026214879,3.2666666666666666,2.1,1.3487519600804052
