part,dgp,n,r,N,method,mu,lambda_,coverage_ratio,Vcov,lambda_region,mu_region,unseen_term,reference_shape,risk,risk_lo,risk_hi,risk_normalized,risk_normalized_lo,risk_normalized_hi,risk_over_shape,risk_over_shape_lo,risk_over_shape_hi,nll,nll_lo,nll_hi,delta_nll,delta_nll_lo,delta_nll_hi,nll_shrunk,nll_shrunk_lo,nll_shrunk_hi,delta_shrunk,delta_shrunk_lo,delta_shrunk_hi,unseen_items,unseen_items_lo,unseen_items_hi,seconds,seconds_lo,seconds_hi,repetitions,depth_max,sieve_size
coverage,PL,64,2,60,efficient,1.875,0.02976190476190476,1.1074052046555773,1.904921898874818,below_1,above_log_er,609.6251547315677,2016.0,779.2333333333333,747.5529174263731,810.9137492402936,0.3865244708994709,0.3708099788821295,0.40223896291681227,0.3865244708994709,0.3708099788821295,0.40223896291681227,1.0707887021740512,1.0014142583949566,1.1401631459531458,0.37606480333755665,0.30611874775930564,0.44601085891580766,0.7172842671529414,0.6900352846185541,0.7445332496873286,0.02256036831644683,-0.009295748454961054,0.05441648508785472,9.866666666666667,8.745447231252058,10.987886102081276,0.0028618710333338034,0.002782441281799971,0.0029413007848676357,30,0,
coverage,PL,64,2,60,pl,1.875,0.02976190476190476,1.1074052046555773,1.904921898874818,below_1,above_log_er,609.6251547315677,2016.0,752.1,722.4364539570228,781.7635460429773,0.37306547619047614,0.35835141565328504,0.38777953672766724,0.37306547619047614,0.35835141565328504,0.38777953672766724,0.6947238988364947,0.680882143949594,0.7085656537233953,0.0,0.0,0.0,0.6947238988364947,0.680882143949594,0.7085656537233953,0.0,0.0,0.0,9.866666666666667,8.745447231252058,10.987886102081276,0.003275948200000774,0.003148951421227924,0.003402944978773624,30,0,
coverage,PL,64,2,605,efficient,18.90625,0.30009920634920634,11.166335813610406,19.20796248032108,below_1,above_log_er,1.8640082670542213e-05,213.26280991735538,375.8,363.2307807564548,388.3692192435452,0.18640873015873013,0.18017399839109857,0.1926434619263617,1.762145027281746,1.703207328540854,1.821082726022638,0.6617045839240158,0.6560710939773949,0.6673380738706366,0.03150382068229114,0.026359680447597584,0.036647960916984704,0.6513141481684178,0.6469559722055862,0.6556723241312494,0.021113384926693256,0.016744057048725683,0.02548271280466083,0.0,0.0,0.0,0.0029152270999958318,0.0028809534116741075,0.002949500788317556,30,0,
coverage,PL,64,2,605,pl,18.90625,0.30009920634920634,11.166335813610406,19.20796248032108,below_1,above_log_er,1.8640082670542213e-05,213.26280991735538,367.3,354.68810634780993,379.9118936521901,0.1821924603174603,0.17593656068839778,0.18844835994652284,1.7222881014384919,1.66315030025751,1.7814259026194736,0.6302007632417246,0.6253480798558018,0.6350534466276474,0.0,0.0,0.0,0.6302007632417246,0.6253480798558018,0.6350534466276474,0.0,0.0,0.0,0.0,0.0,0.0,0.005348786066663062,0.005247199338638015,0.005450372794688108,30,0,
coverage,PL,64,2,2016,efficient,63.0,1.0,37.208814876427404,64.00537580219388,at_1,above_log_er,6.533989390084519e-25,64.0,221.53333333333333,214.15737105590532,228.90929561076135,0.10988756613756616,0.10622885469042924,0.11354627758470308,3.4614583333333333,3.3462089227485206,3.576707743918146,0.6313209759987717,0.6271363674614491,0.6355055845360943,0.028224830011155933,0.02580743616660121,0.030642223855710655,0.6314128408243905,0.6278406491941836,0.6349850324545975,0.028316694836775007,0.025805150025637446,0.030828239647912568,0.0,0.0,0.0,0.0030684606333371296,0.003001722138175172,0.003135199128499087,30,0,
coverage,PL,64,2,2016,pl,63.0,1.0,37.208814876427404,64.00537580219388,at_1,above_log_er,6.533989390084519e-25,64.0,209.03333333333333,202.11707128065908,215.9495953860076,0.10368716931216931,0.1002564837701682,0.10711785485417043,3.2661458333333333,3.158079238760298,3.3742124279063685,0.6030961459876156,0.5984509962205808,0.6077412957546504,0.0,0.0,0.0,0.6030961459876156,0.5984509962205808,0.6077412957546504,0.0,0.0,0.0,0.0,0.0,0.0,0.009039397199998689,0.008897931852287598,0.00918086254770978,30,0,
coverage,PL,64,2,6048,efficient,189.0,3.0,111.6264446292822,192.01612740658163,above_1,above_log_er,1.662705674134947e-80,21.333333333333332,125.06666666666666,120.57728858066912,129.5560447526642,0.06203703703703704,0.059810162986443025,0.06426391108763106,5.8625,5.652060402218865,6.072939597781135,0.6251469406799569,0.619753618733174,0.6305402626267398,0.03162115458904242,0.029036968206324978,0.03420534097175986,0.6254939942127987,0.6203648349886672,0.6306231534369302,0.031968208121884195,0.029471250074465327,0.03446516616930306,0.0,0.0,0.0,0.0037117098000010174,0.003681020335745337,0.0037423992642566977,30,0,
coverage,PL,64,2,6048,pl,189.0,3.0,111.6264446292822,192.01612740658163,above_1,above_log_er,1.662705674134947e-80,21.333333333333332,118.9,114.90305642011904,122.89694357988097,0.058978174603174595,0.056995563700455866,0.060960785505893324,5.5734375,5.38608076969308,5.76079423030692,0.5935257860909146,0.587690627464569,0.5993609447172601,0.0,0.0,0.0,0.5935257860909146,0.587690627464569,0.5993609447172601,0.0,0.0,0.0,0.0,0.0,0.0,0.01891258440000077,0.01857514538907542,0.019250023410926125,30,0,
coverage,PL,64,8,2,efficient,0.25,0.027777777777777776,0.08118355117844678,0.26706278524904525,below_1,below_1,3136.0,2016.0,854.3666666666667,824.8156370543915,883.9176962789419,0.42379298941798943,0.40913474060237676,0.4384512382336021,0.42379298941798943,0.40913474060237676,0.4384512382336021,76.0394981790025,57.34366427067414,94.73533208733087,65.71940673502753,47.024818234092784,84.41399523596229,39.18100624831832,30.260660830984378,48.10135166565226,28.860914804343345,19.94188802731454,37.77994158137215,49.166666666666664,48.87112407600649,49.46220925732684,0.004145147733332995,0.002900281199063614,0.005390014267602376,30,0,
coverage,PL,64,8,2,pl,0.25,0.027777777777777776,0.08118355117844678,0.26706278524904525,below_1,below_1,3136.0,2016.0,842.8,824.1731618850879,861.426838114912,0.41805555555555546,0.4088160525223649,0.427295058588746,0.41805555555555546,0.4088160525223649,0.427295058588746,10.32009144397498,10.286478733677297,10.35370415427266,0.0,0.0,0.0,10.32009144397498,10.286478733677297,10.35370415427266,0.0,0.0,0.0,49.166666666666664,48.87112407600649,49.46220925732684,0.0012363759333349359,0.0011996066005582804,0.0012731452661115914,30,0,
coverage,PL,64,8,22,efficient,2.75,0.3055555555555556,0.8930190629629146,2.9376906377394976,below_1,below_log_er,217.03866751504532,209.45454545454544,320.8,306.636546039493,334.963453960507,0.15912698412698414,0.1521014613291136,0.1661525069248547,1.5315972222222223,1.4639765652927181,1.5992178791517264,9.36664664247713,9.241530860781674,9.491762424172586,0.8577954769276912,0.7642027447258039,0.9513882091295786,8.847581307682523,8.733461732382525,8.961700882982521,0.3387301421330842,0.2060065198797112,0.47145376438645725,3.2,2.6774153848214866,3.722584615178514,0.016853566666665643,0.016573989545185342,0.017133143788145944,30,0,
coverage,PL,64,8,22,pl,2.75,0.3055555555555556,0.8930190629629146,2.9376906377394976,below_1,below_log_er,217.03866751504532,209.45454545454544,295.8,282.7036265223844,308.8963734776156,0.14672619047619048,0.140229973473405,0.15322240747897597,1.4122395833333334,1.349713494681523,1.4747656719851439,8.508851165549439,8.419950945005146,8.597751386093732,0.0,0.0,0.0,8.508851165549439,8.419950945005146,8.597751386093732,0.0,0.0,0.0,3.2,2.6774153848214866,3.722584615178514,0.0075332128666682745,0.007353416069543294,0.0077130096637932554,30,0,
coverage,PL,64,8,72,efficient,9.0,1.0,2.922607842424084,9.61426026896563,at_1,above_log_er,0.27348893848168243,64.0,171.76666666666668,163.97978583370372,179.55354749962964,0.08520171957671958,0.08133917948100383,0.08906425967243534,2.683854166666667,2.5621841536516206,2.805524179681713,7.969435944932358,7.919048403124429,8.019823486740288,0.5507270187599212,0.5068211530469819,0.5946328844728606,7.92445915500536,7.8820209515378385,7.966897358472882,0.5057502288329228,0.4628487761910596,0.5486516814747859,0.0,0.0,0.0,0.016014207099999567,0.01583093708944323,0.016197477110555903,30,0,
coverage,PL,64,8,72,pl,9.0,1.0,2.922607842424084,9.61426026896563,at_1,above_log_er,0.27348893848168243,64.0,147.26666666666668,140.91237800982924,153.62095532350412,0.0730489417989418,0.069897012901701,0.07620087069618259,2.301041666666667,2.201755906403582,2.400327426929752,7.418708926172438,7.381902258580797,7.455515593764079,0.0,0.0,0.0,7.418708926172438,7.381902258580797,7.455515593764079,0.0,0.0,0.0,0.0,0.0,0.0,0.00923315540000355,0.008991619844794888,0.00947469095521221,30,0,
coverage,PL,64,8,216,efficient,27.0,3.0,8.767823527272252,28.842780806896887,above_1,above_log_er,1.219268631697715e-09,21.333333333333332,94.96666666666667,90.54250258709145,99.39083074624189,0.04710648148148148,0.04491195564835885,0.04930100731460411,4.4515625,4.2441798087699105,4.658945191230089,7.633925584827376,7.609546428748342,7.658304740906411,0.5932370655803657,0.5754771058467352,0.6109970253139962,7.643287825244895,7.6179723677314195,7.66860328275837,0.6025993059978833,0.5846707740561156,0.6205278379396509,0.0,0.0,0.0,0.018063504599998243,0.01651204177698726,0.019614967423009225,30,0,
coverage,PL,64,8,216,pl,27.0,3.0,8.767823527272252,28.842780806896887,above_1,above_log_er,1.219268631697715e-09,21.333333333333332,78.23333333333333,74.11046293001947,82.3562037366472,0.03880621693121693,0.036761142326398544,0.04085129153603531,3.6671875,3.4739279498446627,3.860447050155337,7.040688519247012,7.019523031056692,7.061854007437332,0.0,0.0,0.0,7.040688519247012,7.019523031056692,7.061854007437332,0.0,0.0,0.0,0.0,0.0,0.0,0.013205876400000231,0.012314703947636388,0.014097048852364074,30,0,
coverage,PL,64,32,1,efficient,0.5,0.24603174603174602,0.11196362948523948,0.6931471805599453,below_1,below_1,2048.0,260.1290322580645,544.55,533.0980965653606,556.0019034346393,0.2701140873015873,0.2644335796455162,0.2757945949576584,2.0933841765873016,2.049360242252751,2.1374081109218523,1375.4827407610433,1348.3741425137755,1402.591339008311,1299.6166554262659,1272.6108518844742,1326.6224589680576,687.950204190663,674.3959050670292,701.5045033142969,612.084118855885,598.6319280336879,625.536309678082,32.0,32.0,32.0,0.0036043630999998298,0.0035840504372000033,0.0036246757627996563,60,0,
coverage,PL,64,32,1,pl,0.5,0.24603174603174602,0.11196362948523948,0.6931471805599453,below_1,below_1,2048.0,260.1290322580645,547.0833333333334,535.797488925729,558.3691777409377,0.27137070105820105,0.2657725639512544,0.27696883816514767,2.103122933201058,2.059737370622222,2.1465084957798943,75.86608533477781,75.64813955793109,76.08403111162453,0.0,0.0,0.0,75.86608533477781,75.64813955793109,76.08403111162453,0.0,0.0,0.0,32.0,32.0,32.0,0.0030335514500009707,0.0030221527959726846,0.003044950104029257,60,0,
coverage,PL,64,32,4,efficient,2.0,0.9841269841269841,0.44785451794095793,2.772588722239781,below_1,below_log_er,256.0,65.03225806451613,139.4,127.82769154771012,150.9723084522899,0.06914682539682541,0.06340659302961814,0.07488705776403269,2.143551587301587,1.9656043839181612,2.3214987906850126,58.035549144078864,55.81082292088625,60.260275367271475,-5.135006310665306,-7.0943706688948405,-3.175641952435771,50.355587745130784,49.174244080118825,51.53693141014274,-12.814967709613388,-13.745187599120678,-11.884747820106098,3.4,2.875578526380492,3.9244214736195078,0.03270736806666529,0.03224152442859246,0.03317321170473812,30,0,
coverage,PL,64,32,4,pl,2.0,0.9841269841269841,0.44785451794095793,2.772588722239781,below_1,below_log_er,256.0,65.03225806451613,152.26666666666668,140.80904363481204,163.72428969852132,0.07552910052910053,0.06984575577123611,0.08121244528696495,2.3414021164021164,2.16521842890832,2.517585803895913,63.17055545474416,62.74985077232889,63.59126013715943,0.0,0.0,0.0,63.17055545474416,62.74985077232889,63.59126013715943,0.0,0.0,0.0,3.4,2.875578526380492,3.9244214736195078,0.004835503566664556,0.004730602806846123,0.004940404326482989,30,0,
coverage,PL,64,32,12,efficient,6.0,2.9523809523809526,1.3435635538228738,8.317766166719343,above_1,above_log_er,1.0,21.677419354838708,54.53333333333333,51.11138421914897,57.955282447517696,0.027050264550264557,0.0253528691563239,0.028747659944205216,2.5156746031746033,2.357816831538122,2.6735323748110846,41.56296801409972,41.133169348372384,41.99276667982705,2.597165028667655,2.2505457619637523,2.9437842953715574,41.40850844027804,41.067012447453735,41.75000443310235,2.4427054548459695,2.1929522428239543,2.6924586668679846,0.03333333333333333,-0.034840988071090075,0.10150765473775675,0.08316426433333012,0.08277754582945582,0.08355098283720441,30,0,
coverage,PL,64,32,12,pl,6.0,2.9523809523809526,1.3435635538228738,8.317766166719343,above_1,above_log_er,1.0,21.677419354838708,40.63333333333333,38.15938304907176,43.10728361759491,0.02015542328042329,0.018928265401325285,0.021382581159521297,1.8744543650793655,1.7603286823232511,1.9885800478354798,38.96580298543207,38.77436996329537,39.15723600756877,0.0,0.0,0.0,38.96580298543207,38.77436996329537,39.15723600756877,0.0,0.0,0.0,0.03333333333333333,-0.034840988071090075,0.10150765473775675,0.023716727399998187,0.02318234623869486,0.024251108561301516,30,0,
coverage,SM,64,2,60,efficient,1.875,0.02976190476190476,1.1074052046555773,1.904921898874818,below_1,above_log_er,609.6251547315677,2016.0,818.7333333333333,792.7361989542105,844.7304677124562,0.40611772486772496,0.39322232090982673,0.4190131288256232,0.40611772486772496,0.39322232090982673,0.4190131288256232,1.2604439580880775,1.0124422394069807,1.5084456767691743,0.5297278355957944,0.29562885614046075,0.763826815051128,0.7265694555876576,0.6857004492770853,0.76743846189823,-0.0041466669046252595,-0.039099206038847305,0.030805872229596788,9.066666666666666,8.22349191472677,9.909841418606563,0.0028924708666636435,0.0028086303937548377,0.0029763113395724493,30,0,
coverage,SM,64,2,60,pl,1.875,0.02976190476190476,1.1074052046555773,1.904921898874818,below_1,above_log_er,609.6251547315677,2016.0,810.6666666666666,783.3872426189548,837.9460907143784,0.4021164021164021,0.38858494177527525,0.41564786245752894,0.4021164021164021,0.38858494177527525,0.41564786245752894,0.7307161224922827,0.6952979403480459,0.7661343046365194,0.0,0.0,0.0,0.7307161224922827,0.6952979403480459,0.7661343046365194,0.0,0.0,0.0,9.066666666666666,8.22349191472677,9.909841418606563,0.003208770399999139,0.0031079330351719402,0.0033096077648263377,30,0,
coverage,SM,64,2,605,efficient,18.90625,0.30009920634920634,11.166335813610406,19.20796248032108,below_1,above_log_er,1.8640082670542213e-05,213.26280991735538,497.6333333333333,475.09684202459914,520.1698246420675,0.24684193121693124,0.23566311608363055,0.2580207463502319,2.3334276310350526,2.2277528942280695,2.4391023678420356,0.6868052525480147,0.6814347263323729,0.6921757787636565,0.012879678126537574,0.00851961730414962,0.017239738948925526,0.6789325371758549,0.6748511052466557,0.6830139691050541,0.005006962754377646,0.0004710620646921366,0.009542863444063155,0.0,0.0,0.0,0.0027630062666654945,0.002739326655515623,0.002786685877815366,30,0,
coverage,SM,64,2,605,pl,18.90625,0.30009920634920634,11.166335813610406,19.20796248032108,below_1,above_log_er,1.8640082670542213e-05,213.26280991735538,490.3333333333333,468.308082579958,512.3585840867087,0.24322089947089945,0.23229567588291566,0.25414612305888323,2.2991975653108465,2.1959200610806873,2.4024750695410058,0.6739255744214774,0.6697753886314899,0.6780757602114649,0.0,0.0,0.0,0.6739255744214774,0.6697753886314899,0.6780757602114649,0.0,0.0,0.0,0.0,0.0,0.0,0.004968041833330024,0.004757961322214181,0.005178122344445867,30,0,
coverage,SM,64,2,2016,efficient,63.0,1.0,37.208814876427404,64.00537580219388,at_1,above_log_er,6.533989390084519e-25,64.0,301.7,290.3235629872122,313.0764370127878,0.1496527777777778,0.1440097038627045,0.1552958516928511,4.7140625,4.536305671675191,4.891819328324809,0.6605992352437031,0.655660530110741,0.6655379403766652,0.0020131591239667098,-0.000976871437917132,0.005003189685850552,0.6588797468944201,0.6546209470347967,0.6631385467540435,0.0002936707746836438,-0.002162083377392897,0.0027494249267601845,0.0,0.0,0.0,0.0029404306666672634,0.002872384369798336,0.003008476963536191,30,0,
coverage,SM,64,2,2016,pl,63.0,1.0,37.208814876427404,64.00537580219388,at_1,above_log_er,6.533989390084519e-25,64.0,297.5,286.6728871715667,308.3271128284333,0.14756944444444445,0.14219885276367394,0.15294003612521495,4.6484375,4.4792638620557295,4.8176111379442705,0.6585860761197362,0.6550015875465914,0.6621705646928809,0.0,0.0,0.0,0.6585860761197362,0.6550015875465914,0.6621705646928809,0.0,0.0,0.0,0.0,0.0,0.0,0.008286623199999591,0.008095304981215069,0.008477941418784114,30,0,
coverage,SM,64,2,6048,efficient,189.0,3.0,111.6264446292822,192.01612740658163,above_1,above_log_er,1.662705674134947e-80,21.333333333333332,183.43333333333334,176.37654440389426,190.49012226277242,0.0909887566137566,0.08748836527970943,0.09448914794780378,8.5984375,8.267650518932541,8.929224481067457,0.6469033181734335,0.6427338687087153,0.6510727676381517,-0.002716152475518933,-0.0052615742300172715,-0.0001707307210205948,0.6469017151267306,0.6431689446854763,0.6506344855679849,-0.002717755522221902,-0.005118181447290646,-0.0003173295971531584,0.0,0.0,0.0,0.003692768333329847,0.0036420196430004452,0.003743517023659249,30,0,
coverage,SM,64,2,6048,pl,189.0,3.0,111.6264446292822,192.01612740658163,above_1,above_log_er,1.662705674134947e-80,21.333333333333332,177.8,171.22740822090458,184.37259177909544,0.08819444444444445,0.08493423026830584,0.09145465862058307,8.334375,8.026284760354901,8.642465239645098,0.6496194706489524,0.6459824462942182,0.6532564950036867,0.0,0.0,0.0,0.6496194706489524,0.6459824462942182,0.6532564950036867,0.0,0.0,0.0,0.0,0.0,0.0,0.017609598500002713,0.01732919275078969,0.017890004249215736,30,0,
coverage,SM,64,8,2,efficient,0.25,0.027777777777777776,0.08118355117844678,0.26706278524904525,below_1,below_1,3136.0,2016.0,853.8666666666667,826.1517846115328,881.5815487218006,0.4235449735449735,0.40979751220810157,0.43729243488184544,0.4235449735449735,0.40979751220810157,0.43729243488184544,89.03461673499109,70.91839430429921,107.15083916568297,78.65423586780199,60.53253206839281,96.77593966721116,45.42099585826506,36.79744078888827,54.04455092764185,35.04061499107598,26.411714839027177,43.66951514312478,49.13333333333333,48.744370753561846,49.52229591310482,0.0032422856000010824,0.0020592012529346594,0.004425369947067505,30,0,
coverage,SM,64,8,2,pl,0.25,0.027777777777777776,0.08118355117844678,0.26706278524904525,below_1,below_1,3136.0,2016.0,863.1,835.4936490814109,890.7063509185891,0.42812500000000003,0.41443137355228715,0.4418186264477129,0.42812500000000003,0.41443137355228715,0.4418186264477129,10.380380867189082,10.345784626024004,10.41497710835416,0.0,0.0,0.0,10.380380867189082,10.345784626024004,10.41497710835416,0.0,0.0,0.0,49.13333333333333,48.744370753561846,49.52229591310482,0.00119571313333419,0.0011689539363340222,0.0012224723303343578,30,0,
coverage,SM,64,8,22,efficient,2.75,0.3055555555555556,0.8930190629629146,2.9376906377394976,below_1,below_log_er,217.03866751504532,209.45454545454544,378.8333333333333,365.24624539571425,392.4204212709524,0.18791335978835982,0.18117373283517577,0.19465298674154388,1.8086660879629632,1.7437971785385669,1.8735349973873596,10.098879483432082,9.93936168573728,10.258397281126884,0.6892777448042311,0.4768459057961043,0.9017095838123579,9.315864864152502,9.231102333139622,9.400627395165381,-0.09373687447535049,-0.2928989817709988,0.10542523282029785,3.2,2.686698265966916,3.7133017340330845,0.016487266166668253,0.016108997356760132,0.016865534976576373,30,0,
coverage,SM,64,8,22,pl,2.75,0.3055555555555556,0.8930190629629146,2.9376906377394976,below_1,below_log_er,217.03866751504532,209.45454545454544,375.46666666666664,362.531597772647,388.4017355606863,0.18624338624338627,0.17982718143484477,0.19265959105192776,1.7925925925925925,1.7308366213103807,1.8543485638748043,9.40960173862785,9.202398623320777,9.616804853934925,0.0,0.0,0.0,9.40960173862785,9.202398623320777,9.616804853934925,0.0,0.0,0.0,3.2,2.686698265966916,3.7133017340330845,0.007367309066664044,0.0071704147809326345,0.007564203352395453,30,0,
coverage,SM,64,8,72,efficient,9.0,1.0,2.922607842424084,9.61426026896563,at_1,above_log_er,0.27348893848168243,64.0,205.36666666666667,196.94167903972914,213.7916542936042,0.10186838624338625,0.09768932492050056,0.10604744756627194,3.208854166666667,3.077213734995768,3.340494598337566,8.470358617140805,8.414428930473727,8.526288303807883,-0.04835750306993801,-0.12961102342789527,0.03289601728801925,8.44014241446658,8.386744807114459,8.493540021818701,-0.07857370574416192,-0.14184712578930775,-0.015300285699016092,0.0,0.0,0.0,0.016871268866666848,0.01620349918335632,0.017539038549977376,30,0,
coverage,SM,64,8,72,pl,9.0,1.0,2.922607842424084,9.61426026896563,at_1,above_log_er,0.27348893848168243,64.0,198.46666666666667,189.86588765642892,207.0674456769044,0.09844576719576721,0.0941795077660858,0.10271202662544862,3.1010416666666667,2.966654494631702,3.2354288387016314,8.518716120210742,8.438900740329785,8.598531500091699,0.0,0.0,0.0,8.518716120210742,8.438900740329785,8.598531500091699,0.0,0.0,0.0,0.0,0.0,0.0,0.009041199300000358,0.008390793665089142,0.009691604934911573,30,0,
coverage,SM,64,8,216,efficient,27.0,3.0,8.767823527272252,28.842780806896887,above_1,above_log_er,1.219268631697715e-09,21.333333333333332,112.66666666666667,107.55962994497769,117.77370338835566,0.05588624338624337,0.05335299104413574,0.058419495728351006,5.28125,5.041857653670829,5.520642346329171,7.927389241631426,7.902354809879214,7.952423673383637,-0.2721145787377134,-0.29974671328616964,-0.2444824441892571,7.955175773916223,7.9233277826001585,7.987023765232288,-0.2443280464529144,-0.2781806017803721,-0.21047549112545666,0.0,0.0,0.0,0.016731512500002547,0.016468488720734087,0.016994536279271007,30,0,
coverage,SM,64,8,216,pl,27.0,3.0,8.767823527272252,28.842780806896887,above_1,above_log_er,1.219268631697715e-09,21.333333333333332,114.03333333333333,108.63507828066972,119.43158838599695,0.056564153439153435,0.053886447559856006,0.059241859318450864,5.3453125,5.092269294406393,5.598355705593607,8.199503820369138,8.177681993331271,8.221325647407005,0.0,0.0,0.0,8.199503820369138,8.177681993331271,8.221325647407005,0.0,0.0,0.0,0.0,0.0,0.0,0.011405600666665804,0.011245566627746957,0.011565634705584651,30,0,
coverage,SM,64,32,1,efficient,0.5,0.24603174603174602,0.11196362948523948,0.6931471805599453,below_1,below_1,2048.0,260.1290322580645,540.9,527.306463118567,554.493536881433,0.2683035714285714,0.2615607455945273,0.27504639726261554,2.079352678571429,2.027095778357587,2.131609578785271,1373.69890742771,1341.445152622435,1405.9526622329852,1297.7216182084615,1265.615324879182,1329.8279115377409,687.0582875239961,670.9314101213586,703.1851649266337,611.080998304747,595.1011047540763,627.0608918554177,32.0,32.0,32.0,0.003511533300001209,0.0034934121887015925,0.0035296544113008256,60,0,
coverage,SM,64,32,1,pl,0.5,0.24603174603174602,0.11196362948523948,0.6931471805599453,below_1,below_1,2048.0,260.1290322580645,548.35,535.4524867138454,561.2475132861547,0.27199900793650794,0.265601431901709,0.2783965839713069,2.107992311507937,2.058411097238245,2.157573525777629,75.97728921924902,75.7486542367976,76.20592420170043,0.0,0.0,0.0,75.97728921924902,75.7486542367976,76.20592420170043,0.0,0.0,0.0,32.0,32.0,32.0,0.002872855866667597,0.002862512106448662,0.002883199626886532,60,0,
coverage,SM,64,32,4,efficient,2.0,0.9841269841269841,0.44785451794095793,2.772588722239781,below_1,below_log_er,256.0,65.03225806451613,153.9,144.8007027470675,162.9992972529325,0.07633928571428572,0.07182574541025175,0.0808528260183197,2.3665178571428576,2.226598107717804,2.506437606567911,60.13855075330772,58.252153893124216,62.02494761349122,-4.116963436144643,-5.7318529545185655,-2.5020739177707205,52.76973641919459,51.87537071956585,53.66410211882332,-11.485777770257776,-12.178941854131871,-10.792613686383682,3.6333333333333333,3.0410292787671844,4.225637387899482,0.03350399826666717,0.03304068045884442,0.03396731607448992,30,0,
coverage,SM,64,32,4,pl,2.0,0.9841269841269841,0.44785451794095793,2.772588722239781,below_1,below_log_er,256.0,65.03225806451613,175.56666666666666,166.23554003524416,184.89779329808917,0.0870866402116402,0.08245810517621237,0.09171517524706803,2.699685846560847,2.556201260462584,2.8431704326591096,64.25551418945237,63.82236881267044,64.68865956623429,0.0,0.0,0.0,64.25551418945237,63.82236881267044,64.68865956623429,0.0,0.0,0.0,3.6333333333333333,3.0410292787671844,4.225637387899482,0.0045849113333342,0.004498212007094764,0.004671610659573637,30,0,
coverage,SM,64,32,12,efficient,6.0,2.9523809523809526,1.3435635538228738,8.317766166719343,above_1,above_log_er,1.0,21.677419354838708,57.1,53.68985021970076,60.510149780299244,0.028323412698412702,0.026631870148661092,0.03001495524816431,2.634077380952381,2.4767639238254815,2.791390838079281,42.74863319932856,42.40596940530838,43.091296993348735,-1.338099939390453,-1.6276391026786083,-1.0485607761022975,42.821204826720304,42.46370448694567,43.178705166494936,-1.2655283119987013,-1.5810454066885424,-0.9500112173088602,0.0,0.0,0.0,0.08418238683333167,0.08273148542375748,0.08563328824290585,30,0,
coverage,SM,64,32,12,pl,6.0,2.9523809523809526,1.3435635538228738,8.317766166719343,above_1,above_log_er,1.0,21.677419354838708,54.266666666666666,50.8444365542927,57.68889677904063,0.02691798941798942,0.025220454640026143,0.0286155241959527,2.503373015873016,2.3455022815224313,2.661243750223601,44.086733138719005,43.86384363229791,44.3096226451401,0.0,0.0,0.0,44.086733138719005,43.86384363229791,44.3096226451401,0.0,0.0,0.0,0.0,0.0,0.0,0.023116598833331635,0.022619555574969474,0.023613642091693796,30,0,
