dataset,N,method,nll,pl_tuned_delta,pl_tuned_lo,pl_tuned_hi,pl_fixed_1_delta,pl_fixed_1_lo,pl_fixed_1_hi,pl_fixed_10_delta,pl_fixed_10_lo,pl_fixed_10_hi,uniform_delta,uniform_lo,uniform_hi
beans,2,efficient_shrunk,5.383164578678252,3.553606097879769,3.337385365629521,3.767820904148901,3.553606097879769,3.337385365629521,3.767820904148901,3.5932415088170653,3.3593209480697452,3.825050382465774,3.5914051094501964,3.354111836443475,3.823886414112934
beans,2,mle_shrunk,6.5990768639191435,4.769518383120661,4.518627630837794,5.011809777007264,4.769518383120661,4.518627630837794,5.011809777007264,4.809153794057957,4.55378913874585,5.058601352708189,4.807317394691089,4.5513372658242615,5.058579311419324
beans,2,pl_fixed_1,1.8295584807984824,0.0,0.0,0.0,0.0,0.0,0.0,0.039635410937296764,0.017745303902901247,0.062497900569691844,0.03779901157042748,0.011913626158599535,0.0643859516404578
beans,2,pl_fixed_10,1.7899230698611857,-0.039635410937296764,-0.062497900569691844,-0.017745303902901268,-0.039635410937296764,-0.062497900569691844,-0.017745303902901268,0.0,0.0,0.0,-0.0018363993668692685,-0.005773998224956739,0.0021333628876126203
beans,2,pl_tuned,1.8295584807984824,0.0,0.0,0.0,0.0,0.0,0.0,0.039635410937296764,0.017745303902901247,0.062497900569691844,0.03779901157042748,0.011913626158599535,0.0643859516404578
beans,2,uniform,1.791759469228055,-0.03779901157042748,-0.0643859516404578,-0.011913626158599542,-0.03779901157042748,-0.0643859516404578,-0.011913626158599542,0.0018363993668692685,-0.002133362887612623,0.005773998224956737,0.0,0.0,0.0
beans,5,efficient_shrunk,1.892256188406631,-0.11018007104826186,-0.15879387099832618,-0.06372250407672268,0.014980440362854858,-0.024662909654670315,0.055183318152748476,0.10381624441729223,0.06946084334986552,0.13929996351379617,0.10049671917857605,0.06407642485091238,0.13956002581916702
beans,5,mle_shrunk,1.8254932017573706,-0.17694305769752236,-0.23240531321337213,-0.1220330174573521,-0.05178254628640562,-0.08814136685639483,-0.014439908960242668,0.037053257768031735,0.021226133228918684,0.05413077535404254,0.033733732529315566,0.016318125284551645,0.05234951257014503
beans,5,pl_fixed_1,1.877275748043776,-0.1251605114111167,-0.1690920847238534,-0.08200736140767041,0.0,0.0,0.0,0.08883580405443735,0.05613996369485227,0.12373322388331223,0.08551627881572117,0.04655674680102769,0.12658078022401817
beans,5,pl_fixed_10,1.788439943989339,-0.21399631546555412,-0.2725167135307369,-0.15866648657018817,-0.08883580405443735,-0.12373322388331225,-0.05613996369485227,0.0,0.0,0.0,-0.0033195252387161756,-0.009899338469715682,0.0034111708785253838
beans,5,pl_tuned,2.002436259454893,0.0,0.0,0.0,0.1251605114111167,0.08200736140767041,0.1690920847238534,0.21399631546555412,0.15866648657018814,0.2725167135307369,0.21067679022683786,0.151790135718746,0.2755716621341202
beans,5,uniform,1.791759469228055,-0.21067679022683786,-0.2755716621341202,-0.15179013571874608,-0.08551627881572117,-0.1265807802240182,-0.04655674680102769,0.0033195252387161756,-0.003411170878525386,0.00989933846971568,0.0,0.0,0.0
beans,10,efficient_shrunk,1.8110153484495417,-0.487793130087459,-0.5834741259396277,-0.39335331037492,-0.08706322294159365,-0.11270314909695767,-0.06174795430279284,0.01883844878600079,0.008612969078862989,0.029244139581321216,0.019255879221486628,0.007027324881737646,0.031484433561235606
beans,10,mle_shrunk,1.934907735198083,-0.36390074333891825,-0.44618722613624606,-0.2819993984689453,0.03682916380694716,-0.0015393459417437866,0.07408531092348777,0.1427308355345416,0.10429465834443866,0.1795841019769561,0.14314826597002742,0.10304198649761485,0.18165029426354354
beans,10,pl_fixed_1,1.8980785713911352,-0.40072990714586537,-0.4787208875382216,-0.3235980750790839,0.0,0.0,0.0,0.10590167172759445,0.08078752932277723,0.13089831061118695,0.10631910216308027,0.07593809802416915,0.13685707757204726
beans,10,pl_fixed_10,1.792176899663541,-0.5066315788734598,-0.6046742741983271,-0.40813509711262613,-0.10590167172759445,-0.13089831061118695,-0.08078752932277725,0.0,0.0,0.0,0.0004174304354858381,-0.005082992513217079,0.0062890685423681045
beans,10,pl_tuned,2.2988084785370004,0.0,0.0,0.0,0.40072990714586537,0.3235980750790839,0.4787208875382216,0.5066315788734598,0.4081350971126261,0.604674274198327,0.5070490093089456,0.4063247941930913,0.6093297490563316
beans,10,uniform,1.791759469228055,-0.5070490093089456,-0.6093297490563317,-0.4063247941930913,-0.10631910216308027,-0.13685707757204726,-0.07593809802416916,-0.0004174304354858381,-0.006289068542368109,0.005082992513217078,0.0,0.0,0.0
beans,14,efficient_shrunk,1.8460475647024979,-0.10865118644317835,-0.15118324253968765,-0.07045931680281131,-0.08121591252830784,-0.12127072263918119,-0.04461772460818498,0.05272856108728433,0.025937303289312177,0.07659244523907427,0.05428809547444296,0.029339876748093588,0.07651520904400635
beans,14,mle_shrunk,1.7972359955292794,-0.15746275561639686,-0.20296842572478785,-0.11665175366554663,-0.13002748170152634,-0.15992237527180186,-0.10095685178147779,0.003916991914065821,-0.009050598255074838,0.016235585211201387,0.005476526301224439,-0.004570744332017449,0.015199597786154312
beans,14,pl_fixed_1,1.927263477230806,-0.02743527391487051,-0.06861764942960397,0.013748028310171358,0.0,0.0,0.0,0.13394447361559217,0.11216846468390002,0.15591854242700082,0.1355040080027508,0.10812340635341496,0.16355732996730382
beans,14,pl_fixed_10,1.7933190036152133,-0.1613797475304627,-0.20619793345630505,-0.11916059987285064,-0.13394447361559217,-0.15591854242700082,-0.11216846468390002,0.0,0.0,0.0,0.0015595343871586185,-0.0050474859444191375,0.008435841532399265
beans,14,pl_tuned,1.9546987511456766,0.0,0.0,0.0,0.02743527391487051,-0.013748028310171374,0.06861764942960395,0.1613797475304627,0.11916059987285056,0.20619793345630494,0.16293928191762133,0.1186994593054504,0.20958179584776773
beans,14,uniform,1.791759469228055,-0.16293928191762133,-0.20958179584776776,-0.11869945930545044,-0.1355040080027508,-0.16355732996730382,-0.10812340635341502,-0.0015595343871586185,-0.008435841532399267,0.005047485944419135,0.0,0.0,0.0
beans,30,efficient_shrunk,1.8249796297014331,0.0272599431812021,0.008561718866127771,0.04511260065858832,-0.010570749209821165,-0.0424858742714704,0.019983343677629623,0.034328611802298695,0.021595531213738636,0.04729148415499468,0.03322016047337857,0.01994779178760904,0.04664016242213824
beans,30,mle_shrunk,1.8038300839930466,0.00611039747281489,-0.014552661213994381,0.026517919562198383,-0.031720294918208373,-0.06790625578005607,0.00465665424447044,0.013179066093911488,-0.0027358149793530184,0.029125973409893292,0.012070614764991357,0.001807366408457808,0.021655068300036613
beans,30,pl_fixed_1,1.8355503789112548,0.03783069239102327,0.020017468171180226,0.055750659372872616,0.0,0.0,0.0,0.04489936101211986,0.02279740762284446,0.0677932760831875,0.043790909683199736,0.00956677606560494,0.07831521003626271
beans,30,pl_fixed_10,1.7906510178991346,-0.007068668621096596,-0.01594567359793981,0.0007573720740087316,-0.04489936101211986,-0.06779327608318751,-0.022797407622844473,0.0,0.0,0.0,-0.0011084513289201276,-0.01286308649070611,0.010555592672580844
beans,30,pl_tuned,1.7977196865202312,0.0,0.0,0.0,-0.03783069239102327,-0.05575065937287263,-0.02001746817118023,0.007068668621096596,-0.0007573720740087342,0.01594567359793981,0.005960217292176468,-0.012220980320676927,0.025212727877707865
beans,30,uniform,1.791759469228055,-0.005960217292176468,-0.02521272787770787,0.012220980320676917,-0.043790909683199736,-0.07831521003626271,-0.009566776065604958,0.0011084513289201276,-0.010555592672580848,0.012863086490706102,0.0,0.0,0.0
beans,100,efficient_shrunk,1.7904148570519427,-0.0051256358929600634,-0.020231404424601626,0.008801266881015185,-0.0057661449578976535,-0.02050382477274957,0.008183060286518799,0.00656395140952635,-0.004076657466085373,0.016614684298908007,-0.0013446121761121457,-0.021288545391813886,0.018645663531709038
beans,100,mle_shrunk,1.8013700404445234,0.005829547499620534,-0.011956989514415315,0.022965785894436323,0.005189038434682944,-0.011834301732733948,0.021970165787182687,0.017519134802106946,0.005451100586245924,0.029592523096564315,0.009610571216468453,-0.010640429635055114,0.029675733303538857
beans,100,pl_fixed_1,1.7961810020098405,0.00064050906493759,-0.0029561282946580095,0.004320372671518534,0.0,0.0,0.0,0.012330096367424001,0.001646028438947127,0.02326259143210423,0.004421532781785508,-0.02220859682652617,0.03202804448828795
beans,100,pl_fixed_10,1.7838509056424163,-0.011689587302486414,-0.024261038194494888,0.00047971808123831676,-0.012330096367424001,-0.023262591432104233,-0.0016460284389471364,0.0,0.0,0.0,-0.007908563585638496,-0.023824263314544545,0.008301782800356572
beans,100,pl_tuned,1.795540492944903,0.0,0.0,0.0,-0.00064050906493759,-0.0043203726715185355,0.002956128294658004,0.011689587302486414,-0.00047971808123832115,0.02426103819449488,0.0037810237168479175,-0.023666518471309173,0.03210663121172668
beans,100,uniform,1.791759469228055,-0.0037810237168479175,-0.03210663121172668,0.023666518471309166,-0.004421532781785508,-0.032028044488287964,0.02220859682652616,0.007908563585638496,-0.008301782800356578,0.023824263314544528,0.0,0.0,0.0
sushi_b,5,efficient_shrunk,15.120484636066374,-0.8863705970641652,-0.9553383776845868,-0.8147140479900956,-0.1053707933860697,-0.15153553357906865,-0.05882335856692968,0.09520019980396273,0.08591945856377778,0.1047799520446579,0.016072062990857585,0.008809356100045686,0.02369276293974009
sushi_b,5,insertion_shrunk,15.104412573075514,-0.902442660055021,-0.9741620816952783,-0.8275445867506731,-0.1214428563769255,-0.1694538849022332,-0.07203808675789829,0.07912813681310692,0.07132547037773604,0.08718285909042629,1.7763568394002505e-15,1.7763568394002505e-15,1.7763568394002505e-15
sushi_b,5,pl_fixed_1,15.225855429452444,-0.7809998036780955,-0.8319169591993018,-0.7308990094545749,0.0,0.0,0.0,0.20057099319003244,0.159085336652077,0.2406171064599411,0.12144285637692728,0.07203808675790009,0.16945388490223498
sushi_b,5,pl_fixed_10,15.025284436262409,-0.9815707968681279,-1.0485312055100755,-0.9137898106397561,-0.20057099319003244,-0.24061710645994114,-0.159085336652077,0.0,0.0,0.0,-0.07912813681310514,-0.08718285909042453,-0.07132547037773428
sushi_b,5,pl_tuned,16.006855233130537,0.0,0.0,0.0,0.7809998036780955,0.7308990094545748,0.8319169591993018,0.9815707968681279,0.913789810639756,1.0485312055100753,0.9024426600550229,0.827544586750675,0.9741620816952801
sushi_b,5,uniform,15.10441257307551,-0.9024426600550229,-0.9741620816952802,-0.827544586750675,-0.12144285637692728,-0.16945388490223498,-0.07203808675790009,0.07912813681310514,0.07132547037773428,0.08718285909042453,0.0,0.0,0.0
sushi_b,10,efficient_shrunk,15.027746541862657,-0.05125804091261017,-0.06987992866775891,-0.03287122829334501,-0.22952999118050513,-0.26902128388831015,-0.19054475526203418,0.036886796738780085,0.018751683803210954,0.05527122102240885,-0.07666603121285928,-0.10222858832404451,-0.05210838707300592
sushi_b,10,insertion_shrunk,15.082324706261605,0.0033201234863383285,-0.021303218740809815,0.026819568884263366,-0.17495182678155663,-0.22218810548999737,-0.1262161934223063,0.09146496113772859,0.07919509843239773,0.1032613241976705,-0.02208786681391077,-0.03777341212907141,-0.006965536770389629
sushi_b,10,pl_fixed_1,15.25727653304316,0.17827195026789497,0.14434047543293252,0.21117012148789427,0.0,0.0,0.0,0.26641678791928525,0.22023515606020816,0.31075076858236084,0.15286395996764587,0.09676798006273711,0.2068566986242097
sushi_b,10,pl_fixed_10,14.990859745123876,-0.08814483765139026,-0.10692432574825962,-0.07063276835102426,-0.26641678791928525,-0.31075076858236095,-0.22023515606020821,0.0,0.0,0.0,-0.11355282795163936,-0.12435920462149945,-0.10301345895509532
sushi_b,10,pl_tuned,15.079004582775266,0.0,0.0,0.0,-0.17827195026789497,-0.2111701214878943,-0.14434047543293252,0.08814483765139026,0.07063276835102426,0.10692432574825962,-0.025407990300249098,-0.052005021116911215,0.0015918631411667025
sushi_b,10,uniform,15.10441257307551,0.025407990300249098,-0.0015918631411667087,0.05200502111691121,-0.15286395996764587,-0.20685669862420974,-0.09676798006273714,0.11355282795163936,0.10301345895509532,0.12435920462149944,0.0,0.0,0.0
sushi_b,25,efficient_shrunk,14.84847585789511,-0.0380098861401802,-0.06305134683385218,-0.012955563281340154,-0.2137966031878171,-0.252308734054943,-0.17679333461931449,-0.023810679432359587,-0.05492538956677449,0.0067585767795298474,-0.25593671518040695,-0.3017754483601155,-0.21145206151241577
sushi_b,25,insertion_shrunk,14.86510644537477,-0.02137929866051765,-0.0463131373210881,0.004134831711428845,-0.19716601570815454,-0.24002014444482622,-0.1554077249898305,-0.007180091952697034,-0.034215735785901126,0.02024622816950106,-0.23930612770074436,-0.28129379612124883,-0.19895871608517074
sushi_b,25,pl_fixed_1,15.062272461082928,0.1757867170476369,0.13404160329305703,0.21804778277635145,0.0,0.0,0.0,0.18998592375545753,0.13767135676615125,0.24408460603105303,-0.04214011199258985,-0.11247122328903304,0.029889494101540303
sushi_b,25,pl_fixed_10,14.872286537327469,-0.014199206707820612,-0.030898359521890725,0.0018024762102199006,-0.18998592375545753,-0.24408460603105306,-0.1376713567661513,0.0,0.0,0.0,-0.23212603574804735,-0.2508505734737249,-0.21329978343037817
sushi_b,25,pl_tuned,14.88648574403529,0.0,0.0,0.0,-0.1757867170476369,-0.2180477827763515,-0.13404160329305706,0.014199206707820612,-0.001802476210219909,0.030898359521890698,-0.21792682904022675,-0.2491044316442671,-0.18512781804165324
sushi_b,25,uniform,15.10441257307551,0.21792682904022675,0.1851278180416532,0.2491044316442671,0.04214011199258985,-0.029889494101540317,0.11247122328903303,0.23212603574804735,0.21329978343037817,0.25085057347372486,0.0,0.0,0.0
sushi_b,50,efficient_shrunk,14.703312270315738,-0.09635026961045819,-0.12257569166163136,-0.06956106427516497,-0.16101154357051287,-0.21353957173174468,-0.1141711829820866,-0.05141062404037418,-0.07696930618673897,-0.02517171832864376,-0.40110030275977704,-0.44785925681908884,-0.3547022993210067
sushi_b,50,insertion_shrunk,14.725273528007543,-0.07438901191865614,-0.10414511897565741,-0.04547213476086545,-0.13905028587871082,-0.1950252410761684,-0.08752860416691274,-0.029449366348572113,-0.05235520916457605,-0.006077258163924717,-0.37913904506797497,-0.4229189857474781,-0.3382338048141169
sushi_b,50,pl_fixed_1,14.864323813886253,0.06466127396005468,0.03183502717029549,0.0980690615587929,0.0,0.0,0.0,0.1096009195301387,0.05606911331752506,0.16711268166726284,-0.24008875918926412,-0.32090513073507876,-0.15540235903918173
sushi_b,50,pl_fixed_10,14.754722894356114,-0.04493964557008401,-0.07212000113581868,-0.018779294986531296,-0.1096009195301387,-0.16711268166726287,-0.056069113317525086,0.0,0.0,0.0,-0.3496896787194029,-0.37971565310466565,-0.3190118820150206
sushi_b,50,pl_tuned,14.799662539926198,0.0,0.0,0.0,-0.06466127396005468,-0.0980690615587929,-0.03183502717029549,0.04493964557008401,0.018779294986531286,0.07212000113581868,-0.3047500331493188,-0.3572074793979457,-0.24991912277751602
sushi_b,50,uniform,15.10441257307551,0.3047500331493188,0.24991912277751602,0.3572074793979457,0.24008875918926412,0.1554023590391816,0.32090513073507876,0.3496896787194029,0.31901188201502056,0.3797156531046656,0.0,0.0,0.0
sushi_b,100,efficient_shrunk,14.607071860677495,-0.1698738705538543,-0.20958868306509862,-0.1304251161726438,-0.06209271308122294,-0.10624331092447675,-0.01879673888439934,0.0068294755655773165,-0.03408700294511863,0.047539739701342176,-0.49734071239802075,-0.5753152872535641,-0.42019911156685735
sushi_b,100,insertion_shrunk,14.593443852287429,-0.18350187894392114,-0.22075932280338717,-0.14483033047189306,-0.07572072147128975,-0.12601099671218036,-0.025656056289549374,-0.006798532824489499,-0.036563180833798656,0.024882234521594226,-0.5109687207880875,-0.572254639236311,-0.4470996953755059
sushi_b,100,pl_fixed_1,14.669164573758717,-0.1077811574726314,-0.14023142476602507,-0.07695738548517621,0.0,0.0,0.0,0.06892218864680026,0.02021067683332044,0.12106736928353522,-0.43524799931679775,-0.5270952269176942,-0.3376712466158727
sushi_b,100,pl_fixed_10,14.600242385111917,-0.17670334611943167,-0.2116809331917711,-0.14380427249580335,-0.06892218864680026,-0.12106736928353523,-0.02021067683332046,0.0,0.0,0.0,-0.5041701879635981,-0.549332189151943,-0.45661628740017335
sushi_b,100,pl_tuned,14.77694573123135,0.0,0.0,0.0,0.1077811574726314,0.07695738548517621,0.14023142476602507,0.17670334611943167,0.1438042724958033,0.21168093319177103,-0.3274668418441664,-0.3982429487987723,-0.251679869781894
sushi_b,100,uniform,15.10441257307551,0.3274668418441664,0.25167986978189394,0.3982429487987723,0.43524799931679775,0.33767124661587267,0.5270952269176942,0.5041701879635981,0.45661628740017335,0.549332189151943,0.0,0.0,0.0
sushi_b,300,efficient_shrunk,14.37029354333337,-0.054112174848183175,-0.09098363401675749,-0.016969016026269282,-0.06367839716751725,-0.10522602737332232,-0.021959483161982263,-0.05497426602816288,-0.08745509565314358,-0.021133226891625785,-0.7341190297421469,-0.8085717037609194,-0.6561453199199514
sushi_b,300,insertion_shrunk,14.408655582804984,-0.015750135376568986,-0.05385617982708151,0.02304354384974748,-0.025316357695903062,-0.07126228028749874,0.020031880316371084,-0.016612226556548686,-0.04841767529219747,0.015229516444664849,-0.6957569902705327,-0.7640105557148186,-0.6254297411892702
sushi_b,300,pl_fixed_1,14.433971940500887,0.009566222319334076,-0.002904872396061145,0.022880153126373738,0.0,0.0,0.0,0.008704131139354372,-0.020008991798558327,0.03952652824406014,-0.6704406325746297,-0.7633789710150685,-0.5692620339370654
sushi_b,300,pl_fixed_10,14.425267809361532,0.0008620911799797035,-0.01750904750954781,0.01866593441607054,-0.008704131139354372,-0.03952652824406022,0.020008991798558324,0.0,0.0,0.0,-0.679144763713984,-0.7451430582172284,-0.6102191648286414
sushi_b,300,pl_tuned,14.424405718181552,0.0,0.0,0.0,-0.009566222319334076,-0.02288015312637374,0.002904872396061143,-0.0008620911799797035,-0.018665934416070555,0.017509047509547803,-0.6800068548939637,-0.7625255323755931,-0.5917601565670452
sushi_b,300,uniform,15.10441257307551,0.6800068548939637,0.5917601565670451,0.762525532375593,0.6704406325746297,0.5692620339370654,0.7633789710150684,0.679144763713984,0.6102191648286412,0.7451430582172283,0.0,0.0,0.0
