dataset,rep,n,r,N,mu,lambda_,coverage_ratio,Vcov,lambda_region,mu_region,unseen_term,reference_shape,unseen_items,unseen_pairs,item_min,item_max,pair_max,method,nll,delta
beans,0,10,3,2,0.6,0.13333333333333333,0.28590321482430264,0.7133498878774647,below_1,below_1,48.99999999999999,45.0,4,39,0,1,1,pl,1.8891099367589526,0.0
beans,0,10,3,2,0.6,0.13333333333333333,0.28590321482430264,0.7133498878774647,below_1,below_1,48.99999999999999,45.0,4,39,0,1,1,efficient,16.09476535607251,14.20565541931356
beans,0,10,3,2,0.6,0.13333333333333333,0.28590321482430264,0.7133498878774647,below_1,below_1,48.99999999999999,45.0,4,39,0,1,1,efficient_shrunk,8.06081307014275,6.1717031333837955
beans,0,10,3,2,0.6,0.13333333333333333,0.28590321482430264,0.7133498878774647,below_1,below_1,48.99999999999999,45.0,4,39,0,1,1,mle,16.745652930037007,14.856542993278056
beans,0,10,3,2,0.6,0.13333333333333333,0.28590321482430264,0.7133498878774647,below_1,below_1,48.99999999999999,45.0,4,39,0,1,1,mle_shrunk,8.386256857124998,6.497146920366044
beans,0,10,3,5,1.5,0.3333333333333333,0.7147580370607567,1.7833747196936618,below_1,below_log_er,16.806999999999995,30.0,1,30,0,3,1,pl,1.7901489066103096,0.0
beans,0,10,3,5,1.5,0.3333333333333333,0.7147580370607567,1.7833747196936618,below_1,below_log_er,16.806999999999995,30.0,1,30,0,3,1,efficient,2.4089020994175665,0.6187531928072573
beans,0,10,3,5,1.5,0.3333333333333333,0.7147580370607567,1.7833747196936618,below_1,below_log_er,16.806999999999995,30.0,1,30,0,3,1,efficient_shrunk,1.791759469228055,0.0016105626177457919
beans,0,10,3,5,1.5,0.3333333333333333,0.7147580370607567,1.7833747196936618,below_1,below_log_er,16.806999999999995,30.0,1,30,0,3,1,mle,15.20719139157547,13.417042484965162
beans,0,10,3,5,1.5,0.3333333333333333,0.7147580370607567,1.7833747196936618,below_1,below_log_er,16.806999999999995,30.0,1,30,0,3,1,mle_shrunk,1.791759469228055,0.0016105626177457919
beans,0,10,3,10,3.0,0.6666666666666666,1.4295160741215134,3.5667494393873236,below_1,above_log_er,2.8247524899999985,15.0,1,23,0,6,3,pl,2.861151342984809,0.0
beans,0,10,3,10,3.0,0.6666666666666666,1.4295160741215134,3.5667494393873236,below_1,above_log_er,2.8247524899999985,15.0,1,23,0,6,3,efficient,2.250863570823716,-0.6102877721610924
beans,0,10,3,10,3.0,0.6666666666666666,1.4295160741215134,3.5667494393873236,below_1,above_log_er,2.8247524899999985,15.0,1,23,0,6,3,efficient_shrunk,1.791759469228055,-1.0693918737567536
beans,0,10,3,10,3.0,0.6666666666666666,1.4295160741215134,3.5667494393873236,below_1,above_log_er,2.8247524899999985,15.0,1,23,0,6,3,mle,2.507500799078192,-0.35365054390661643
beans,0,10,3,10,3.0,0.6666666666666666,1.4295160741215134,3.5667494393873236,below_1,above_log_er,2.8247524899999985,15.0,1,23,0,6,3,mle_shrunk,2.507500799078192,-0.35365054390661643
beans,0,10,3,14,4.2,0.9333333333333333,2.0013225037701186,4.9934492151422525,below_1,above_log_er,0.6782230728489994,10.714285714285714,0,17,1,7,4,pl,2.533521085505911,0.0
beans,0,10,3,14,4.2,0.9333333333333333,2.0013225037701186,4.9934492151422525,below_1,above_log_er,0.6782230728489994,10.714285714285714,0,17,1,7,4,efficient,2.075379166754055,-0.45814191875185667
beans,0,10,3,14,4.2,0.9333333333333333,2.0013225037701186,4.9934492151422525,below_1,above_log_er,0.6782230728489994,10.714285714285714,0,17,1,7,4,efficient_shrunk,2.075379166754055,-0.45814191875185667
beans,0,10,3,14,4.2,0.9333333333333333,2.0013225037701186,4.9934492151422525,below_1,above_log_er,0.6782230728489994,10.714285714285714,0,17,1,7,4,mle,2.3232351332040317,-0.21028595230187952
beans,0,10,3,14,4.2,0.9333333333333333,2.0013225037701186,4.9934492151422525,below_1,above_log_er,0.6782230728489994,10.714285714285714,0,17,1,7,4,mle_shrunk,1.812984349103809,-0.7205367364021026
beans,0,10,3,30,9.0,2.0,4.28854822236454,10.70024831816197,above_1,above_log_er,0.002253934029069222,5.0,0,6,3,13,7,pl,1.809207233804805,0.0
beans,0,10,3,30,9.0,2.0,4.28854822236454,10.70024831816197,above_1,above_log_er,0.002253934029069222,5.0,0,6,3,13,7,efficient,1.9638192724222288,0.15461203861742343
beans,0,10,3,30,9.0,2.0,4.28854822236454,10.70024831816197,above_1,above_log_er,0.002253934029069222,5.0,0,6,3,13,7,efficient_shrunk,1.9638192724222288,0.15461203861742343
beans,0,10,3,30,9.0,2.0,4.28854822236454,10.70024831816197,above_1,above_log_er,0.002253934029069222,5.0,0,6,3,13,7,mle,2.066292772368114,0.25708553856330935
beans,0,10,3,30,9.0,2.0,4.28854822236454,10.70024831816197,above_1,above_log_er,0.002253934029069222,5.0,0,6,3,13,7,mle_shrunk,1.829227684915261,0.020020451110456115
beans,0,10,3,100,30.0,6.666666666666667,14.295160741215133,35.667494393873234,above_1,above_log_er,3.234476509624738e-14,1.5,0,0,21,37,13,pl,1.8046936498140476,0.0
beans,0,10,3,100,30.0,6.666666666666667,14.295160741215133,35.667494393873234,above_1,above_log_er,3.234476509624738e-14,1.5,0,0,21,37,13,efficient,1.8304326769896548,0.025739027175607217
beans,0,10,3,100,30.0,6.666666666666667,14.295160741215133,35.667494393873234,above_1,above_log_er,3.234476509624738e-14,1.5,0,0,21,37,13,efficient_shrunk,1.791759469228055,-0.012934180585992754
beans,0,10,3,100,30.0,6.666666666666667,14.295160741215133,35.667494393873234,above_1,above_log_er,3.234476509624738e-14,1.5,0,0,21,37,13,mle,1.9147577365030861,0.11006408668903825
beans,0,10,3,100,30.0,6.666666666666667,14.295160741215133,35.667494393873234,above_1,above_log_er,3.234476509624738e-14,1.5,0,0,21,37,13,mle_shrunk,1.791759469228055,-0.012934180585992754
beans,1,10,3,2,0.6,0.13333333333333333,0.28590321482430264,0.7133498878774647,below_1,below_1,48.99999999999999,45.0,4,39,0,1,1,pl,1.8427774408735043,0.0
beans,1,10,3,2,0.6,0.13333333333333333,0.28590321482430264,0.7133498878774647,below_1,below_1,48.99999999999999,45.0,4,39,0,1,1,efficient,14.970505001042925,13.127727560169424
beans,1,10,3,2,0.6,0.13333333333333333,0.28590321482430264,0.7133498878774647,below_1,below_1,48.99999999999999,45.0,4,39,0,1,1,efficient_shrunk,7.498682892627956,5.655905451754451
beans,1,10,3,2,0.6,0.13333333333333333,0.28590321482430264,0.7133498878774647,below_1,below_1,48.99999999999999,45.0,4,39,0,1,1,mle,14.023759438912748,12.180981998039243
beans,1,10,3,2,0.6,0.13333333333333333,0.28590321482430264,0.7133498878774647,below_1,below_1,48.99999999999999,45.0,4,39,0,1,1,mle_shrunk,7.0253101115628676,5.182532670689361
beans,1,10,3,5,1.5,0.3333333333333333,0.7147580370607567,1.7833747196936618,below_1,below_log_er,16.806999999999995,30.0,3,33,0,3,3,pl,1.7830034774872712,0.0
beans,1,10,3,5,1.5,0.3333333333333333,0.7147580370607567,1.7833747196936618,below_1,below_log_er,16.806999999999995,30.0,3,33,0,3,3,efficient,2.728674145362824,0.9456706678755524
beans,1,10,3,5,1.5,0.3333333333333333,0.7147580370607567,1.7833747196936618,below_1,below_log_er,16.806999999999995,30.0,3,33,0,3,3,efficient_shrunk,1.791759469228055,0.00875599174078377
beans,1,10,3,5,1.5,0.3333333333333333,0.7147580370607567,1.7833747196936618,below_1,below_log_er,16.806999999999995,30.0,3,33,0,3,3,mle,2.63460834274937,0.8516048652620988
beans,1,10,3,5,1.5,0.3333333333333333,0.7147580370607567,1.7833747196936618,below_1,below_log_er,16.806999999999995,30.0,3,33,0,3,3,mle_shrunk,1.8245444485714062,0.0415409710841352
beans,1,10,3,10,3.0,0.6666666666666666,1.4295160741215134,3.5667494393873236,below_1,above_log_er,2.8247524899999985,15.0,0,22,1,4,3,pl,1.7878966010740158,0.0
beans,1,10,3,10,3.0,0.6666666666666666,1.4295160741215134,3.5667494393873236,below_1,above_log_er,2.8247524899999985,15.0,0,22,1,4,3,efficient,1.9027285044362738,0.11483190336225818
beans,1,10,3,10,3.0,0.6666666666666666,1.4295160741215134,3.5667494393873236,below_1,above_log_er,2.8247524899999985,15.0,0,22,1,4,3,efficient_shrunk,1.791759469228055,0.0038628681540390777
beans,1,10,3,10,3.0,0.6666666666666666,1.4295160741215134,3.5667494393873236,below_1,above_log_er,2.8247524899999985,15.0,0,22,1,4,3,mle,2.104422588877558,0.3165259878035419
beans,1,10,3,10,3.0,0.6666666666666666,1.4295160741215134,3.5667494393873236,below_1,above_log_er,2.8247524899999985,15.0,0,22,1,4,3,mle_shrunk,1.791759469228055,0.0038628681540390777
beans,1,10,3,14,4.2,0.9333333333333333,2.0013225037701186,4.9934492151422525,below_1,above_log_er,0.6782230728489994,10.714285714285714,0,17,1,7,4,pl,1.7953095669477765,0.0
beans,1,10,3,14,4.2,0.9333333333333333,2.0013225037701186,4.9934492151422525,below_1,above_log_er,0.6782230728489994,10.714285714285714,0,17,1,7,4,efficient,1.8400506110573496,0.044741044109572435
beans,1,10,3,14,4.2,0.9333333333333333,2.0013225037701186,4.9934492151422525,below_1,above_log_er,0.6782230728489994,10.714285714285714,0,17,1,7,4,efficient_shrunk,1.791759469228055,-0.0035500977197216463
beans,1,10,3,14,4.2,0.9333333333333333,2.0013225037701186,4.9934492151422525,below_1,above_log_er,0.6782230728489994,10.714285714285714,0,17,1,7,4,mle,1.9610524336043351,0.1657428666565584
beans,1,10,3,14,4.2,0.9333333333333333,2.0013225037701186,4.9934492151422525,below_1,above_log_er,0.6782230728489994,10.714285714285714,0,17,1,7,4,mle_shrunk,1.7979172208584229,0.0026076539106465024
beans,1,10,3,30,9.0,2.0,4.28854822236454,10.70024831816197,above_1,above_log_er,0.002253934029069222,5.0,0,5,5,12,5,pl,1.786458159562104,0.0
beans,1,10,3,30,9.0,2.0,4.28854822236454,10.70024831816197,above_1,above_log_er,0.002253934029069222,5.0,0,5,5,12,5,efficient,1.8107840225463638,0.024325862984260167
beans,1,10,3,30,9.0,2.0,4.28854822236454,10.70024831816197,above_1,above_log_er,0.002253934029069222,5.0,0,5,5,12,5,efficient_shrunk,1.791759469228055,0.00530130966595094
beans,1,10,3,30,9.0,2.0,4.28854822236454,10.70024831816197,above_1,above_log_er,0.002253934029069222,5.0,0,5,5,12,5,mle,1.9035828793457203,0.11712471978361642
beans,1,10,3,30,9.0,2.0,4.28854822236454,10.70024831816197,above_1,above_log_er,0.002253934029069222,5.0,0,5,5,12,5,mle_shrunk,1.791759469228055,0.00530130966595094
beans,1,10,3,100,30.0,6.666666666666667,14.295160741215133,35.667494393873234,above_1,above_log_er,3.234476509624738e-14,1.5,0,0,25,36,12,pl,1.7888474626597652,0.0
beans,1,10,3,100,30.0,6.666666666666667,14.295160741215133,35.667494393873234,above_1,above_log_er,3.234476509624738e-14,1.5,0,0,25,36,12,efficient,1.806657668373974,0.017810205714208247
beans,1,10,3,100,30.0,6.666666666666667,14.295160741215133,35.667494393873234,above_1,above_log_er,3.234476509624738e-14,1.5,0,0,25,36,12,efficient_shrunk,1.806657668373974,0.017810205714208247
beans,1,10,3,100,30.0,6.666666666666667,14.295160741215133,35.667494393873234,above_1,above_log_er,3.234476509624738e-14,1.5,0,0,25,36,12,mle,1.8359523135921072,0.04710485093234185
beans,1,10,3,100,30.0,6.666666666666667,14.295160741215133,35.667494393873234,above_1,above_log_er,3.234476509624738e-14,1.5,0,0,25,36,12,mle_shrunk,1.8359523135921072,0.04710485093234185
beans,2,10,3,2,0.6,0.13333333333333333,0.28590321482430264,0.7133498878774647,below_1,below_1,48.99999999999999,45.0,5,39,0,2,1,pl,1.7824382986557719,0.0
beans,2,10,3,2,0.6,0.13333333333333333,0.28590321482430264,0.7133498878774647,below_1,below_1,48.99999999999999,45.0,5,39,0,2,1,efficient,2.5315645667616398,0.7491262681058678
beans,2,10,3,2,0.6,0.13333333333333333,0.28590321482430264,0.7133498878774647,below_1,below_1,48.99999999999999,45.0,5,39,0,2,1,efficient_shrunk,1.9897371397978578,0.20729884114208597
beans,2,10,3,2,0.6,0.13333333333333333,0.28590321482430264,0.7133498878774647,below_1,below_1,48.99999999999999,45.0,5,39,0,2,1,mle,14.497132219977837,12.714693921322066
beans,2,10,3,2,0.6,0.13333333333333333,0.28590321482430264,0.7133498878774647,below_1,below_1,48.99999999999999,45.0,5,39,0,2,1,mle_shrunk,7.261996502095411,5.479558203439639
beans,2,10,3,5,1.5,0.3333333333333333,0.7147580370607567,1.7833747196936618,below_1,below_log_er,16.806999999999995,30.0,4,33,0,3,2,pl,1.8591301631423827,0.0
beans,2,10,3,5,1.5,0.3333333333333333,0.7147580370607567,1.7833747196936618,below_1,below_log_er,16.806999999999995,30.0,4,33,0,3,2,efficient,3.613089969865205,1.7539598067228226
beans,2,10,3,5,1.5,0.3333333333333333,0.7147580370607567,1.7833747196936618,below_1,below_log_er,16.806999999999995,30.0,4,33,0,3,2,efficient_shrunk,1.9310419844864746,0.07191182134409185
beans,2,10,3,5,1.5,0.3333333333333333,0.7147580370607567,1.7833747196936618,below_1,below_log_er,16.806999999999995,30.0,4,33,0,3,2,mle,3.681066608969065,1.8219364458266827
beans,2,10,3,5,1.5,0.3333333333333333,0.7147580370607567,1.7833747196936618,below_1,below_log_er,16.806999999999995,30.0,4,33,0,3,2,mle_shrunk,1.791759469228055,-0.06737069391432755
beans,2,10,3,10,3.0,0.6666666666666666,1.4295160741215134,3.5667494393873236,below_1,above_log_er,2.8247524899999985,15.0,0,21,1,6,3,pl,1.7913980374577734,0.0
beans,2,10,3,10,3.0,0.6666666666666666,1.4295160741215134,3.5667494393873236,below_1,above_log_er,2.8247524899999985,15.0,0,21,1,6,3,efficient,2.374585673802019,0.583187636344246
beans,2,10,3,10,3.0,0.6666666666666666,1.4295160741215134,3.5667494393873236,below_1,above_log_er,2.8247524899999985,15.0,0,21,1,6,3,efficient_shrunk,1.791759469228055,0.00036143177028188873
beans,2,10,3,10,3.0,0.6666666666666666,1.4295160741215134,3.5667494393873236,below_1,above_log_er,2.8247524899999985,15.0,0,21,1,6,3,mle,2.643862149284395,0.8524641118266219
beans,2,10,3,10,3.0,0.6666666666666666,1.4295160741215134,3.5667494393873236,below_1,above_log_er,2.8247524899999985,15.0,0,21,1,6,3,mle_shrunk,1.791759469228055,0.00036143177028188873
beans,2,10,3,14,4.2,0.9333333333333333,2.0013225037701186,4.9934492151422525,below_1,above_log_er,0.6782230728489994,10.714285714285714,0,16,1,6,3,pl,1.7786389780298988,0.0
beans,2,10,3,14,4.2,0.9333333333333333,2.0013225037701186,4.9934492151422525,below_1,above_log_er,0.6782230728489994,10.714285714285714,0,16,1,6,3,efficient,1.925809477152946,0.14717049912304692
beans,2,10,3,14,4.2,0.9333333333333333,2.0013225037701186,4.9934492151422525,below_1,above_log_er,0.6782230728489994,10.714285714285714,0,16,1,6,3,efficient_shrunk,1.791759469228055,0.01312049119815621
beans,2,10,3,14,4.2,0.9333333333333333,2.0013225037701186,4.9934492151422525,below_1,above_log_er,0.6782230728489994,10.714285714285714,0,16,1,6,3,mle,2.3160590803479923,0.5374201023180933
beans,2,10,3,14,4.2,0.9333333333333333,2.0013225037701186,4.9934492151422525,below_1,above_log_er,0.6782230728489994,10.714285714285714,0,16,1,6,3,mle_shrunk,1.791759469228055,0.01312049119815621
beans,2,10,3,30,9.0,2.0,4.28854822236454,10.70024831816197,above_1,above_log_er,0.002253934029069222,5.0,0,6,4,14,6,pl,1.8104600239714828,0.0
beans,2,10,3,30,9.0,2.0,4.28854822236454,10.70024831816197,above_1,above_log_er,0.002253934029069222,5.0,0,6,4,14,6,efficient,1.851528370329053,0.04106834635756969
beans,2,10,3,30,9.0,2.0,4.28854822236454,10.70024831816197,above_1,above_log_er,0.002253934029069222,5.0,0,6,4,14,6,efficient_shrunk,1.7858004684007742,-0.024659555570708376
beans,2,10,3,30,9.0,2.0,4.28854822236454,10.70024831816197,above_1,above_log_er,0.002253934029069222,5.0,0,6,4,14,6,mle,1.9704406809768404,0.15998065700535746
beans,2,10,3,30,9.0,2.0,4.28854822236454,10.70024831816197,above_1,above_log_er,0.002253934029069222,5.0,0,6,4,14,6,mle_shrunk,1.8146443273658053,0.004184303394322652
beans,2,10,3,100,30.0,6.666666666666667,14.295160741215133,35.667494393873234,above_1,above_log_er,3.234476509624738e-14,1.5,0,0,23,36,14,pl,1.8110289283948198,0.0
beans,2,10,3,100,30.0,6.666666666666667,14.295160741215133,35.667494393873234,above_1,above_log_er,3.234476509624738e-14,1.5,0,0,23,36,14,efficient,1.7970000676892772,-0.014028860705542464
beans,2,10,3,100,30.0,6.666666666666667,14.295160741215133,35.667494393873234,above_1,above_log_er,3.234476509624738e-14,1.5,0,0,23,36,14,efficient_shrunk,1.781403600056345,-0.02962532833847508
beans,2,10,3,100,30.0,6.666666666666667,14.295160741215133,35.667494393873234,above_1,above_log_er,3.234476509624738e-14,1.5,0,0,23,36,14,mle,1.8257010143670271,0.014672085972207429
beans,2,10,3,100,30.0,6.666666666666667,14.295160741215133,35.667494393873234,above_1,above_log_er,3.234476509624738e-14,1.5,0,0,23,36,14,mle_shrunk,1.7862112387975462,-0.024817689597273776
beans,3,10,3,2,0.6,0.13333333333333333,0.28590321482430264,0.7133498878774647,below_1,below_1,48.99999999999999,45.0,4,39,0,1,1,pl,1.8350802004471778,0.0
beans,3,10,3,2,0.6,0.13333333333333333,0.28590321482430264,0.7133498878774647,below_1,below_1,48.99999999999999,45.0,4,39,0,1,1,efficient,14.91133340340979,13.076253202962613
beans,3,10,3,2,0.6,0.13333333333333333,0.28590321482430264,0.7133498878774647,below_1,below_1,48.99999999999999,45.0,4,39,0,1,1,efficient_shrunk,7.4690970938113885,5.634016893364209
beans,3,10,3,2,0.6,0.13333333333333333,0.28590321482430264,0.7133498878774647,below_1,below_1,48.99999999999999,45.0,4,39,0,1,1,mle,16.508966539504463,14.673886339057287
beans,3,10,3,2,0.6,0.13333333333333333,0.28590321482430264,0.7133498878774647,below_1,below_1,48.99999999999999,45.0,4,39,0,1,1,mle_shrunk,8.267913661858726,6.432833461411546
beans,3,10,3,5,1.5,0.3333333333333333,0.7147580370607567,1.7833747196936618,below_1,below_log_er,16.806999999999995,30.0,0,31,1,3,2,pl,2.001124824219993,0.0
beans,3,10,3,5,1.5,0.3333333333333333,0.7147580370607567,1.7833747196936618,below_1,below_log_er,16.806999999999995,30.0,0,31,1,3,2,efficient,14.792990208143518,12.791865383923522
beans,3,10,3,5,1.5,0.3333333333333333,0.7147580370607567,1.7833747196936618,below_1,below_log_er,16.806999999999995,30.0,0,31,1,3,2,efficient_shrunk,1.791759469228055,-0.20936535499193795
beans,3,10,3,5,1.5,0.3333333333333333,0.7147580370607567,1.7833747196936618,below_1,below_log_er,16.806999999999995,30.0,0,31,1,3,2,mle,15.976422160806239,13.975297336586245
beans,3,10,3,5,1.5,0.3333333333333333,0.7147580370607567,1.7833747196936618,below_1,below_log_er,16.806999999999995,30.0,0,31,1,3,2,mle_shrunk,1.791759469228055,-0.20936535499193795
beans,3,10,3,10,3.0,0.6666666666666666,1.4295160741215134,3.5667494393873236,below_1,above_log_er,2.8247524899999985,15.0,0,24,1,6,3,pl,3.27245421214419,0.0
beans,3,10,3,10,3.0,0.6666666666666666,1.4295160741215134,3.5667494393873236,below_1,above_log_er,2.8247524899999985,15.0,0,24,1,6,3,efficient,2.8885860098056946,-0.38386820233849545
beans,3,10,3,10,3.0,0.6666666666666666,1.4295160741215134,3.5667494393873236,below_1,above_log_er,2.8247524899999985,15.0,0,24,1,6,3,efficient_shrunk,1.8880388653354878,-1.3844153468087026
beans,3,10,3,10,3.0,0.6666666666666666,1.4295160741215134,3.5667494393873236,below_1,above_log_er,2.8247524899999985,15.0,0,24,1,6,3,mle,3.1702472435786864,-0.10220696856550411
beans,3,10,3,10,3.0,0.6666666666666666,1.4295160741215134,3.5667494393873236,below_1,above_log_er,2.8247524899999985,15.0,0,24,1,6,3,mle_shrunk,1.791759469228055,-1.4806947429161352
beans,3,10,3,14,4.2,0.9333333333333333,2.0013225037701186,4.9934492151422525,below_1,above_log_er,0.6782230728489994,10.714285714285714,0,19,1,7,3,pl,1.8100599473527117,0.0
beans,3,10,3,14,4.2,0.9333333333333333,2.0013225037701186,4.9934492151422525,below_1,above_log_er,0.6782230728489994,10.714285714285714,0,19,1,7,3,efficient,2.5957346139174997,0.7856746665647878
beans,3,10,3,14,4.2,0.9333333333333333,2.0013225037701186,4.9934492151422525,below_1,above_log_er,0.6782230728489994,10.714285714285714,0,19,1,7,3,efficient_shrunk,1.791759469228055,-0.018300478124656846
beans,3,10,3,14,4.2,0.9333333333333333,2.0013225037701186,4.9934492151422525,below_1,above_log_er,0.6782230728489994,10.714285714285714,0,19,1,7,3,mle,2.8689311485557383,1.0588712012030268
beans,3,10,3,14,4.2,0.9333333333333333,2.0013225037701186,4.9934492151422525,below_1,above_log_er,0.6782230728489994,10.714285714285714,0,19,1,7,3,mle_shrunk,1.791759469228055,-0.018300478124656846
beans,3,10,3,30,9.0,2.0,4.28854822236454,10.70024831816197,above_1,above_log_er,0.002253934029069222,5.0,0,7,7,12,5,pl,1.804058285541553,0.0
beans,3,10,3,30,9.0,2.0,4.28854822236454,10.70024831816197,above_1,above_log_er,0.002253934029069222,5.0,0,7,7,12,5,efficient,1.883489109225189,0.07943082368363581
beans,3,10,3,30,9.0,2.0,4.28854822236454,10.70024831816197,above_1,above_log_er,0.002253934029069222,5.0,0,7,7,12,5,efficient_shrunk,1.791759469228055,-0.012298816313498221
beans,3,10,3,30,9.0,2.0,4.28854822236454,10.70024831816197,above_1,above_log_er,0.002253934029069222,5.0,0,7,7,12,5,mle,2.000081656354427,0.19602337081287322
beans,3,10,3,30,9.0,2.0,4.28854822236454,10.70024831816197,above_1,above_log_er,0.002253934029069222,5.0,0,7,7,12,5,mle_shrunk,1.791759469228055,-0.012298816313498221
beans,3,10,3,100,30.0,6.666666666666667,14.295160741215133,35.667494393873234,above_1,above_log_er,3.234476509624738e-14,1.5,0,0,20,36,12,pl,1.7820901899957609,0.0
beans,3,10,3,100,30.0,6.666666666666667,14.295160741215133,35.667494393873234,above_1,above_log_er,3.234476509624738e-14,1.5,0,0,20,36,12,efficient,1.7787154467864645,-0.0033747432092961624
beans,3,10,3,100,30.0,6.666666666666667,14.295160741215133,35.667494393873234,above_1,above_log_er,3.234476509624738e-14,1.5,0,0,20,36,12,efficient_shrunk,1.7787154467864645,-0.0033747432092961624
beans,3,10,3,100,30.0,6.666666666666667,14.295160741215133,35.667494393873234,above_1,above_log_er,3.234476509624738e-14,1.5,0,0,20,36,12,mle,1.7880718197919327,0.005981629796171831
beans,3,10,3,100,30.0,6.666666666666667,14.295160741215133,35.667494393873234,above_1,above_log_er,3.234476509624738e-14,1.5,0,0,20,36,12,mle_shrunk,1.782543184763008,0.00045299476724690253
beans,4,10,3,2,0.6,0.13333333333333333,0.28590321482430264,0.7133498878774647,below_1,below_1,48.99999999999999,45.0,6,40,0,2,2,pl,1.7983865272570063,0.0
beans,4,10,3,2,0.6,0.13333333333333333,0.28590321482430264,0.7133498878774647,below_1,below_1,48.99999999999999,45.0,6,40,0,2,2,efficient,2.347075681188542,0.5486891539315356
beans,4,10,3,2,0.6,0.13333333333333333,0.28590321482430264,0.7133498878774647,below_1,below_1,48.99999999999999,45.0,6,40,0,2,2,efficient_shrunk,1.897492697011309,0.09910616975430273
beans,4,10,3,2,0.6,0.13333333333333333,0.28590321482430264,0.7133498878774647,below_1,below_1,48.99999999999999,45.0,6,40,0,2,2,mle,2.65990466107336,0.8615181338163538
beans,4,10,3,2,0.6,0.13333333333333333,0.28590321482430264,0.7133498878774647,below_1,below_1,48.99999999999999,45.0,6,40,0,2,2,mle_shrunk,2.053907186953718,0.2555206596967119
beans,4,10,3,5,1.5,0.3333333333333333,0.7147580370607567,1.7833747196936618,below_1,below_log_er,16.806999999999995,30.0,2,33,0,4,3,pl,2.5787739258145086,0.0
beans,4,10,3,5,1.5,0.3333333333333333,0.7147580370607567,1.7833747196936618,below_1,below_log_er,16.806999999999995,30.0,2,33,0,4,3,efficient,2.154960549862515,-0.4238133759519928
beans,4,10,3,5,1.5,0.3333333333333333,0.7147580370607567,1.7833747196936618,below_1,below_log_er,16.806999999999995,30.0,2,33,0,4,3,efficient_shrunk,2.154960549862515,-0.4238133759519928
beans,4,10,3,5,1.5,0.3333333333333333,0.7147580370607567,1.7833747196936618,below_1,below_log_er,16.806999999999995,30.0,2,33,0,4,3,mle,3.5994946420444327,1.0207207162299246
beans,4,10,3,5,1.5,0.3333333333333333,0.7147580370607567,1.7833747196936618,below_1,below_log_er,16.806999999999995,30.0,2,33,0,4,3,mle_shrunk,1.9276431525312816,-0.6511307732832272
beans,4,10,3,10,3.0,0.6666666666666666,1.4295160741215134,3.5667494393873236,below_1,above_log_er,2.8247524899999985,15.0,1,26,0,6,3,pl,1.7811421990242153,0.0
beans,4,10,3,10,3.0,0.6666666666666666,1.4295160741215134,3.5667494393873236,below_1,above_log_er,2.8247524899999985,15.0,1,26,0,6,3,efficient,1.9376200670012043,0.15647786797698898
beans,4,10,3,10,3.0,0.6666666666666666,1.4295160741215134,3.5667494393873236,below_1,above_log_er,2.8247524899999985,15.0,1,26,0,6,3,efficient_shrunk,1.791759469228055,0.010617270203839627
beans,4,10,3,10,3.0,0.6666666666666666,1.4295160741215134,3.5667494393873236,below_1,above_log_er,2.8247524899999985,15.0,1,26,0,6,3,mle,2.11613786743325,0.3349956684090351
beans,4,10,3,10,3.0,0.6666666666666666,1.4295160741215134,3.5667494393873236,below_1,above_log_er,2.8247524899999985,15.0,1,26,0,6,3,mle_shrunk,1.791759469228055,0.010617270203839627
beans,4,10,3,14,4.2,0.9333333333333333,2.0013225037701186,4.9934492151422525,below_1,above_log_er,0.6782230728489994,10.714285714285714,0,19,1,7,3,pl,1.8559641778920828,0.0
beans,4,10,3,14,4.2,0.9333333333333333,2.0013225037701186,4.9934492151422525,below_1,above_log_er,0.6782230728489994,10.714285714285714,0,19,1,7,3,efficient,1.930366531748073,0.07440235385599066
beans,4,10,3,14,4.2,0.9333333333333333,2.0013225037701186,4.9934492151422525,below_1,above_log_er,0.6782230728489994,10.714285714285714,0,19,1,7,3,efficient_shrunk,1.77958024907427,-0.0763839288178128
beans,4,10,3,14,4.2,0.9333333333333333,2.0013225037701186,4.9934492151422525,below_1,above_log_er,0.6782230728489994,10.714285714285714,0,19,1,7,3,mle,2.3392354535521163,0.4832712756600342
beans,4,10,3,14,4.2,0.9333333333333333,2.0013225037701186,4.9934492151422525,below_1,above_log_er,0.6782230728489994,10.714285714285714,0,19,1,7,3,mle_shrunk,1.791759469228055,-0.06420470866402758
beans,4,10,3,30,9.0,2.0,4.28854822236454,10.70024831816197,above_1,above_log_er,0.002253934029069222,5.0,0,7,5,14,5,pl,1.778414729721212,0.0
beans,4,10,3,30,9.0,2.0,4.28854822236454,10.70024831816197,above_1,above_log_er,0.002253934029069222,5.0,0,7,5,14,5,efficient,1.819896800917708,0.041482071196495864
beans,4,10,3,30,9.0,2.0,4.28854822236454,10.70024831816197,above_1,above_log_er,0.002253934029069222,5.0,0,7,5,14,5,efficient_shrunk,1.791759469228055,0.01334473950684283
beans,4,10,3,30,9.0,2.0,4.28854822236454,10.70024831816197,above_1,above_log_er,0.002253934029069222,5.0,0,7,5,14,5,mle,2.014796712874748,0.23638198315353595
beans,4,10,3,30,9.0,2.0,4.28854822236454,10.70024831816197,above_1,above_log_er,0.002253934029069222,5.0,0,7,5,14,5,mle_shrunk,1.791759469228055,0.01334473950684283
beans,4,10,3,100,30.0,6.666666666666667,14.295160741215133,35.667494393873234,above_1,above_log_er,3.234476509624738e-14,1.5,0,0,22,37,11,pl,1.7910422338601204,0.0
beans,4,10,3,100,30.0,6.666666666666667,14.295160741215133,35.667494393873234,above_1,above_log_er,3.234476509624738e-14,1.5,0,0,22,37,11,efficient,1.7992549427614875,0.00821270890136727
beans,4,10,3,100,30.0,6.666666666666667,14.295160741215133,35.667494393873234,above_1,above_log_er,3.234476509624738e-14,1.5,0,0,22,37,11,efficient_shrunk,1.7935381008148759,0.002495866954755469
beans,4,10,3,100,30.0,6.666666666666667,14.295160741215133,35.667494393873234,above_1,above_log_er,3.234476509624738e-14,1.5,0,0,22,37,11,mle,1.8282022357766985,0.03716000191657802
beans,4,10,3,100,30.0,6.666666666666667,14.295160741215133,35.667494393873234,above_1,above_log_er,3.234476509624738e-14,1.5,0,0,22,37,11,mle_shrunk,1.810383995841901,0.019341761981780597
sushi_b,0,100,10,5,0.5,0.045454545454545456,0.15139655328205695,0.5268025782891316,below_1,below_1,5904.900000000001,2200.0,65,4745,0,5,4,pl,19.873222378426767,0.0
sushi_b,0,100,10,5,0.5,0.045454545454545456,0.15139655328205695,0.5268025782891316,below_1,below_1,5904.900000000001,2200.0,65,4745,0,5,4,efficient,26.694395027341237,6.821172648914471
sushi_b,0,100,10,5,0.5,0.045454545454545456,0.15139655328205695,0.5268025782891316,below_1,below_1,5904.900000000001,2200.0,65,4745,0,5,4,efficient_shrunk,15.104412573075514,-4.76880980535125
sushi_b,0,100,10,5,0.5,0.045454545454545456,0.15139655328205695,0.5268025782891316,below_1,below_1,5904.900000000001,2200.0,65,4745,0,5,4,insertion,41.22293838022501,21.34971600179825
sushi_b,0,100,10,5,0.5,0.045454545454545456,0.15139655328205695,0.5268025782891316,below_1,below_1,5904.900000000001,2200.0,65,4745,0,5,4,insertion_shrunk,15.104412573075514,-4.76880980535125
sushi_b,0,100,10,10,1.0,0.09090909090909091,0.3027931065641139,1.0536051565782631,below_1,below_log_er,3486.784401000001,1100.0,47,4558,0,8,5,pl,15.366444055700033,0.0
sushi_b,0,100,10,10,1.0,0.09090909090909091,0.3027931065641139,1.0536051565782631,below_1,below_log_er,3486.784401000001,1100.0,47,4558,0,8,5,efficient,19.34458671645179,3.9781426607517565
sushi_b,0,100,10,10,1.0,0.09090909090909091,0.3027931065641139,1.0536051565782631,below_1,below_log_er,3486.784401000001,1100.0,47,4558,0,8,5,efficient_shrunk,14.947249721393018,-0.41919433430701564
sushi_b,0,100,10,10,1.0,0.09090909090909091,0.3027931065641139,1.0536051565782631,below_1,below_log_er,3486.784401000001,1100.0,47,4558,0,8,5,insertion,23.54064666226113,8.174202606561096
sushi_b,0,100,10,10,1.0,0.09090909090909091,0.3027931065641139,1.0536051565782631,below_1,below_log_er,3486.784401000001,1100.0,47,4558,0,8,5,insertion_shrunk,15.104412573075514,-0.26203148262451553
sushi_b,0,100,10,25,2.5,0.22727272727272727,0.7569827664102847,2.6340128914456575,below_1,below_log_er,717.897987691853,440.0,29,4122,0,11,5,pl,14.806142683382522,0.0
sushi_b,0,100,10,25,2.5,0.22727272727272727,0.7569827664102847,2.6340128914456575,below_1,below_log_er,717.897987691853,440.0,29,4122,0,11,5,efficient,15.965015731645021,1.1588730482625011
sushi_b,0,100,10,25,2.5,0.22727272727272727,0.7569827664102847,2.6340128914456575,below_1,below_log_er,717.897987691853,440.0,29,4122,0,11,5,efficient_shrunk,14.73214668580169,-0.0739959975808311
sushi_b,0,100,10,25,2.5,0.22727272727272727,0.7569827664102847,2.6340128914456575,below_1,below_log_er,717.897987691853,440.0,29,4122,0,11,5,insertion,17.620494466034824,2.814351782652305
sushi_b,0,100,10,25,2.5,0.22727272727272727,0.7569827664102847,2.6340128914456575,below_1,below_log_er,717.897987691853,440.0,29,4122,0,11,5,insertion_shrunk,14.752939144586922,-0.05320353879559826
sushi_b,0,100,10,50,5.0,0.45454545454545453,1.5139655328205694,5.268025782891315,below_1,above_log_er,51.5377520732012,220.0,16,3627,0,19,8,pl,14.746926476327706,0.0
sushi_b,0,100,10,50,5.0,0.45454545454545453,1.5139655328205694,5.268025782891315,below_1,above_log_er,51.5377520732012,220.0,16,3627,0,19,8,efficient,15.173031788306318,0.4261053119786119
sushi_b,0,100,10,50,5.0,0.45454545454545453,1.5139655328205694,5.268025782891315,below_1,above_log_er,51.5377520732012,220.0,16,3627,0,19,8,efficient_shrunk,14.670702990742473,-0.07622348558523263
sushi_b,0,100,10,50,5.0,0.45454545454545453,1.5139655328205694,5.268025782891315,below_1,above_log_er,51.5377520732012,220.0,16,3627,0,19,8,insertion,15.88257566536483,1.1356491890371234
sushi_b,0,100,10,50,5.0,0.45454545454545453,1.5139655328205694,5.268025782891315,below_1,above_log_er,51.5377520732012,220.0,16,3627,0,19,8,insertion_shrunk,14.723898700195722,-0.02302777613198394
sushi_b,0,100,10,100,10.0,0.9090909090909091,3.027931065641139,10.53605156578263,below_1,above_log_er,0.26561398887587545,110.0,3,2989,0,34,13,pl,15.339342766950825,0.0
sushi_b,0,100,10,100,10.0,0.9090909090909091,3.027931065641139,10.53605156578263,below_1,above_log_er,0.26561398887587545,110.0,3,2989,0,34,13,efficient,14.863188321406927,-0.47615444554389946
sushi_b,0,100,10,100,10.0,0.9090909090909091,3.027931065641139,10.53605156578263,below_1,above_log_er,0.26561398887587545,110.0,3,2989,0,34,13,efficient_shrunk,14.863188321406927,-0.47615444554389946
sushi_b,0,100,10,100,10.0,0.9090909090909091,3.027931065641139,10.53605156578263,below_1,above_log_er,0.26561398887587545,110.0,3,2989,0,34,13,insertion,15.093266648277497,-0.24607611867332543
sushi_b,0,100,10,100,10.0,0.9090909090909091,3.027931065641139,10.53605156578263,below_1,above_log_er,0.26561398887587545,110.0,3,2989,0,34,13,insertion_shrunk,14.671360237373491,-0.6679825295773333
sushi_b,0,100,10,300,30.0,2.727272727272727,9.083793196923416,31.608154697347892,above_1,above_log_er,1.873927703884808e-10,36.66666666666667,0,1869,2,102,33,pl,14.411125462166288,0.0
sushi_b,0,100,10,300,30.0,2.727272727272727,9.083793196923416,31.608154697347892,above_1,above_log_er,1.873927703884808e-10,36.66666666666667,0,1869,2,102,33,efficient,14.379794407321928,-0.03133105484436046
sushi_b,0,100,10,300,30.0,2.727272727272727,9.083793196923416,31.608154697347892,above_1,above_log_er,1.873927703884808e-10,36.66666666666667,0,1869,2,102,33,efficient_shrunk,14.370418794252389,-0.0407066679138984
sushi_b,0,100,10,300,30.0,2.727272727272727,9.083793196923416,31.608154697347892,above_1,above_log_er,1.873927703884808e-10,36.66666666666667,0,1869,2,102,33,insertion,14.426624422421344,0.015498960255056062
sushi_b,0,100,10,300,30.0,2.727272727272727,9.083793196923416,31.608154697347892,above_1,above_log_er,1.873927703884808e-10,36.66666666666667,0,1869,2,102,33,insertion_shrunk,14.451881795674296,0.04075633350800805
sushi_b,1,100,10,5,0.5,0.045454545454545456,0.15139655328205695,0.5268025782891316,below_1,below_1,5904.900000000001,2200.0,67,4744,0,4,2,pl,15.076128015521968,0.0
sushi_b,1,100,10,5,0.5,0.045454545454545456,0.15139655328205695,0.5268025782891316,below_1,below_1,5904.900000000001,2200.0,67,4744,0,4,2,efficient,17.509634526868357,2.4335065113463905
sushi_b,1,100,10,5,0.5,0.045454545454545456,0.15139655328205695,0.5268025782891316,below_1,below_1,5904.900000000001,2200.0,67,4744,0,4,2,efficient_shrunk,15.184772888029796,0.10864487250782702
sushi_b,1,100,10,5,0.5,0.045454545454545456,0.15139655328205695,0.5268025782891316,below_1,below_1,5904.900000000001,2200.0,67,4744,0,4,2,insertion,20.063783041671297,4.98765502614933
sushi_b,1,100,10,5,0.5,0.045454545454545456,0.15139655328205695,0.5268025782891316,below_1,below_1,5904.900000000001,2200.0,67,4744,0,4,2,insertion_shrunk,15.104412573075514,0.02828455755354822
sushi_b,1,100,10,10,1.0,0.09090909090909091,0.3027931065641139,1.0536051565782631,below_1,below_log_er,3486.784401000001,1100.0,53,4577,0,5,4,pl,15.064097414535306,0.0
sushi_b,1,100,10,10,1.0,0.09090909090909091,0.3027931065641139,1.0536051565782631,below_1,below_log_er,3486.784401000001,1100.0,53,4577,0,5,4,efficient,16.868288057916914,1.8041906433816055
sushi_b,1,100,10,10,1.0,0.09090909090909091,0.3027931065641139,1.0536051565782631,below_1,below_log_er,3486.784401000001,1100.0,53,4577,0,5,4,efficient_shrunk,15.104412573075514,0.04031515854021089
sushi_b,1,100,10,10,1.0,0.09090909090909091,0.3027931065641139,1.0536051565782631,below_1,below_log_er,3486.784401000001,1100.0,53,4577,0,5,4,insertion,19.015884930709742,3.951787516174432
sushi_b,1,100,10,10,1.0,0.09090909090909091,0.3027931065641139,1.0536051565782631,below_1,below_log_er,3486.784401000001,1100.0,53,4577,0,5,4,insertion_shrunk,15.104412573075514,0.04031515854021089
sushi_b,1,100,10,25,2.5,0.22727272727272727,0.7569827664102847,2.6340128914456575,below_1,below_log_er,717.897987691853,440.0,29,4097,0,10,6,pl,14.974624157373055,0.0
sushi_b,1,100,10,25,2.5,0.22727272727272727,0.7569827664102847,2.6340128914456575,below_1,below_log_er,717.897987691853,440.0,29,4097,0,10,6,efficient,15.632931276187643,0.6583071188145879
sushi_b,1,100,10,25,2.5,0.22727272727272727,0.7569827664102847,2.6340128914456575,below_1,below_log_er,717.897987691853,440.0,29,4097,0,10,6,efficient_shrunk,15.136347712465707,0.1617235550926531
sushi_b,1,100,10,25,2.5,0.22727272727272727,0.7569827664102847,2.6340128914456575,below_1,below_log_er,717.897987691853,440.0,29,4097,0,10,6,insertion,17.093656057853106,2.1190319004800533
sushi_b,1,100,10,25,2.5,0.22727272727272727,0.7569827664102847,2.6340128914456575,below_1,below_log_er,717.897987691853,440.0,29,4097,0,10,6,insertion_shrunk,15.216775983965478,0.24215182659242251
sushi_b,1,100,10,50,5.0,0.45454545454545453,1.5139655328205694,5.268025782891315,below_1,above_log_er,51.5377520732012,220.0,17,3614,0,17,7,pl,14.942551238113369,0.0
sushi_b,1,100,10,50,5.0,0.45454545454545453,1.5139655328205694,5.268025782891315,below_1,above_log_er,51.5377520732012,220.0,17,3614,0,17,7,efficient,15.05091550654139,0.1083642684280222
sushi_b,1,100,10,50,5.0,0.45454545454545453,1.5139655328205694,5.268025782891315,below_1,above_log_er,51.5377520732012,220.0,17,3614,0,17,7,efficient_shrunk,14.776850724983289,-0.1657005131300792
sushi_b,1,100,10,50,5.0,0.45454545454545453,1.5139655328205694,5.268025782891315,below_1,above_log_er,51.5377520732012,220.0,17,3614,0,17,7,insertion,15.534258557057347,0.5917073189439768
sushi_b,1,100,10,50,5.0,0.45454545454545453,1.5139655328205694,5.268025782891315,below_1,above_log_er,51.5377520732012,220.0,17,3614,0,17,7,insertion_shrunk,14.702214205558327,-0.24033703255504035
sushi_b,1,100,10,100,10.0,0.9090909090909091,3.027931065641139,10.53605156578263,below_1,above_log_er,0.26561398887587545,110.0,7,3044,0,34,12,pl,14.630947383492359,0.0
sushi_b,1,100,10,100,10.0,0.9090909090909091,3.027931065641139,10.53605156578263,below_1,above_log_er,0.26561398887587545,110.0,7,3044,0,34,12,efficient,14.639088197742208,0.008140814249848072
sushi_b,1,100,10,100,10.0,0.9090909090909091,3.027931065641139,10.53605156578263,below_1,above_log_er,0.26561398887587545,110.0,7,3044,0,34,12,efficient_shrunk,14.542337948440336,-0.08860943505202232
sushi_b,1,100,10,100,10.0,0.9090909090909091,3.027931065641139,10.53605156578263,below_1,above_log_er,0.26561398887587545,110.0,7,3044,0,34,12,insertion,14.949393055477016,0.3184456719846566
sushi_b,1,100,10,100,10.0,0.9090909090909091,3.027931065641139,10.53605156578263,below_1,above_log_er,0.26561398887587545,110.0,7,3044,0,34,12,insertion_shrunk,14.616156130705875,-0.014791252786482764
sushi_b,1,100,10,300,30.0,2.727272727272727,9.083793196923416,31.608154697347892,above_1,above_log_er,1.873927703884808e-10,36.66666666666667,0,1855,1,98,32,pl,14.405792744949784,0.0
sushi_b,1,100,10,300,30.0,2.727272727272727,9.083793196923416,31.608154697347892,above_1,above_log_er,1.873927703884808e-10,36.66666666666667,0,1855,1,98,32,efficient,14.336040831188427,-0.06975191376135632
sushi_b,1,100,10,300,30.0,2.727272727272727,9.083793196923416,31.608154697347892,above_1,above_log_er,1.873927703884808e-10,36.66666666666667,0,1855,1,98,32,efficient_shrunk,14.336040831188427,-0.06975191376135632
sushi_b,1,100,10,300,30.0,2.727272727272727,9.083793196923416,31.608154697347892,above_1,above_log_er,1.873927703884808e-10,36.66666666666667,0,1855,1,98,32,insertion,14.396502176696478,-0.009290568253305504
sushi_b,1,100,10,300,30.0,2.727272727272727,9.083793196923416,31.608154697347892,above_1,above_log_er,1.873927703884808e-10,36.66666666666667,0,1855,1,98,32,insertion_shrunk,14.343025456829563,-0.06276728812021892
sushi_b,2,100,10,5,0.5,0.045454545454545456,0.15139655328205695,0.5268025782891316,below_1,below_1,5904.900000000001,2200.0,64,4733,0,3,2,pl,15.04037370342028,0.0
sushi_b,2,100,10,5,0.5,0.045454545454545456,0.15139655328205695,0.5268025782891316,below_1,below_1,5904.900000000001,2200.0,64,4733,0,3,2,efficient,31.333827455514612,16.29345375209433
sushi_b,2,100,10,5,0.5,0.045454545454545456,0.15139655328205695,0.5268025782891316,below_1,below_1,5904.900000000001,2200.0,64,4733,0,3,2,efficient_shrunk,15.104412573075514,0.0640388696552391
sushi_b,2,100,10,5,0.5,0.045454545454545456,0.15139655328205695,0.5268025782891316,below_1,below_1,5904.900000000001,2200.0,64,4733,0,3,2,insertion,44.611869086552716,29.571495383132447
sushi_b,2,100,10,5,0.5,0.045454545454545456,0.15139655328205695,0.5268025782891316,below_1,below_1,5904.900000000001,2200.0,64,4733,0,3,2,insertion_shrunk,15.104412573075514,0.0640388696552391
sushi_b,2,100,10,10,1.0,0.09090909090909091,0.3027931065641139,1.0536051565782631,below_1,below_log_er,3486.784401000001,1100.0,51,4556,0,6,4,pl,14.995613415122264,0.0
sushi_b,2,100,10,10,1.0,0.09090909090909091,0.3027931065641139,1.0536051565782631,below_1,below_log_er,3486.784401000001,1100.0,51,4556,0,6,4,efficient,17.936242649972016,2.940629234849753
sushi_b,2,100,10,10,1.0,0.09090909090909091,0.3027931065641139,1.0536051565782631,below_1,below_log_er,3486.784401000001,1100.0,51,4556,0,6,4,efficient_shrunk,15.104412573075514,0.10879915795325311
sushi_b,2,100,10,10,1.0,0.09090909090909091,0.3027931065641139,1.0536051565782631,below_1,below_log_er,3486.784401000001,1100.0,51,4556,0,6,4,insertion,23.0450953199876,8.049481904865333
sushi_b,2,100,10,10,1.0,0.09090909090909091,0.3027931065641139,1.0536051565782631,below_1,below_log_er,3486.784401000001,1100.0,51,4556,0,6,4,insertion_shrunk,15.104412573075514,0.10879915795325311
sushi_b,2,100,10,25,2.5,0.22727272727272727,0.7569827664102847,2.6340128914456575,below_1,below_log_er,717.897987691853,440.0,24,4078,0,13,5,pl,14.858225353485139,0.0
sushi_b,2,100,10,25,2.5,0.22727272727272727,0.7569827664102847,2.6340128914456575,below_1,below_log_er,717.897987691853,440.0,24,4078,0,13,5,efficient,16.06158862761711,1.203363274131968
sushi_b,2,100,10,25,2.5,0.22727272727272727,0.7569827664102847,2.6340128914456575,below_1,below_log_er,717.897987691853,440.0,24,4078,0,13,5,efficient_shrunk,14.775963594027894,-0.0822617594572443
sushi_b,2,100,10,25,2.5,0.22727272727272727,0.7569827664102847,2.6340128914456575,below_1,below_log_er,717.897987691853,440.0,24,4078,0,13,5,insertion,17.209219508222084,2.3509941547369437
sushi_b,2,100,10,25,2.5,0.22727272727272727,0.7569827664102847,2.6340128914456575,below_1,below_log_er,717.897987691853,440.0,24,4078,0,13,5,insertion_shrunk,14.74147166385511,-0.11675368963002788
sushi_b,2,100,10,50,5.0,0.45454545454545453,1.5139655328205694,5.268025782891315,below_1,above_log_er,51.5377520732012,220.0,11,3538,0,23,8,pl,14.788769458871942,0.0
sushi_b,2,100,10,50,5.0,0.45454545454545453,1.5139655328205694,5.268025782891315,below_1,above_log_er,51.5377520732012,220.0,11,3538,0,23,8,efficient,15.012148613637876,0.2233791547659341
sushi_b,2,100,10,50,5.0,0.45454545454545453,1.5139655328205694,5.268025782891315,below_1,above_log_er,51.5377520732012,220.0,11,3538,0,23,8,efficient_shrunk,14.786215374848357,-0.002554084023585567
sushi_b,2,100,10,50,5.0,0.45454545454545453,1.5139655328205694,5.268025782891315,below_1,above_log_er,51.5377520732012,220.0,11,3538,0,23,8,insertion,15.378104149970394,0.5893346910984503
sushi_b,2,100,10,50,5.0,0.45454545454545453,1.5139655328205694,5.268025782891315,below_1,above_log_er,51.5377520732012,220.0,11,3538,0,23,8,insertion_shrunk,14.732208129525066,-0.05656132934687593
sushi_b,2,100,10,100,10.0,0.9090909090909091,3.027931065641139,10.53605156578263,below_1,above_log_er,0.26561398887587545,110.0,4,2951,0,36,12,pl,14.604934346195503,0.0
sushi_b,2,100,10,100,10.0,0.9090909090909091,3.027931065641139,10.53605156578263,below_1,above_log_er,0.26561398887587545,110.0,4,2951,0,36,12,efficient,14.614829517542145,0.009895171346641555
sushi_b,2,100,10,100,10.0,0.9090909090909091,3.027931065641139,10.53605156578263,below_1,above_log_er,0.26561398887587545,110.0,4,2951,0,36,12,efficient_shrunk,14.523023597324208,-0.0819107488712925
sushi_b,2,100,10,100,10.0,0.9090909090909091,3.027931065641139,10.53605156578263,below_1,above_log_er,0.26561398887587545,110.0,4,2951,0,36,12,insertion,14.7668511961044,0.16191684990889518
sushi_b,2,100,10,100,10.0,0.9090909090909091,3.027931065641139,10.53605156578263,below_1,above_log_er,0.26561398887587545,110.0,4,2951,0,36,12,insertion_shrunk,14.526837159460083,-0.07809718673542151
sushi_b,2,100,10,300,30.0,2.727272727272727,9.083793196923416,31.608154697347892,above_1,above_log_er,1.873927703884808e-10,36.66666666666667,1,1842,0,104,32,pl,14.407049303570869,0.0
sushi_b,2,100,10,300,30.0,2.727272727272727,9.083793196923416,31.608154697347892,above_1,above_log_er,1.873927703884808e-10,36.66666666666667,1,1842,0,104,32,efficient,14.371165670420845,-0.035883633150022756
sushi_b,2,100,10,300,30.0,2.727272727272727,9.083793196923416,31.608154697347892,above_1,above_log_er,1.873927703884808e-10,36.66666666666667,1,1842,0,104,32,efficient_shrunk,14.371165670420845,-0.035883633150022756
sushi_b,2,100,10,300,30.0,2.727272727272727,9.083793196923416,31.608154697347892,above_1,above_log_er,1.873927703884808e-10,36.66666666666667,1,1842,0,104,32,insertion,14.454519268304237,0.047469964733367606
sushi_b,2,100,10,300,30.0,2.727272727272727,9.083793196923416,31.608154697347892,above_1,above_log_er,1.873927703884808e-10,36.66666666666667,1,1842,0,104,32,insertion_shrunk,14.389652421271814,-0.01739688229905296
sushi_b,3,100,10,5,0.5,0.045454545454545456,0.15139655328205695,0.5268025782891316,below_1,below_1,5904.900000000001,2200.0,67,4743,0,4,3,pl,15.017589980082363,0.0
sushi_b,3,100,10,5,0.5,0.045454545454545456,0.15139655328205695,0.5268025782891316,below_1,below_1,5904.900000000001,2200.0,67,4743,0,4,3,efficient,24.495304501020676,9.477714520938317
sushi_b,3,100,10,5,0.5,0.045454545454545456,0.15139655328205695,0.5268025782891316,below_1,below_1,5904.900000000001,2200.0,67,4743,0,4,3,efficient_shrunk,15.104412573075514,0.08682259299315448
sushi_b,3,100,10,5,0.5,0.045454545454545456,0.15139655328205695,0.5268025782891316,below_1,below_1,5904.900000000001,2200.0,67,4743,0,4,3,insertion,36.23565023373672,21.21806025365436
sushi_b,3,100,10,5,0.5,0.045454545454545456,0.15139655328205695,0.5268025782891316,below_1,below_1,5904.900000000001,2200.0,67,4743,0,4,3,insertion_shrunk,15.104412573075514,0.08682259299315448
sushi_b,3,100,10,10,1.0,0.09090909090909091,0.3027931065641139,1.0536051565782631,below_1,below_log_er,3486.784401000001,1100.0,51,4568,0,7,4,pl,14.991730044615382,0.0
sushi_b,3,100,10,10,1.0,0.09090909090909091,0.3027931065641139,1.0536051565782631,below_1,below_log_er,3486.784401000001,1100.0,51,4568,0,7,4,efficient,17.837862088738547,2.8461320441231672
sushi_b,3,100,10,10,1.0,0.09090909090909091,0.3027931065641139,1.0536051565782631,below_1,below_log_er,3486.784401000001,1100.0,51,4568,0,7,4,efficient_shrunk,15.087179351831352,0.09544930721596837
sushi_b,3,100,10,10,1.0,0.09090909090909091,0.3027931065641139,1.0536051565782631,below_1,below_log_er,3486.784401000001,1100.0,51,4568,0,7,4,insertion,20.852141582783137,5.860411538167753
sushi_b,3,100,10,10,1.0,0.09090909090909091,0.3027931065641139,1.0536051565782631,below_1,below_log_er,3486.784401000001,1100.0,51,4568,0,7,4,insertion_shrunk,15.104412573075514,0.11268252846013549
sushi_b,3,100,10,25,2.5,0.22727272727272727,0.7569827664102847,2.6340128914456575,below_1,below_log_er,717.897987691853,440.0,25,4131,0,12,6,pl,14.886961715333127,0.0
sushi_b,3,100,10,25,2.5,0.22727272727272727,0.7569827664102847,2.6340128914456575,below_1,below_log_er,717.897987691853,440.0,25,4131,0,12,6,efficient,15.537479049948844,0.6505173346157171
sushi_b,3,100,10,25,2.5,0.22727272727272727,0.7569827664102847,2.6340128914456575,below_1,below_log_er,717.897987691853,440.0,25,4131,0,12,6,efficient_shrunk,14.78797376935065,-0.09898794598247816
sushi_b,3,100,10,25,2.5,0.22727272727272727,0.7569827664102847,2.6340128914456575,below_1,below_log_er,717.897987691853,440.0,25,4131,0,12,6,insertion,16.69493196363812,1.8079702483049895
sushi_b,3,100,10,25,2.5,0.22727272727272727,0.7569827664102847,2.6340128914456575,below_1,below_log_er,717.897987691853,440.0,25,4131,0,12,6,insertion_shrunk,14.7535108300718,-0.13345088526132787
sushi_b,3,100,10,50,5.0,0.45454545454545453,1.5139655328205694,5.268025782891315,below_1,above_log_er,51.5377520732012,220.0,11,3653,0,20,9,pl,14.7679638534357,0.0
sushi_b,3,100,10,50,5.0,0.45454545454545453,1.5139655328205694,5.268025782891315,below_1,above_log_er,51.5377520732012,220.0,11,3653,0,20,9,efficient,14.911492120484963,0.14352826704926352
sushi_b,3,100,10,50,5.0,0.45454545454545453,1.5139655328205694,5.268025782891315,below_1,above_log_er,51.5377520732012,220.0,11,3653,0,20,9,efficient_shrunk,14.620219150404479,-0.14774470303122292
sushi_b,3,100,10,50,5.0,0.45454545454545453,1.5139655328205694,5.268025782891315,below_1,above_log_er,51.5377520732012,220.0,11,3653,0,20,9,insertion,15.288545188380418,0.5205813349447183
sushi_b,3,100,10,50,5.0,0.45454545454545453,1.5139655328205694,5.268025782891315,below_1,above_log_er,51.5377520732012,220.0,11,3653,0,20,9,insertion_shrunk,14.69985026400129,-0.0681135894344092
sushi_b,3,100,10,100,10.0,0.9090909090909091,3.027931065641139,10.53605156578263,below_1,above_log_er,0.26561398887587545,110.0,3,2958,0,36,14,pl,14.563053024423953,0.0
sushi_b,3,100,10,100,10.0,0.9090909090909091,3.027931065641139,10.53605156578263,below_1,above_log_er,0.26561398887587545,110.0,3,2958,0,36,14,efficient,14.664753909821359,0.10170088539740738
sushi_b,3,100,10,100,10.0,0.9090909090909091,3.027931065641139,10.53605156578263,below_1,above_log_er,0.26561398887587545,110.0,3,2958,0,36,14,efficient_shrunk,14.496541186287965,-0.06651183813598749
sushi_b,3,100,10,100,10.0,0.9090909090909091,3.027931065641139,10.53605156578263,below_1,above_log_er,0.26561398887587545,110.0,3,2958,0,36,14,insertion,15.088340144534413,0.5252871201104635
sushi_b,3,100,10,100,10.0,0.9090909090909091,3.027931065641139,10.53605156578263,below_1,above_log_er,0.26561398887587545,110.0,3,2958,0,36,14,insertion_shrunk,14.570403829154566,0.007350804730614648
sushi_b,3,100,10,300,30.0,2.727272727272727,9.083793196923416,31.608154697347892,above_1,above_log_er,1.873927703884808e-10,36.66666666666667,1,1904,0,102,34,pl,14.4670927452568,0.0
sushi_b,3,100,10,300,30.0,2.727272727272727,9.083793196923416,31.608154697347892,above_1,above_log_er,1.873927703884808e-10,36.66666666666667,1,1904,0,102,34,efficient,14.441572300431421,-0.025520444825378658
sushi_b,3,100,10,300,30.0,2.727272727272727,9.083793196923416,31.608154697347892,above_1,above_log_er,1.873927703884808e-10,36.66666666666667,1,1904,0,102,34,efficient_shrunk,14.4037642116163,-0.0633285336404983
sushi_b,3,100,10,300,30.0,2.727272727272727,9.083793196923416,31.608154697347892,above_1,above_log_er,1.873927703884808e-10,36.66666666666667,1,1904,0,102,34,insertion,14.52354165538773,0.05644891013092903
sushi_b,3,100,10,300,30.0,2.727272727272727,9.083793196923416,31.608154697347892,above_1,above_log_er,1.873927703884808e-10,36.66666666666667,1,1904,0,102,34,insertion_shrunk,14.428407120917006,-0.03868562433979293
sushi_b,4,100,10,5,0.5,0.045454545454545456,0.15139655328205695,0.5268025782891316,below_1,below_1,5904.900000000001,2200.0,63,4735,0,3,3,pl,15.026962088201316,0.0
sushi_b,4,100,10,5,0.5,0.045454545454545456,0.15139655328205695,0.5268025782891316,below_1,below_1,5904.900000000001,2200.0,63,4735,0,3,3,efficient,21.263759202986247,6.236797114784931
sushi_b,4,100,10,5,0.5,0.045454545454545456,0.15139655328205695,0.5268025782891316,below_1,below_1,5904.900000000001,2200.0,63,4735,0,3,3,efficient_shrunk,15.104412573075514,0.07745048487420257
sushi_b,4,100,10,5,0.5,0.045454545454545456,0.15139655328205695,0.5268025782891316,below_1,below_1,5904.900000000001,2200.0,63,4735,0,3,3,insertion,30.04505872580782,15.018096637606504
sushi_b,4,100,10,5,0.5,0.045454545454545456,0.15139655328205695,0.5268025782891316,below_1,below_1,5904.900000000001,2200.0,63,4735,0,3,3,insertion_shrunk,15.104412573075514,0.07745048487420257
sushi_b,4,100,10,10,1.0,0.09090909090909091,0.3027931065641139,1.0536051565782631,below_1,below_log_er,3486.784401000001,1100.0,46,4555,0,5,4,pl,14.977137983903347,0.0
sushi_b,4,100,10,10,1.0,0.09090909090909091,0.3027931065641139,1.0536051565782631,below_1,below_log_er,3486.784401000001,1100.0,46,4555,0,5,4,efficient,17.928238215295455,2.951100231392108
sushi_b,4,100,10,10,1.0,0.09090909090909091,0.3027931065641139,1.0536051565782631,below_1,below_log_er,3486.784401000001,1100.0,46,4555,0,5,4,efficient_shrunk,14.89547848993788,-0.08165949396546791
sushi_b,4,100,10,10,1.0,0.09090909090909091,0.3027931065641139,1.0536051565782631,below_1,below_log_er,3486.784401000001,1100.0,46,4555,0,5,4,insertion,20.777661099309675,5.800523115406326
sushi_b,4,100,10,10,1.0,0.09090909090909091,0.3027931065641139,1.0536051565782631,below_1,below_log_er,3486.784401000001,1100.0,46,4555,0,5,4,insertion_shrunk,14.993973239005955,0.01683525510260546
sushi_b,4,100,10,25,2.5,0.22727272727272727,0.7569827664102847,2.6340128914456575,below_1,below_log_er,717.897987691853,440.0,27,4130,0,12,6,pl,14.906474810602603,0.0
sushi_b,4,100,10,25,2.5,0.22727272727272727,0.7569827664102847,2.6340128914456575,below_1,below_log_er,717.897987691853,440.0,27,4130,0,12,6,efficient,15.45580410039633,0.549329289793727
sushi_b,4,100,10,25,2.5,0.22727272727272727,0.7569827664102847,2.6340128914456575,below_1,below_log_er,717.897987691853,440.0,27,4130,0,12,6,efficient_shrunk,14.809947527829605,-0.09652728277300063
sushi_b,4,100,10,25,2.5,0.22727272727272727,0.7569827664102847,2.6340128914456575,below_1,below_log_er,717.897987691853,440.0,27,4130,0,12,6,insertion,16.818304406049887,1.9118295954472835
sushi_b,4,100,10,25,2.5,0.22727272727272727,0.7569827664102847,2.6340128914456575,below_1,below_log_er,717.897987691853,440.0,27,4130,0,12,6,insertion_shrunk,14.860834604394547,-0.045640206208056415
sushi_b,4,100,10,50,5.0,0.45454545454545453,1.5139655328205694,5.268025782891315,below_1,above_log_er,51.5377520732012,220.0,16,3600,0,19,8,pl,14.752101672882267,0.0
sushi_b,4,100,10,50,5.0,0.45454545454545453,1.5139655328205694,5.268025782891315,below_1,above_log_er,51.5377520732012,220.0,16,3600,0,19,8,efficient,15.131357026762423,0.37925535388015646
sushi_b,4,100,10,50,5.0,0.45454545454545453,1.5139655328205694,5.268025782891315,below_1,above_log_er,51.5377520732012,220.0,16,3600,0,19,8,efficient_shrunk,14.662573110600096,-0.08952856228217065
sushi_b,4,100,10,50,5.0,0.45454545454545453,1.5139655328205694,5.268025782891315,below_1,above_log_er,51.5377520732012,220.0,16,3600,0,19,8,insertion,15.796411237123658,1.0443095642413913
sushi_b,4,100,10,50,5.0,0.45454545454545453,1.5139655328205694,5.268025782891315,below_1,above_log_er,51.5377520732012,220.0,16,3600,0,19,8,insertion_shrunk,14.768196340757294,0.016094667875028536
sushi_b,4,100,10,100,10.0,0.9090909090909091,3.027931065641139,10.53605156578263,below_1,above_log_er,0.26561398887587545,110.0,8,3059,0,40,13,pl,14.74645113509411,0.0
sushi_b,4,100,10,100,10.0,0.9090909090909091,3.027931065641139,10.53605156578263,below_1,above_log_er,0.26561398887587545,110.0,8,3059,0,40,13,efficient,14.829702218186663,0.08325108309255204
sushi_b,4,100,10,100,10.0,0.9090909090909091,3.027931065641139,10.53605156578263,below_1,above_log_er,0.26561398887587545,110.0,8,3059,0,40,13,efficient_shrunk,14.61026824992804,-0.1361828851660693
sushi_b,4,100,10,100,10.0,0.9090909090909091,3.027931065641139,10.53605156578263,below_1,above_log_er,0.26561398887587545,110.0,8,3059,0,40,13,insertion,15.073507124190328,0.32705598909621897
sushi_b,4,100,10,100,10.0,0.9090909090909091,3.027931065641139,10.53605156578263,below_1,above_log_er,0.26561398887587545,110.0,8,3059,0,40,13,insertion_shrunk,14.582461904743125,-0.16398923035098267
sushi_b,4,100,10,300,30.0,2.727272727272727,9.083793196923416,31.608154697347892,above_1,above_log_er,1.873927703884808e-10,36.66666666666667,0,1923,1,107,34,pl,14.430968334964021,0.0
sushi_b,4,100,10,300,30.0,2.727272727272727,9.083793196923416,31.608154697347892,above_1,above_log_er,1.873927703884808e-10,36.66666666666667,0,1923,1,107,34,efficient,14.440979871986972,0.010011537022950741
sushi_b,4,100,10,300,30.0,2.727272727272727,9.083793196923416,31.608154697347892,above_1,above_log_er,1.873927703884808e-10,36.66666666666667,0,1923,1,107,34,efficient_shrunk,14.370078209188883,-0.060890125775139976
sushi_b,4,100,10,300,30.0,2.727272727272727,9.083793196923416,31.608154697347892,above_1,above_log_er,1.873927703884808e-10,36.66666666666667,0,1923,1,107,34,insertion,14.56658335747724,0.13561502251321747
sushi_b,4,100,10,300,30.0,2.727272727272727,9.083793196923416,31.608154697347892,above_1,above_log_er,1.873927703884808e-10,36.66666666666667,0,1923,1,107,34,insertion_shrunk,14.430311119332233,-0.000657215631787965
