dataset,N,method,nll,delta,lo,hi
beans,2,efficient,10.17104880169508,8.3414903208966,7.891035804340625,8.78865984541785
beans,2,efficient_shrunk,5.383164578678252,3.553606097879769,3.337385365629521,3.767820904148901
beans,2,mle,12.887083157901085,11.0575246771026,10.549299286142745,11.549593851251503
beans,2,mle_shrunk,6.5990768639191435,4.769518383120661,4.518627630837794,5.011809777007264
beans,2,pl,1.8295584807984824,0.0,0.0,0.0
beans,5,efficient,5.139723394530325,3.1372871350754328,2.809810516746963,3.471667327883925
beans,5,efficient_shrunk,1.892256188406631,-0.11018007104826186,-0.15879387099832618,-0.06372250407672268
beans,5,mle,8.219756629228916,6.217320369774023,5.719733599478915,6.68802305239949
beans,5,mle_shrunk,1.8254932017573706,-0.17694305769752236,-0.23240531321337213,-0.1220330174573521
beans,5,pl,2.002436259454893,0.0,0.0,0.0
beans,10,efficient,2.2708767651737816,-0.02793171336321887,-0.11525251410946308,0.059463336695142026
beans,10,efficient_shrunk,1.8110153484495417,-0.487793130087459,-0.5834741259396277,-0.39335331037492
beans,10,mle,2.5084341296504165,0.2096256511134157,0.12249335353626756,0.29445342979292444
beans,10,mle_shrunk,1.934907735198083,-0.36390074333891825,-0.44618722613624606,-0.2819993984689453
beans,10,pl,2.2988084785370004,0.0,0.0,0.0
beans,14,efficient,2.073468080125984,0.1187693289803083,0.0647498536914248,0.1736927632647415
beans,14,efficient_shrunk,1.8460475647024979,-0.10865118644317835,-0.15118324253968765,-0.07045931680281131
beans,14,mle,2.361702649852843,0.4070038987071667,0.3368256170308545,0.4760671027718247
beans,14,mle_shrunk,1.7972359955292794,-0.15746275561639686,-0.20296842572478785,-0.11665175366554663
beans,14,pl,1.9546987511456766,0.0,0.0,0.0
beans,30,efficient,1.8659035150881087,0.06818382856787701,0.04440703323470033,0.09327431718687657
beans,30,efficient_shrunk,1.8249796297014331,0.0272599431812021,0.008561718866127771,0.04511260065858832
beans,30,mle,1.9910389403839697,0.19331925386373847,0.1567235744659039,0.23160081561989526
beans,30,mle_shrunk,1.8038300839930466,0.00611039747281489,-0.014552661213994381,0.026517919562198383
beans,30,pl,1.7977196865202312,0.0,0.0,0.0
beans,100,efficient,1.8024121605201715,0.0068716675752688375,-0.007256066928918062,0.020745731239233914
beans,100,efficient_shrunk,1.7904148570519427,-0.0051256358929600634,-0.020231404424601626,0.008801266881015185
beans,100,mle,1.8385370240061703,0.042996531061267475,0.02271748615460812,0.06357172017535186
beans,100,mle_shrunk,1.8013700404445234,0.005829547499620534,-0.011956989514415315,0.022965785894436323
beans,100,pl,1.795540492944903,0.0,0.0,0.0
sushi_b,5,efficient,24.259384142746224,8.25252890961569,8.072036791175043,8.416126222963964
sushi_b,5,efficient_shrunk,15.120484636066374,-0.8863705970641652,-0.9553383776845868,-0.8147140479900956
sushi_b,5,insertion,34.43585989359871,18.429004660468177,18.125182109696226,18.70972643057491
sushi_b,5,insertion_shrunk,15.104412573075514,-0.902442660055021,-0.9741620816952783,-0.8275445867506731
sushi_b,5,pl,16.006855233130537,0.0,0.0,0.0
sushi_b,10,efficient,17.983043545674942,2.904038962899678,2.792077830029833,3.0115077201265725
sushi_b,10,efficient_shrunk,15.027746541862657,-0.05125804091261017,-0.06987992866775891,-0.03287122829334501
sushi_b,10,insertion,21.446285919010254,6.367281336234988,6.187116415765519,6.5351094474605524
sushi_b,10,insertion_shrunk,15.082324706261605,0.0033201234863383285,-0.021303218740809815,0.026819568884263366
sushi_b,10,pl,15.079004582775266,0.0,0.0,0.0
sushi_b,25,efficient,15.73056375715899,0.8440780131237002,0.7630437867414149,0.9218843966762995
sushi_b,25,efficient_shrunk,14.84847585789511,-0.0380098861401802,-0.06305134683385218,-0.012955563281340154
sushi_b,25,insertion,17.087321280359603,2.2008355363243144,2.0860147722810725,2.3164280267815345
sushi_b,25,insertion_shrunk,14.86510644537477,-0.02137929866051765,-0.0463131373210881,0.004134831711428845
sushi_b,25,pl,14.88648574403529,0.0,0.0,0.0
sushi_b,50,efficient,15.055789011146596,0.25612647122039767,0.20368068439407672,0.3078143509623938
sushi_b,50,efficient_shrunk,14.703312270315738,-0.09635026961045819,-0.12257569166163136,-0.06956106427516497
sushi_b,50,insertion,15.57597895957933,0.776316419653132,0.693651995918408,0.8562029520636785
sushi_b,50,insertion_shrunk,14.725273528007543,-0.07438901191865614,-0.10414511897565741,-0.04547213476086545
sushi_b,50,pl,14.799662539926198,0.0,0.0,0.0
sushi_b,100,efficient,14.72231243293986,-0.05463329829149019,-0.10523569306829486,-0.004628528092253648
sushi_b,100,efficient_shrunk,14.607071860677495,-0.1698738705538543,-0.20958868306509862,-0.1304251161726438
sushi_b,100,insertion,14.994271633716732,0.21732590248538167,0.1566030085800241,0.2810109281574717
sushi_b,100,insertion_shrunk,14.593443852287429,-0.18350187894392114,-0.22075932280338717,-0.14483033047189306
sushi_b,100,pl,14.77694573123135,0.0,0.0,0.0
sushi_b,300,efficient,14.393910616269919,-0.030495101911633512,-0.07008742900996309,0.009606347154558428
sushi_b,300,efficient_shrunk,14.37029354333337,-0.054112174848183175,-0.09098363401675749,-0.016969016026269282
sushi_b,300,insertion,14.473554176057405,0.049148457875852924,0.004066292364655353,0.09517712988607009
sushi_b,300,insertion_shrunk,14.408655582804984,-0.015750135376568986,-0.05385617982708151,0.02304354384974748
sushi_b,300,pl,14.424405718181552,0.0,0.0,0.0
