n,r,N,mu,lambda_,coverage_ratio,Vcov,lambda_region,mu_region,unseen_term,reference_shape,initial_depth,required_pilot_reports,half_sample,initial_schedule_fits,exact_sieve_available
8,2,1,0.25,0.03571428571428571,0.1476540272874103,0.2876820724517809,below_1,below_1,48.0,28.0,0,0,0,True,True
8,2,8,2.0,0.2857142857142857,1.1812322182992825,2.301456579614247,below_1,above_log_er,6.4072265625,28.0,0,0,4,True,True
8,2,28,7.0,1.0,4.134312764047489,8.055098028649866,at_1,above_log_er,0.02031867337045501,8.0,0,0,14,True,True
8,2,84,21.0,3.0,12.402938292142467,24.165294085949597,above_1,above_log_er,2.0479818285436665e-09,2.6666666666666665,0,0,42,True,True
8,8,1,1.0,1.0,0.3247342047137871,inf,at_1,below_log_er,0.0,8.0,0,0,0,True,True
8,8,3,3.0,3.0,0.9742026141413613,inf,above_1,below_log_er,0.0,2.6666666666666665,0,0,1,True,True
64,2,60,1.875,0.02976190476190476,1.1074052046555773,1.904921898874818,below_1,above_log_er,609.6251547315677,2016.0,0,0,30,True,False
64,2,605,18.90625,0.30009920634920634,11.166335813610406,19.20796248032108,below_1,above_log_er,1.8640082670542213e-05,213.26280991735538,0,0,302,True,False
64,2,2016,63.0,1.0,37.208814876427404,64.00537580219388,at_1,above_log_er,6.533989390084519e-25,64.0,0,0,1008,True,False
64,2,6048,189.0,3.0,111.6264446292822,192.01612740658163,above_1,above_log_er,1.662705674134947e-80,21.333333333333332,0,0,3024,True,False
64,8,2,0.25,0.027777777777777776,0.08118355117844678,0.26706278524904525,below_1,below_1,3136.0,2016.0,0,0,1,True,False
64,8,22,2.75,0.3055555555555556,0.8930190629629146,2.9376906377394976,below_1,below_log_er,217.03866751504532,209.45454545454544,0,0,11,True,False
64,8,72,9.0,1.0,2.922607842424084,9.61426026896563,at_1,above_log_er,0.27348893848168243,64.0,0,0,36,True,False
64,8,216,27.0,3.0,8.767823527272252,28.842780806896887,above_1,above_log_er,1.219268631697715e-09,21.333333333333332,0,0,108,True,False
64,32,1,0.5,0.24603174603174602,0.11196362948523948,0.6931471805599453,below_1,below_1,2048.0,260.1290322580645,0,0,0,True,False
64,32,4,2.0,0.9841269841269841,0.44785451794095793,2.772588722239781,below_1,below_log_er,256.0,65.03225806451613,0,0,2,True,False
64,32,12,6.0,2.9523809523809526,1.3435635538228738,8.317766166719343,above_1,above_log_er,1.0,21.677419354838708,0,0,6,True,False
512,2,3924,15.328125,0.02999633072407045,9.053037548059345,15.358140936138954,below_1,above_log_er,0.056051089813390596,17068.754332313965,0,0,1962,True,False
512,2,39245,153.30078125,0.30000152886497067,90.54191095147529,153.60097885799522,below_1,above_log_er,5.134313569989507e-62,1706.6579691680467,0,0,19622,True,False
512,2,130816,511.0,1.0,301.8048317754667,512.0006535937699,at_1,above_log_er,1.1467832350416749e-217,512.0,1,1093061330560,65408,False,False
512,2,392448,1533.0,3.0,905.4144953264001,1536.00196078131,above_1,above_log_er,0.0,170.66666666666666,1,1194946678843,196224,False,False
512,8,140,2.1875,0.029965753424657533,0.7103560728114093,2.2047699755394836,below_1,below_log_er,28908.162525183445,17086.17142857143,0,0,70,True,False
512,8,1402,21.90625,0.3000856164383562,7.113708672011399,22.079196469331112,below_1,above_log_er,6.755643608596004e-05,1706.1797432239657,0,0,701,True,False
512,8,4672,73.0,1.0,23.70559694410646,73.57632375514619,at_1,above_log_er,2.915738130539582e-27,512.0,1,39037904663,2336,False,False
512,8,14016,219.0,3.0,71.11679083231938,220.72897126543856,above_1,above_log_er,3.6071624816135805e-91,170.66666666666666,1,42676667102,7008,False,False
512,32,8,0.5,0.030332681017612523,0.11196362948523948,0.5163081691005694,below_1,below_1,156426.42974853516,16879.483870967742,0,0,4,True,False
512,32,79,4.9375,0.29953522504892366,1.10564084116674,5.098543169868123,below_1,above_log_er,1600.5555716067006,1709.3148223764804,0,0,39,True,False
512,32,264,16.5,1.0009784735812133,3.694799773012903,17.03816958031879,above_1,above_log_er,0.010446165243742336,511.4995112414467,1,2203935405,132,False,False
512,32,791,49.4375,2.9991438356164384,11.070403865353054,51.0499702198188,above_1,above_log_er,1.769373645145791e-17,170.7153868113046,1,2409113295,395,False,False
4096,2,251597,122.85009765625,0.030000023847680097,72.55724668638784,122.88010012269851,below_1,above_log_er,7.22055327936974e-47,136533.22479997773,0,0,125798,True,False
4096,2,2515968,1228.5,0.3,725.5718900903344,1228.8000244259888,below_1,above_log_er,0.0,13653.333333333334,2,46310195708569,1257984,False,False
4096,2,8386560,4095.0,1.0,2418.572966967781,4096.000081419963,at_1,above_log_er,0.0,4096.0,2,164989424928197,4193280,False,False
4096,2,25159680,12285.0,3.0,7255.718900903344,12288.000244259887,above_1,above_log_er,0.0,1365.3333333333333,2,178059971459505,12579840,False,False
4096,8,8986,17.55078125,0.03000133547008547,5.699338991324397,17.56794303452891,below_1,above_log_er,0.3936037048615951,136527.25573113732,0,0,4493,True,False
4096,8,89856,175.5,0.3,56.99085292726964,175.67161020594588,below_1,above_log_er,8.5410046130979e-70,13653.333333333334,2,1653935561021,44928,False,False
4096,8,299520,585.0,1.0,189.96950975756548,585.5720340198196,at_1,above_log_er,8.203832114506601e-248,4096.0,2,5892479461722,149760,False,False
4096,8,898560,1755.0,3.0,569.9085292726965,1756.7161020594588,above_1,above_log_er,0.0,1365.3333333333333,2,6359284694984,449280,False,False
4096,32,507,3.9609375,0.02998511904761905,0.8869618773283816,3.9764909727401276,below_1,below_log_er,314594.9950974317,136601.0918114144,0,0,253,True,False
4096,32,5073,39.6328125,0.30002861721611723,8.874867068415936,39.788439259784354,below_1,above_log_er,8.806843560583312e-11,13652.031056256079,2,93376921889,2536,False,False
4096,32,16908,132.09375,0.9999771062271062,29.579391364631707,132.61244451102579,below_1,above_log_er,4.2841731307499107e-51,4096.093775040637,2,332814679380,8454,False,False
4096,32,50725,396.2890625,2.999990460927961,88.73992352560583,397.8451767105384,above_1,above_log_er,2.771756015373491e-166,1365.337674684812,2,358991801651,25362,False,False
