year,method,beta,factor,nll,delta,lo,hi
2010,same_order,1.2264840840315288,1.0,0.7291329234819539,0.07020833165024039,0.050301297442846206,0.09710887060263851
2010,same_order_shrunk,1.2264840840315288,0.5,0.668775135890244,0.009850544058530461,-0.007471866014354799,0.02703556060160882
2011,same_order,1.2275161857605852,1.0,0.6831127277127449,0.059516703075851045,0.0332412475338023,0.08711387490808664
2011,same_order_shrunk,1.2275161857605852,0.5,0.6457007616554651,0.022104737018571123,0.006516715300236824,0.03547987177191999
2012,same_order,1.2476619176069639,1.0,0.6553130033862856,0.05999113578963491,0.04004646414783544,0.08476147098845746
2012,same_order_shrunk,1.2476619176069639,0.5,0.6305397927057822,0.03521792510913141,0.02010005666298165,0.04981821695741405
2013,same_order,1.2069902253507876,1.0,0.6847785045372208,0.06559412116555097,0.04299995320602141,0.0895050412307147
2013,same_order_shrunk,1.2069902253507876,0.25,0.6593893721202433,0.0402049887485738,0.012687675612557221,0.06281262647373137
2014,same_order,1.1782435583601176,1.0,0.7162235555972939,0.0682156533134134,0.04138694334760567,0.09393280087377455
2014,same_order_shrunk,1.1782435583601176,0.5,0.6652875027699705,0.017279600486089827,-0.004882231401929345,0.040106879450979634
2015,same_order,1.2369443462117578,1.0,0.6689705888486226,0.0685864648974828,0.04247363130169055,0.09672445793859806
2015,same_order_shrunk,1.2369443462117578,0.5,0.6380410265885635,0.037656902637423766,0.023026034729091146,0.050940275932896566
2016,same_order,1.273553738164443,1.0,0.6850773265999542,0.0546553877457159,0.02830834975149316,0.08591743902804548
2016,same_order_shrunk,1.273553738164443,0.5,0.6437833884641784,0.013361449609939971,-0.005384835511742754,0.03158185177058399
2017,same_order,1.0467325236888851,1.0,0.7036616239638573,0.047917044922536914,0.015475714943977734,0.07837735911776185
2017,same_order_shrunk,1.0467325236888851,0.25,0.6715298372080709,0.015785258166750717,0.005849899701571006,0.023540090431246476
2018,same_order,0.9412743551466723,1.0,0.6774238120987591,0.020153485124052753,-0.009666180953636807,0.049782200194798586
2018,same_order_shrunk,0.9412743551466723,0.25,0.6694004013727102,0.012130074398003697,0.005885966001714081,0.017790220479644608
2019,same_order,1.0082982429534213,1.0,0.7035955091329912,0.048085843732544244,0.03011492904541315,0.06611502276272514
2019,same_order_shrunk,1.0082982429534213,0.5,0.6687919452647286,0.013282279864281597,-0.0022582554213544086,0.026319517300439396
