dataset,reference,reports,n,r,center_method,center_certified,pair_gap_cells,pair_occurrences,comparable_gaps,comparable_pair_occurrences,comparable_occurrence_share,heterogeneity_sd,h1_heterogeneity_sd,count_min,count_median,count_max,singleton_cells,singleton_occurrence_share,occurrence_share_count_ge5,nll_study,sm_method,pl_method,nll_target,nll_source,sm_nll,pl_nll,delta,paired_repetitions,planned_repetitions,delta_partition_mcse,conditional_delta,delta_status,nll_r,delta_per_pair_scale,heterogeneity_percentage_points,h1_heterogeneity_percentage_points
beans,full_data,842,10,3,exact_subset_dp,True,80,2526,2,2526,1,0.0661496819774058,0.0534486492296459,3,31,65,0,0,0.998812351543943,P1,exact_certified_mle,unpenalized_mm,mean over 30 original confirmation partitions,results/repeated_holdout/scores.csv,1.80639038256333,1.79388333382898,0.0125070487343486,30,30,0.0016636657268698,,complete,3,0.00416901624478287,6.61496819774058,5.34486492296459
sushi_a,full_data,5000,10,10,exact_subset_dp,True,45,225000,8,220000,0.977777777777778,0.0735720466872562,0.0807476605937164,5000,5000,5000,0,0,1,P1,exact_certified_mle,unpenalized_mm,mean over 30 original confirmation partitions,results/repeated_holdout/scores.csv,14.2680947340272,14.2425447058637,0.0255500281635643,30,30,0.0035268153457637,,complete,10,0.000567778403634762,7.35720466872562,8.07476605937164
sushi_b,full_data,5000,100,10,certified_integer_center,True,19543,225000,9,225000,1,0.141962764501091,0.123017634673639,1,4,423,4322,0.0192088888888889,0.909008888888889,P1,exact_certified_mle,unpenalized_mm,mean over 30 original confirmation partitions,results/repeated_holdout/scores.csv,,14.2253369876098,,8,30,,0.0108569953310516,incomplete_not_used_in_association,10,,14.1962764501091,12.3017634673639
00024-00000001,full_data,795,4,4,exact_subset_dp,True,6,4770,2,3975,0.833333333333333,0.0195892852005695,0.0226259749488168,795,795,795,0,0,1,P1,exact_certified_mle,unpenalized_mm,mean over 30 original confirmation partitions,results/repeated_holdout/scores.csv,3.11438184943484,3.12757581845014,-0.013193969015302,30,30,0.0022115323456885,,complete,4,-0.00219899483588367,1.95892852005695,2.26259749488168
00024-00000002,full_data,794,4,4,exact_subset_dp,True,6,4764,2,3970,0.833333333333333,0.00998066133811532,0.00616999935209865,794,794,794,0,0,1,P1,exact_certified_mle,unpenalized_mm,mean over 30 original confirmation partitions,results/repeated_holdout/scores.csv,3.04543791471166,3.06009448495723,-0.0146565702455648,30,30,0.0021188751083637,,complete,4,-0.00244276170759413,0.998066133811532,0.616999935209865
00024-00000003,full_data,800,4,4,exact_subset_dp,True,6,4800,2,4000,0.833333333333333,0.0145129252737,0.0157122563624707,800,800,800,0,0,1,P1,exact_certified_mle,unpenalized_mm,mean over 30 original confirmation partitions,results/repeated_holdout/scores.csv,2.89800315106233,2.90972072613127,-0.0117175750689382,30,30,0.0026354753286397,,complete,4,-0.00195292917815637,1.45129252737,1.57122563624707
00024-00000004,full_data,794,4,4,exact_subset_dp,True,6,4764,2,3970,0.833333333333333,0.0102395348232634,0.0131288797406481,794,794,794,0,0,1,P1,exact_certified_mle,unpenalized_mm,mean over 30 original confirmation partitions,results/repeated_holdout/scores.csv,2.81740407161632,2.85147092005771,-0.0340668484413903,30,30,0.0034972372689562,,complete,4,-0.00567780807356505,1.02395348232634,1.31288797406481
00025-00000001,full_data,793,4,4,exact_subset_dp,True,6,4758,2,3965,0.833333333333333,0.0297026391332909,0.0309403383263185,793,793,793,0,0,1,P1,exact_certified_mle,unpenalized_mm,mean over 30 original confirmation partitions,results/repeated_holdout/scores.csv,3.07802070493506,3.08879223830977,-0.010771533374707,30,30,0.0026317755792,,complete,4,-0.00179525556245117,2.97026391332909,3.09403383263185
00025-00000002,full_data,795,4,4,exact_subset_dp,True,6,4770,2,3975,0.833333333333333,0.0262769674023034,0.0329133784600258,795,795,795,0,0,1,P1,exact_certified_mle,unpenalized_mm,mean over 30 original confirmation partitions,results/repeated_holdout/scores.csv,2.81988843703081,2.87745260709929,-0.057564170068476,30,30,0.0030136076325275,,complete,4,-0.009594028344746,2.62769674023034,3.29133784600258
00025-00000003,full_data,795,4,4,exact_subset_dp,True,6,4770,2,3975,0.833333333333333,0.0192017979283801,0.0227885588959349,795,795,795,0,0,1,P1,exact_certified_mle,unpenalized_mm,mean over 30 original confirmation partitions,results/repeated_holdout/scores.csv,2.84079246189895,2.86100426891551,-0.0202118070165635,30,30,0.0031844644045576,,complete,4,-0.00336863450276058,1.92017979283801,2.27885588959349
00025-00000004,full_data,797,4,4,exact_subset_dp,True,6,4782,2,3985,0.833333333333333,0.0333792445995586,0.0367285627772483,797,797,797,0,0,1,P1,exact_certified_mle,unpenalized_mm,mean over 30 original confirmation partitions,results/repeated_holdout/scores.csv,3.02469997038855,3.03466309383505,-0.0099631234465005,30,30,0.0026725853854337,,complete,4,-0.00166052057441675,3.33792445995586,3.67285627772483
dots2024_A_r2,full_data,300,30,2,certified_integer_center,True,214,300,1,300,1,0.273353657780945,0.273353657780945,1,1,4,145,0.483333333333333,0,P1,exact_certified_mle,unpenalized_mm,mean over 30 original confirmation partitions,results/repeated_holdout/scores.csv,0.796186777362865,,,14,30,,0.200806503162592,incomplete_not_used_in_association,2,,27.3353657780945,27.3353657780945
dots2024_A_r3,full_data,300,30,3,certified_integer_center,True,508,900,2,900,1,0.271726305655498,0.268012230235032,1,2,6,249,0.276666666666667,0.0455555555555556,P1,exact_certified_mle,unpenalized_mm,mean over 30 original confirmation partitions,results/repeated_holdout/scores.csv,1.54831235284244,1.37654100493455,0.171771347907891,30,30,0.0164489609720975,,complete,3,0.057257115969297,27.1726305655498,26.8012230235032
dots2024_A_r5,full_data,300,30,5,certified_integer_center,True,1020,3000,4,3000,1,0.235607069420022,0.213188919270011,1,2,13,310,0.103333333333333,0.426666666666667,P1,exact_certified_mle,unpenalized_mm,mean over 30 original confirmation partitions,results/repeated_holdout/scores.csv,4.17019392242135,4.06335740024042,0.10683652218093,30,30,0.0158997575894224,,complete,5,0.010683652218093,23.5607069420022,21.3188919270011
dots2024_A_r6,full_data,300,30,6,certified_integer_center,True,1265,4500,5,4500,1,0.217447514480518,0.20389043241974,1,3,20,311,0.0691111111111111,0.552444444444444,P1,exact_certified_mle,unpenalized_mm,mean over 30 original confirmation partitions,results/repeated_holdout/scores.csv,5.63072312759151,5.52787616996348,0.102846957628029,30,30,0.021508540706368,,complete,6,0.0068564638418686,21.7447514480518,20.389043241974
dots2024_B_r2,full_data,300,30,2,certified_integer_center,True,221,300,1,300,1,0.334580998331412,0.334580998331412,1,1,4,159,0.53,0,P1,exact_certified_mle,unpenalized_mm,mean over 30 original confirmation partitions,results/repeated_holdout/scores.csv,0.867444629665716,,,23,30,,0.104198769156812,incomplete_not_used_in_association,2,,33.4580998331412,33.4580998331412
dots2024_B_r3,full_data,300,30,3,certified_integer_center,True,511,900,2,900,1,0.328825068883025,0.316649122321011,1,1,6,264,0.293333333333333,0.0522222222222222,P1,exact_certified_mle,unpenalized_mm,mean over 30 original confirmation partitions,results/repeated_holdout/scores.csv,1.79989566924804,1.66156053609358,0.138335133154463,30,30,0.0185885707141782,,complete,3,0.0461117110514877,32.8825068883025,31.6649122321011
dots2024_B_r5,full_data,300,30,5,certified_integer_center,True,1001,3000,4,3000,1,0.253449210299622,0.246424804098906,1,2,13,287,0.0956666666666667,0.436333333333333,P1,exact_certified_mle,unpenalized_mm,mean over 30 original confirmation partitions,results/repeated_holdout/scores.csv,4.45453771579535,4.40226884088267,0.0522688749126775,30,30,0.0168029163786413,,complete,5,0.00522688749126775,25.3449210299622,24.6424804098906
dots2024_B_r6,full_data,300,30,6,certified_integer_center,True,1286,4500,5,4500,1,0.233604258580022,0.205397212311488,1,3,19,301,0.0668888888888889,0.513777777777778,P1,exact_certified_mle,unpenalized_mm,mean over 30 original confirmation partitions,results/repeated_holdout/scores.csv,6.1165902487417,6.13215493854262,-0.0155646898009257,30,30,0.0220186906603227,,complete,6,-0.00103764598672838,23.3604258580022,20.5397212311488
wheat,full_data,493,16,3,exact_subset_dp,True,220,1479,2,1479,1,0.191467739901785,0.196155655139524,1,7,16,17,0.0114942528735632,0.873563218390805,P1,exact_certified_mle,unpenalized_mm,mean over 30 original confirmation partitions,results/repeated_holdout/scores.csv,1.54304591464672,1.39563928680025,0.147406627846473,30,30,0.0100378249870418,,complete,3,0.049135542615491,19.1467739901785,19.6155655139524
sounds,full_data,1380,12,2,exact_subset_dp,True,66,1380,1,1380,1,0.0937103110087643,0.0937103110087643,13,21,32,0,0,1,P1,exact_certified_mle,unpenalized_mm,mean over 30 original confirmation partitions,results/repeated_holdout/scores.csv,0.695152874824111,0.687183817883293,0.0079690569408182,30,30,0.0024888891776128,,complete,2,0.0079690569408182,9.37103110087643,9.37103110087643
patras_cost,full_data,392,36,6,certified_integer_center,True,843,5880,5,5880,1,0.164511197626243,0.179450958630491,4,5,30,0,0,0.960544217687075,P1,exact_certified_mle,unpenalized_mm,mean over 30 original confirmation partitions,results/repeated_holdout/scores.csv,5.19634395112242,4.91840501037169,0.277938940750736,30,30,0.0237128468043986,,complete,6,0.0185292627167157,16.4511197626243,17.9450958630491
patras_population,full_data,392,48,6,certified_integer_center,True,1016,5880,5,5880,1,0.183473823823569,0.197671942314225,4,5,20,0,0,0.931292517006803,P1,exact_certified_mle,unpenalized_mm,mean over 30 original confirmation partitions,results/repeated_holdout/scores.csv,5.71789943943145,,,29,30,,0.0752697902217934,incomplete_not_used_in_association,6,,18.3473823823569,19.7671942314225
atp_2010,full_data,2550,461,2,two_start_insertion_approximation,False,2158,2550,1,2550,1,0.362198316045364,0.362198316045364,1,1,6,1838,0.72078431372549,0.00431372549019608,T1,bounded_shrunk_efficient,ridge,"July-December, both players seen in January-June",89b21645d5f7eb463cc90c4e982c3a66ce805b41/results/exposure/tennis_by_year.csv,0.662394282103969,0.658924591831713,0.0034696902722554,1,1,,,available_temporal,2,0.0034696902722554,36.2198316045364,36.2198316045364
atp_2011,full_data,2652,469,2,two_start_insertion_approximation,False,2260,2652,1,2652,1,0.354125160511569,0.354125160511569,1,1,8,1952,0.73604826546003,0.0109351432880845,T1,bounded_shrunk_efficient,ridge,"July-December, both players seen in January-June",89b21645d5f7eb463cc90c4e982c3a66ce805b41/results/exposure/tennis_by_year.csv,0.650165850202227,0.623596024636894,0.0265698255653332,1,1,,,available_temporal,2,0.0265698255653332,35.4125160511569,35.4125160511569
atp_2012,full_data,2635,454,2,two_start_insertion_approximation,False,2235,2635,1,2635,1,0.345617382505622,0.345617382505622,1,1,8,1921,0.729032258064516,0.0136622390891841,T1,bounded_shrunk_efficient,ridge,"July-December, both players seen in January-June",89b21645d5f7eb463cc90c4e982c3a66ce805b41/results/exposure/tennis_by_year.csv,0.631001452188835,0.595321867596651,0.0356795845921837,1,1,,,available_temporal,2,0.0356795845921837,34.5617382505622,34.5617382505622
atp_2013,full_data,2526,455,2,two_start_insertion_approximation,False,2116,2526,1,2526,1,0.356765084723433,0.356765084723433,1,1,6,1779,0.704275534441805,0.0106888361045131,T1,bounded_shrunk_efficient,ridge,"July-December, both players seen in January-June",89b21645d5f7eb463cc90c4e982c3a66ce805b41/results/exposure/tennis_by_year.csv,0.663565735572768,0.61918438337167,0.0443813522010982,1,1,,,available_temporal,2,0.0443813522010982,35.6765084723433,35.6765084723433
atp_2014,full_data,2538,452,2,two_start_insertion_approximation,False,2158,2538,1,2538,1,0.360504376840045,0.360504376840045,1,1,5,1864,0.734436564223798,0.00591016548463357,T1,bounded_shrunk_efficient,ridge,"July-December, both players seen in January-June",89b21645d5f7eb463cc90c4e982c3a66ce805b41/results/exposure/tennis_by_year.csv,0.663266345863619,0.648007902283881,0.015258443579738,1,1,,,available_temporal,2,0.015258443579738,36.0504376840045,36.0504376840045
atp_2015,full_data,2567,423,2,two_start_insertion_approximation,False,2133,2567,1,2567,1,0.353400957991899,0.353400957991899,1,1,8,1781,0.69380599922088,0.00779119594857811,T1,bounded_shrunk_efficient,ridge,"July-December, both players seen in January-June",89b21645d5f7eb463cc90c4e982c3a66ce805b41/results/exposure/tennis_by_year.csv,0.64121792690744,0.60038412395114,0.0408338029563,1,1,,,available_temporal,2,0.0408338029563,35.3400957991899,35.3400957991899
atp_2016,full_data,2530,427,2,two_start_insertion_approximation,False,2141,2530,1,2530,1,0.358319888690237,0.358319888690237,1,1,6,1823,0.720553359683794,0.00671936758893281,T1,bounded_shrunk_efficient,ridge,"July-December, both players seen in January-June",89b21645d5f7eb463cc90c4e982c3a66ce805b41/results/exposure/tennis_by_year.csv,0.660182350228391,0.630421938854238,0.0297604113741525,1,1,,,available_temporal,2,0.0297604113741525,35.8319888690237,35.8319888690237
atp_2017,full_data,2517,426,2,two_start_insertion_approximation,False,2138,2517,1,2517,1,0.37184355679085,0.37184355679085,1,1,5,1820,0.723083035359555,0.00198649185538339,T1,bounded_shrunk_efficient,ridge,"July-December, both players seen in January-June",89b21645d5f7eb463cc90c4e982c3a66ce805b41/results/exposure/tennis_by_year.csv,0.667556671486011,0.65574457904132,0.0118120924446902,1,1,,,available_temporal,2,0.0118120924446902,37.184355679085,37.184355679085
atp_2018,full_data,2524,434,2,two_start_insertion_approximation,False,2148,2524,1,2524,1,0.373441825773391,0.373441825773391,1,1,5,1835,0.7270206022187,0.00198098256735341,T1,bounded_shrunk_efficient,ridge,"July-December, both players seen in January-June",89b21645d5f7eb463cc90c4e982c3a66ce805b41/results/exposure/tennis_by_year.csv,0.671656173520627,0.657270326974706,0.0143858465459206,1,1,,,available_temporal,2,0.0143858465459206,37.3441825773391,37.3441825773391
atp_2019,full_data,2539,418,2,two_start_insertion_approximation,False,2156,2539,1,2539,1,0.377010070505041,0.377010070505041,1,1,5,1840,0.724694761717211,0.00196927924379677,T1,bounded_shrunk_efficient,ridge,"July-December, both players seen in January-June",89b21645d5f7eb463cc90c4e982c3a66ce805b41/results/exposure/tennis_by_year.csv,0.678817379143735,0.655509665400447,0.0233077137432878,1,1,,,available_temporal,2,0.0233077137432878,37.7010070505041,37.7010070505041
