year,n,r,N,mu,lambda_,coverage_ratio,Vcov,lambda_region,mu_region,unseen_term,reference_shape,unseen_items,unseen_pairs,item_min,item_max,pair_max,target,method,test_matches,nll,brier,delta,lo,hi
2010,461,2,1530,6.637744034707159,0.01442987833631991,3.9203585553099836,6.652184392238148,below_1,above_log_er,274.406804629054,31947.601307189543,195,104640,0,48,4,seen,pl,972,0.6589245918317135,0.23207757878889473,0.0,0.0,0.0
2010,461,2,1530,6.637744034707159,0.01442987833631991,3.9203585553099836,6.652184392238148,below_1,above_log_er,274.406804629054,31947.601307189543,195,104640,0,48,4,seen,efficient,972,0.7078696532091476,0.2530806764729615,0.048945061377434096,0.028535374857528533,0.06909615511069392
2010,461,2,1530,6.637744034707159,0.01442987833631991,3.9203585553099836,6.652184392238148,below_1,above_log_er,274.406804629054,31947.601307189543,195,104640,0,48,4,seen,efficient_shrunk,972,0.662394282103969,0.2347669042622292,0.003469690272255481,-0.01918676999562145,0.025017915380223386
2010,461,2,1530,6.637744034707159,0.01442987833631991,3.9203585553099836,6.652184392238148,below_1,above_log_er,274.406804629054,31947.601307189543,195,104640,0,48,4,seen,insertion,972,0.8394573265694978,0.29837645539939534,0.18053273473778425,0.1468797135076388,0.22026183928158993
2010,461,2,1530,6.637744034707159,0.01442987833631991,3.9203585553099836,6.652184392238148,below_1,above_log_er,274.406804629054,31947.601307189543,195,104640,0,48,4,seen,insertion_shrunk,972,0.6735325563722177,0.24025665482816091,0.014607964540504134,-0.008723519747901238,0.036908759803327286
2010,461,2,1530,6.637744034707159,0.01442987833631991,3.9203585553099836,6.652184392238148,below_1,above_log_er,274.406804629054,31947.601307189543,195,104640,0,48,4,all_catalog,pl,1020,0.6571368646476988,0.2313516783901197,0.0,0.0,0.0
2010,461,2,1530,6.637744034707159,0.01442987833631991,3.9203585553099836,6.652184392238148,below_1,above_log_er,274.406804629054,31947.601307189543,195,104640,0,48,4,all_catalog,efficient,1020,0.7123788391563103,0.25511341791618614,0.05524197450861151,0.03394768243814693,0.07599881760869094
2010,461,2,1530,6.637744034707159,0.01442987833631991,3.9203585553099836,6.652184392238148,below_1,above_log_er,274.406804629054,31947.601307189543,195,104640,0,48,4,all_catalog,efficient_shrunk,1020,0.6646488750775503,0.23586378058722013,0.007512010429851519,-0.01396096961936299,0.029253328017088947
2010,461,2,1530,6.637744034707159,0.01442987833631991,3.9203585553099836,6.652184392238148,below_1,above_log_er,274.406804629054,31947.601307189543,195,104640,0,48,4,all_catalog,insertion,1020,0.8406608529215563,0.2988700926993891,0.18352398827385744,0.14688749294004477,0.22202898252318504
2010,461,2,1530,6.637744034707159,0.01442987833631991,3.9203585553099836,6.652184392238148,below_1,above_log_er,274.406804629054,31947.601307189543,195,104640,0,48,4,all_catalog,insertion_shrunk,1020,0.6738334379602323,0.24040497992597187,0.016696573312533436,-0.006008058432753758,0.038633866854677366
2011,469,2,1593,6.79317697228145,0.014515335410857798,4.012159752133811,6.80770266836961,below_1,above_log_er,243.1072899978357,32310.65536723164,216,108302,0,58,5,seen,pl,965,0.6235960246368938,0.2170078248409464,0.0,0.0,0.0
2011,469,2,1593,6.79317697228145,0.014515335410857798,4.012159752133811,6.80770266836961,below_1,above_log_er,243.1072899978357,32310.65536723164,216,108302,0,58,5,seen,efficient,965,0.6929387117288115,0.24545399214793193,0.06934268709191763,0.04337021501378784,0.09165731549618739
2011,469,2,1593,6.79317697228145,0.014515335410857798,4.012159752133811,6.80770266836961,below_1,above_log_er,243.1072899978357,32310.65536723164,216,108302,0,58,5,seen,efficient_shrunk,965,0.6501658502022271,0.22881799978487657,0.02656982556533323,0.004299953931791495,0.044749772807886966
2011,469,2,1593,6.79317697228145,0.014515335410857798,4.012159752133811,6.80770266836961,below_1,above_log_er,243.1072899978357,32310.65536723164,216,108302,0,58,5,seen,insertion,965,0.7560137739595367,0.26375896655534603,0.13241774932264302,0.09527391185621001,0.1704807394983963
2011,469,2,1593,6.79317697228145,0.014515335410857798,4.012159752133811,6.80770266836961,below_1,above_log_er,243.1072899978357,32310.65536723164,216,108302,0,58,5,seen,insertion_shrunk,965,0.6518087197728657,0.22954993655008576,0.028212695135971768,0.006706452583616899,0.04699237479417197
2011,469,2,1593,6.79317697228145,0.014515335410857798,4.012159752133811,6.80770266836961,below_1,above_log_er,243.1072899978357,32310.65536723164,216,108302,0,58,5,all_catalog,pl,1059,0.624549119306639,0.21755810649132382,0.0,0.0,0.0
2011,469,2,1593,6.79317697228145,0.014515335410857798,4.012159752133811,6.80770266836961,below_1,above_log_er,243.1072899978357,32310.65536723164,216,108302,0,58,5,all_catalog,efficient,1059,0.6984021565035264,0.24788451417765567,0.07385303719688736,0.05018536409174444,0.09534052286405711
2011,469,2,1593,6.79317697228145,0.014515335410857798,4.012159752133811,6.80770266836961,below_1,above_log_er,243.1072899978357,32310.65536723164,216,108302,0,58,5,all_catalog,efficient_shrunk,1059,0.6528975725895845,0.2301420734213653,0.028348453282945506,0.008446824201322029,0.046185463322872024
2011,469,2,1593,6.79317697228145,0.014515335410857798,4.012159752133811,6.80770266836961,below_1,above_log_er,243.1072899978357,32310.65536723164,216,108302,0,58,5,all_catalog,insertion,1059,0.7578655666007634,0.26451620953786903,0.13331644729412448,0.10216618305740399,0.16912265171357216
2011,469,2,1593,6.79317697228145,0.014515335410857798,4.012159752133811,6.80770266836961,below_1,above_log_er,243.1072899978357,32310.65536723164,216,108302,0,58,5,all_catalog,insertion_shrunk,1059,0.6522716679331723,0.22977809916079142,0.027722548626533262,0.0061957775476916095,0.04780173452904559
2012,454,2,1636,7.20704845814978,0.015909599245363754,4.256598918805344,7.222969790115081,below_1,above_log_er,150.38890005517757,28536.23105134474,171,101367,0,54,5,seen,pl,926,0.5953218675966507,0.20582734930324356,0.0,0.0,0.0
2012,454,2,1636,7.20704845814978,0.015909599245363754,4.256598918805344,7.222969790115081,below_1,above_log_er,150.38890005517757,28536.23105134474,171,101367,0,54,5,seen,efficient,926,0.6584748413101968,0.22981531973792554,0.06315297371354604,0.041037977968403284,0.08596614792054438
2012,454,2,1636,7.20704845814978,0.015909599245363754,4.256598918805344,7.222969790115081,below_1,above_log_er,150.38890005517757,28536.23105134474,171,101367,0,54,5,seen,efficient_shrunk,926,0.6310014521888346,0.21954050495788216,0.03567958459218375,0.01313077657488663,0.05460856672543798
2012,454,2,1636,7.20704845814978,0.015909599245363754,4.256598918805344,7.222969790115081,below_1,above_log_er,150.38890005517757,28536.23105134474,171,101367,0,54,5,seen,insertion,926,0.7586127897550157,0.2635447804726511,0.16329092215836497,0.12681481051637236,0.20280881796858236
2012,454,2,1636,7.20704845814978,0.015909599245363754,4.256598918805344,7.222969790115081,below_1,above_log_er,150.38890005517757,28536.23105134474,171,101367,0,54,5,seen,insertion_shrunk,926,0.6497109510806959,0.22852442379915167,0.05438908348404501,0.0275279935091329,0.07690163422485555
2012,454,2,1636,7.20704845814978,0.015909599245363754,4.256598918805344,7.222969790115081,below_1,above_log_er,150.38890005517757,28536.23105134474,171,101367,0,54,5,all_catalog,pl,999,0.6009670850044315,0.20845332320337914,0.0,0.0,0.0
2012,454,2,1636,7.20704845814978,0.015909599245363754,4.256598918805344,7.222969790115081,below_1,above_log_er,150.38890005517757,28536.23105134474,171,101367,0,54,5,all_catalog,efficient,999,0.6779177525593612,0.23841836109218545,0.07695066755492974,0.054672747412828356,0.09974180300349736
2012,454,2,1636,7.20704845814978,0.015909599245363754,4.256598918805344,7.222969790115081,below_1,above_log_er,150.38890005517757,28536.23105134474,171,101367,0,54,5,all_catalog,efficient_shrunk,999,0.6407229078134167,0.22424532593830043,0.0397558228089853,0.019601577472456232,0.057046580212696006
2012,454,2,1636,7.20704845814978,0.015909599245363754,4.256598918805344,7.222969790115081,below_1,above_log_er,150.38890005517757,28536.23105134474,171,101367,0,54,5,all_catalog,insertion,999,0.7771337259676087,0.2710461218177983,0.17616664096317708,0.13775260703813444,0.2174638333392529
2012,454,2,1636,7.20704845814978,0.015909599245363754,4.256598918805344,7.222969790115081,below_1,above_log_er,150.38890005517757,28536.23105134474,171,101367,0,54,5,all_catalog,insertion_shrunk,999,0.6543411851338441,0.2308046182702503,0.05337410012941261,0.02946411117330951,0.07419692517642454
2013,455,2,1581,6.94945054945055,0.01530715980055187,4.1044574442443205,6.964768972775822,below_1,above_log_er,195.55190934477318,29724.652118912083,185,101874,0,51,5,seen,pl,910,0.6191843833716697,0.2152803011022328,0.0,0.0,0.0
2013,455,2,1581,6.94945054945055,0.01530715980055187,4.1044574442443205,6.964768972775822,below_1,above_log_er,195.55190934477318,29724.652118912083,185,101874,0,51,5,seen,efficient,910,0.6913605511189201,0.24566772694515926,0.07217616774725068,0.048274641040047514,0.09910219032946302
2013,455,2,1581,6.94945054945055,0.01530715980055187,4.1044574442443205,6.964768972775822,below_1,above_log_er,195.55190934477318,29724.652118912083,185,101874,0,51,5,seen,efficient_shrunk,910,0.6635657355727679,0.23529332341937576,0.04438135220109824,0.016268240173657484,0.067481546550811
2013,455,2,1581,6.94945054945055,0.01530715980055187,4.1044574442443205,6.964768972775822,below_1,above_log_er,195.55190934477318,29724.652118912083,185,101874,0,51,5,seen,insertion,910,0.7540647040399118,0.26478196560326983,0.13488032066824207,0.10710480149024951,0.16736147299529244
2013,455,2,1581,6.94945054945055,0.01530715980055187,4.1044574442443205,6.964768972775822,below_1,above_log_er,195.55190934477318,29724.652118912083,185,101874,0,51,5,seen,insertion_shrunk,910,0.655403209783057,0.2313116494394878,0.03621882641138727,0.010354411973087067,0.0583654166897671
2013,455,2,1581,6.94945054945055,0.01530715980055187,4.1044574442443205,6.964768972775822,below_1,above_log_er,195.55190934477318,29724.652118912083,185,101874,0,51,5,all_catalog,pl,945,0.6199316381165956,0.21567291133131664,0.0,0.0,0.0
2013,455,2,1581,6.94945054945055,0.01530715980055187,4.1044574442443205,6.964768972775822,below_1,above_log_er,195.55190934477318,29724.652118912083,185,101874,0,51,5,all_catalog,efficient,945,0.6917833371665439,0.24585840702198739,0.0718516990499486,0.04721460629965232,0.09912982295586938
2013,455,2,1581,6.94945054945055,0.01530715980055187,4.1044574442443205,6.964768972775822,below_1,above_log_er,195.55190934477318,29724.652118912083,185,101874,0,51,5,all_catalog,efficient_shrunk,945,0.6636714320846737,0.23534580801550514,0.04373979396807837,0.017681217133143034,0.06471861873508611
2013,455,2,1581,6.94945054945055,0.01530715980055187,4.1044574442443205,6.964768972775822,below_1,above_log_er,195.55190934477318,29724.652118912083,185,101874,0,51,5,all_catalog,insertion,945,0.7532819825327572,0.26445729203381446,0.1333503444161617,0.10536146265188946,0.16295254855309105
2013,455,2,1581,6.94945054945055,0.01530715980055187,4.1044574442443205,6.964768972775822,below_1,above_log_er,195.55190934477318,29724.652118912083,185,101874,0,51,5,all_catalog,insertion_shrunk,945,0.6552075294062684,0.23121509739259294,0.03527589128967283,0.009983266171227292,0.055721216406268
2014,452,2,1589,7.030973451327434,0.01558974157722269,4.152606183357434,7.046574740838671,below_1,above_log_er,177.8231680929539,28993.42479546885,193,100481,0,49,5,seen,pl,905,0.6480079022838806,0.22755974723803257,0.0,0.0,0.0
2014,452,2,1589,7.030973451327434,0.01558974157722269,4.152606183357434,7.046574740838671,below_1,above_log_er,177.8231680929539,28993.42479546885,193,100481,0,49,5,seen,efficient,905,0.7113348908014693,0.2544679552262826,0.06332698851758871,0.04055614790440411,0.08472225116498955
2014,452,2,1589,7.030973451327434,0.01558974157722269,4.152606183357434,7.046574740838671,below_1,above_log_er,177.8231680929539,28993.42479546885,193,100481,0,49,5,seen,efficient_shrunk,905,0.6632663458636185,0.23518768975194268,0.015258443579738018,-0.007432300665353709,0.03753044904201337
2014,452,2,1589,7.030973451327434,0.01558974157722269,4.152606183357434,7.046574740838671,below_1,above_log_er,177.8231680929539,28993.42479546885,193,100481,0,49,5,seen,insertion,905,0.8078423611566238,0.2862093633995674,0.15983445887274306,0.11908139731820433,0.19949534028645227
2014,452,2,1589,7.030973451327434,0.01558974157722269,4.152606183357434,7.046574740838671,below_1,above_log_er,177.8231680929539,28993.42479546885,193,100481,0,49,5,seen,insertion_shrunk,905,0.6671533844319598,0.23711079321127762,0.019145482148079332,-0.007805645246764107,0.045311723467786474
2014,452,2,1589,7.030973451327434,0.01558974157722269,4.152606183357434,7.046574740838671,below_1,above_log_er,177.8231680929539,28993.42479546885,193,100481,0,49,5,all_catalog,pl,949,0.649325738256972,0.22821693998795278,0.0,0.0,0.0
2014,452,2,1589,7.030973451327434,0.01558974157722269,4.152606183357434,7.046574740838671,below_1,above_log_er,177.8231680929539,28993.42479546885,193,100481,0,49,5,all_catalog,efficient,949,0.7143228999525143,0.2558117382390334,0.06499716169554226,0.043956480733510474,0.08556498554958024
2014,452,2,1589,7.030973451327434,0.01558974157722269,4.152606183357434,7.046574740838671,below_1,above_log_er,177.8231680929539,28993.42479546885,193,100481,0,49,5,all_catalog,efficient_shrunk,949,0.6647603504391412,0.23591405011409514,0.015434612182169113,-0.007731616306326567,0.0367107198471234
2014,452,2,1589,7.030973451327434,0.01558974157722269,4.152606183357434,7.046574740838671,below_1,above_log_er,177.8231680929539,28993.42479546885,193,100481,0,49,5,all_catalog,insertion,949,0.8078974508554672,0.286232079669165,0.1585717125984952,0.12118932580875327,0.1954584697127225
2014,452,2,1589,7.030973451327434,0.01558974157722269,4.152606183357434,7.046574740838671,below_1,above_log_er,177.8231680929539,28993.42479546885,193,100481,0,49,5,all_catalog,insertion_shrunk,949,0.6671671568566706,0.23711758551848597,0.01784141859969885,-0.008461623589560423,0.042085888195863196
2015,423,2,1578,7.460992907801418,0.01768007798057208,4.406582601598742,7.478686984228759,below_1,above_log_er,101.09466689702472,23925.233840304183,189,87859,0,52,4,seen,pl,914,0.6003841239511398,0.20804616617168578,0.0,0.0,0.0
2015,423,2,1578,7.460992907801418,0.01768007798057208,4.406582601598742,7.478686984228759,below_1,above_log_er,101.09466689702472,23925.233840304183,189,87859,0,52,4,seen,efficient,914,0.667406765051186,0.23469969448747116,0.06702264110004623,0.04162492514762195,0.09694559653517602
2015,423,2,1578,7.460992907801418,0.01768007798057208,4.406582601598742,7.478686984228759,below_1,above_log_er,101.09466689702472,23925.233840304183,189,87859,0,52,4,seen,efficient_shrunk,914,0.6412179269074397,0.22446845536966273,0.04083380295630001,0.026050625277180054,0.055999909940119004
2015,423,2,1578,7.460992907801418,0.01768007798057208,4.406582601598742,7.478686984228759,below_1,above_log_er,101.09466689702472,23925.233840304183,189,87859,0,52,4,seen,insertion,914,0.7825965635741461,0.2749598682173586,0.18221243962300626,0.14149481426510122,0.22920999408736353
2015,423,2,1578,7.460992907801418,0.01768007798057208,4.406582601598742,7.478686984228759,below_1,above_log_er,101.09466689702472,23925.233840304183,189,87859,0,52,4,seen,insertion_shrunk,914,0.659124853281624,0.23315446411147786,0.05874072933048405,0.03846758489813531,0.07673271762430794
2015,423,2,1578,7.460992907801418,0.01768007798057208,4.406582601598742,7.478686984228759,below_1,above_log_er,101.09466689702472,23925.233840304183,189,87859,0,52,4,all_catalog,pl,989,0.6067813435589429,0.21089797175178393,0.0,0.0,0.0
2015,423,2,1578,7.460992907801418,0.01768007798057208,4.406582601598742,7.478686984228759,below_1,above_log_er,101.09466689702472,23925.233840304183,189,87859,0,52,4,all_catalog,efficient,989,0.6870447445112876,0.24352932115037143,0.0802634009523446,0.05521349319309396,0.10963566289655757
2015,423,2,1578,7.460992907801418,0.01768007798057208,4.406582601598742,7.478686984228759,below_1,above_log_er,101.09466689702472,23925.233840304183,189,87859,0,52,4,all_catalog,efficient_shrunk,989,0.6510369166374905,0.22924197377617164,0.044255573078547654,0.029533081324896137,0.0594965898307805
2015,423,2,1578,7.460992907801418,0.01768007798057208,4.406582601598742,7.478686984228759,below_1,above_log_er,101.09466689702472,23925.233840304183,189,87859,0,52,4,all_catalog,insertion,989,0.8052809153881497,0.2842578049299717,0.19849957182920688,0.1577986082096984,0.24581964690969527
2015,423,2,1578,7.460992907801418,0.01768007798057208,4.406582601598742,7.478686984228759,below_1,above_log_er,101.09466689702472,23925.233840304183,189,87859,0,52,4,all_catalog,insertion_shrunk,989,0.6647959412351249,0.2359499776375042,0.0580145976761819,0.037464043708054756,0.07756677320169848
2016,427,2,1555,7.283372365339578,0.017097118228496664,4.301677047904882,7.300482893043011,below_1,above_log_er,123.110845615296,24974.969131832797,179,89569,0,58,4,seen,pl,921,0.6304219388542381,0.21928668411918698,0.0,0.0,0.0
2016,427,2,1555,7.283372365339578,0.017097118228496664,4.301677047904882,7.300482893043011,below_1,above_log_er,123.110845615296,24974.969131832797,179,89569,0,58,4,seen,efficient,921,0.680353972712599,0.24057231226465192,0.049932033858360876,0.028120334135198485,0.0751363452294295
2016,427,2,1555,7.283372365339578,0.017097118228496664,4.301677047904882,7.300482893043011,below_1,above_log_er,123.110845615296,24974.969131832797,179,89569,0,58,4,seen,efficient_shrunk,921,0.6601823502283908,0.2336150597391224,0.029760411374152595,0.006435806715841903,0.04998532663030767
2016,427,2,1555,7.283372365339578,0.017097118228496664,4.301677047904882,7.300482893043011,below_1,above_log_er,123.110845615296,24974.969131832797,179,89569,0,58,4,seen,insertion,921,0.7906977044763341,0.27851921397297064,0.16027576562209592,0.11106530968730345,0.21296188182479145
2016,427,2,1555,7.283372365339578,0.017097118228496664,4.301677047904882,7.300482893043011,below_1,above_log_er,123.110845615296,24974.969131832797,179,89569,0,58,4,seen,insertion_shrunk,921,0.6616252627942869,0.23438631677582278,0.031203323940048863,0.008555149481798335,0.05171623607038501
2016,427,2,1555,7.283372365339578,0.017097118228496664,4.301677047904882,7.300482893043011,below_1,above_log_er,123.110845615296,24974.969131832797,179,89569,0,58,4,all_catalog,pl,975,0.636915970144337,0.22225890424823888,0.0,0.0,0.0
2016,427,2,1555,7.283372365339578,0.017097118228496664,4.301677047904882,7.300482893043011,below_1,above_log_er,123.110845615296,24974.969131832797,179,89569,0,58,4,all_catalog,efficient,975,0.6947978677972727,0.2470721480419891,0.057881897652936,0.03563571024073463,0.0838660868411426
2016,427,2,1555,7.283372365339578,0.017097118228496664,4.301677047904882,7.300482893043011,below_1,above_log_er,123.110845615296,24974.969131832797,179,89569,0,58,4,all_catalog,efficient_shrunk,975,0.6637933239995591,0.23540783631071743,0.026877353855222358,0.00231464678435447,0.04583479876102432
2016,427,2,1555,7.283372365339578,0.017097118228496664,4.301677047904882,7.300482893043011,below_1,above_log_er,123.110845615296,24974.969131832797,179,89569,0,58,4,all_catalog,insertion,975,0.8057638212716911,0.28470482505986683,0.16884785112735415,0.12160223529500692,0.22166745757914305
2016,427,2,1555,7.283372365339578,0.017097118228496664,4.301677047904882,7.300482893043011,below_1,above_log_er,123.110845615296,24974.969131832797,179,89569,0,58,4,all_catalog,insertion_shrunk,975,0.6653917919931263,0.2362432457565432,0.028475821848789416,0.0056937566882537035,0.0472268121017129
2017,426,2,1497,7.028169014084507,0.016536868268434136,4.150949837544662,7.044718883006752,below_1,above_log_er,158.24742822225207,25760.62124248497,152,89171,0,50,4,seen,pl,972,0.6557445790413203,0.23176979071991471,0.0,0.0,0.0
2017,426,2,1497,7.028169014084507,0.016536868268434136,4.150949837544662,7.044718883006752,below_1,above_log_er,158.24742822225207,25760.62124248497,152,89171,0,50,4,seen,efficient,972,0.7038114312048122,0.25149439271813023,0.04806685216349187,0.019468997012565124,0.07496056407521565
2017,426,2,1497,7.028169014084507,0.016536868268434136,4.150949837544662,7.044718883006752,below_1,above_log_er,158.24742822225207,25760.62124248497,152,89171,0,50,4,seen,efficient_shrunk,972,0.6675566714860106,0.23727336162299095,0.01181209244469025,0.0015977438706753268,0.019735530795803036
2017,426,2,1497,7.028169014084507,0.016536868268434136,4.150949837544662,7.044718883006752,below_1,above_log_er,158.24742822225207,25760.62124248497,152,89171,0,50,4,seen,insertion,972,0.8203781635959335,0.2905966935231209,0.16463358455461308,0.10586447486208683,0.22794279221266522
2017,426,2,1497,7.028169014084507,0.016536868268434136,4.150949837544662,7.044718883006752,below_1,above_log_er,158.24742822225207,25760.62124248497,152,89171,0,50,4,seen,insertion_shrunk,972,0.6688466422640655,0.23794660852031985,0.013102063222745274,0.0028713535330459243,0.022533674022346326
2017,426,2,1497,7.028169014084507,0.016536868268434136,4.150949837544662,7.044718883006752,below_1,above_log_er,158.24742822225207,25760.62124248497,152,89171,0,50,4,all_catalog,pl,1020,0.6572846714560842,0.23252100271352358,0.0,0.0,0.0
2017,426,2,1497,7.028169014084507,0.016536868268434136,4.150949837544662,7.044718883006752,below_1,above_log_er,158.24742822225207,25760.62124248497,152,89171,0,50,4,all_catalog,efficient,1020,0.7116313616555462,0.25503217917622356,0.05434669019946201,0.024515424781933696,0.08219055941574163
2017,426,2,1497,7.028169014084507,0.016536868268434136,4.150949837544662,7.044718883006752,below_1,above_log_er,158.24742822225207,25760.62124248497,152,89171,0,50,4,all_catalog,efficient_shrunk,1020,0.6695116540986941,0.23824434147376333,0.01222698264261,0.003041241253475676,0.020024594993281554
2017,426,2,1497,7.028169014084507,0.016536868268434136,4.150949837544662,7.044718883006752,below_1,above_log_er,158.24742822225207,25760.62124248497,152,89171,0,50,4,all_catalog,insertion,1020,0.8305793829277099,0.2947820431621229,0.17329471147162573,0.11750509064846612,0.23467332444497624
2017,426,2,1497,7.028169014084507,0.016536868268434136,4.150949837544662,7.044718883006752,below_1,above_log_er,158.24742822225207,25760.62124248497,152,89171,0,50,4,all_catalog,insertion_shrunk,1020,0.6713969470970097,0.23920385808733463,0.014112275640925652,0.0038226510608972276,0.02389693031051243
2018,434,2,1493,6.880184331797235,0.015889571205074445,4.0635477002784075,6.896086163447761,below_1,above_log_er,190.56682200738894,27313.512391158743,185,92604,0,44,4,seen,pl,998,0.6572703269747064,0.23244382953088974,0.0,0.0,0.0
2018,434,2,1493,6.880184331797235,0.015889571205074445,4.0635477002784075,6.896086163447761,below_1,above_log_er,190.56682200738894,27313.512391158743,185,92604,0,44,4,seen,efficient,998,0.6875185174104363,0.24563365538748383,0.030248190435729936,0.0027267703645588504,0.05888654236655762
2018,434,2,1493,6.880184331797235,0.015889571205074445,4.0635477002784075,6.896086163447761,below_1,above_log_er,190.56682200738894,27313.512391158743,185,92604,0,44,4,seen,efficient_shrunk,998,0.6716561735206271,0.23929638993966582,0.014385846545920601,0.0080069609468203,0.01920079854498166
2018,434,2,1493,6.880184331797235,0.015889571205074445,4.0635477002784075,6.896086163447761,below_1,above_log_er,190.56682200738894,27313.512391158743,185,92604,0,44,4,seen,insertion,998,0.7984564946734146,0.28604282271761267,0.14118616769870804,0.09114479948119641,0.19975495234441276
2018,434,2,1493,6.880184331797235,0.015889571205074445,4.0635477002784075,6.896086163447761,below_1,above_log_er,190.56682200738894,27313.512391158743,185,92604,0,44,4,seen,insertion_shrunk,998,0.6722927597766276,0.2396433692964947,0.015022432801921181,0.006801409246870062,0.023284977272057094
2018,434,2,1493,6.880184331797235,0.015889571205074445,4.0635477002784075,6.896086163447761,below_1,above_log_er,190.56682200738894,27313.512391158743,185,92604,0,44,4,all_catalog,pl,1031,0.6576044553123855,0.23260478707968513,0.0,0.0,0.0
2018,434,2,1493,6.880184331797235,0.015889571205074445,4.0635477002784075,6.896086163447761,below_1,above_log_er,190.56682200738894,27313.512391158743,185,92604,0,44,4,all_catalog,efficient,1031,0.689787581022731,0.24669023155929823,0.03218312571034545,0.005291274876545363,0.05972619528882877
2018,434,2,1493,6.880184331797235,0.015889571205074445,4.0635477002784075,6.896086163447761,below_1,above_log_er,190.56682200738894,27313.512391158743,185,92604,0,44,4,all_catalog,efficient_shrunk,1031,0.6722234394237009,0.23957870291409789,0.014618984111315165,0.008322489130788618,0.019980354571603683
2018,434,2,1493,6.880184331797235,0.015889571205074445,4.0635477002784075,6.896086163447761,below_1,above_log_er,190.56682200738894,27313.512391158743,185,92604,0,44,4,all_catalog,insertion,1031,0.7982711519483986,0.2859643676648003,0.140666696636013,0.09164889398561629,0.19889570229106973
2018,434,2,1493,6.880184331797235,0.015889571205074445,4.0635477002784075,6.896086163447761,below_1,above_log_er,190.56682200738894,27313.512391158743,185,92604,0,44,4,all_catalog,insertion_shrunk,1031,0.6722464240953737,0.23962046976140314,0.01464196878298811,0.0061793595200601145,0.02335537898452416
2019,418,2,1444,6.909090909090909,0.01656856333115326,4.080620390488431,6.925672748483935,below_1,above_log_er,171.62126762201987,25228.5,184,85839,0,47,4,seen,pl,1012,0.655509665400447,0.2325374933944199,0.0,0.0,0.0
2019,418,2,1444,6.909090909090909,0.01656856333115326,4.080620390488431,6.925672748483935,below_1,above_log_er,171.62126762201987,25228.5,184,85839,0,47,4,seen,efficient,1012,0.7220367151244362,0.2613859797181256,0.0665270497239892,0.0501596213324006,0.08205317421715645
2019,418,2,1444,6.909090909090909,0.01656856333115326,4.080620390488431,6.925672748483935,below_1,above_log_er,171.62126762201987,25228.5,184,85839,0,47,4,seen,efficient_shrunk,1012,0.6788173791437349,0.24286159067289012,0.023307713743287824,0.0016052291011284222,0.042135495566508925
2019,418,2,1444,6.909090909090909,0.01656856333115326,4.080620390488431,6.925672748483935,below_1,above_log_er,171.62126762201987,25228.5,184,85839,0,47,4,seen,insertion,1012,0.8062175882464941,0.2919447242508185,0.1507079228460472,0.12458580623077933,0.18214473921128585
2019,418,2,1444,6.909090909090909,0.01656856333115326,4.080620390488431,6.925672748483935,below_1,above_log_er,171.62126762201987,25228.5,184,85839,0,47,4,seen,insertion_shrunk,1012,0.679679930700814,0.24329618782951412,0.02417026530036693,0.0046015015747924316,0.04220825913949104
2019,418,2,1444,6.909090909090909,0.01656856333115326,4.080620390488431,6.925672748483935,below_1,above_log_er,171.62126762201987,25228.5,184,85839,0,47,4,all_catalog,pl,1095,0.6562383444686184,0.23288755340991993,0.0,0.0,0.0
2019,418,2,1444,6.909090909090909,0.01656856333115326,4.080620390488431,6.925672748483935,below_1,above_log_er,171.62126762201987,25228.5,184,85839,0,47,4,all_catalog,efficient,1095,0.7237268819744286,0.26216892428141697,0.06748853750581031,0.05104236499148017,0.08287138222100549
2019,418,2,1444,6.909090909090909,0.01656856333115326,4.080620390488431,6.925672748483935,below_1,above_log_er,171.62126762201987,25228.5,184,85839,0,47,4,all_catalog,efficient_shrunk,1095,0.6792399208562331,0.2430718031665325,0.02300157638761459,0.0020502929768415916,0.0402874750391569
2019,418,2,1444,6.909090909090909,0.01656856333115326,4.080620390488431,6.925672748483935,below_1,above_log_er,171.62126762201987,25228.5,184,85839,0,47,4,all_catalog,insertion,1095,0.8066112913518915,0.2921145916340961,0.15037294688327327,0.1272697425532206,0.17844592168288387
2019,418,2,1444,6.909090909090909,0.01656856333115326,4.080620390488431,6.925672748483935,below_1,above_log_er,171.62126762201987,25228.5,184,85839,0,47,4,all_catalog,insertion_shrunk,1095,0.6797783564771632,0.24334490243527973,0.023540012008544938,0.004973760551495153,0.03958365468107692
